2026-08-31T01:39:23.562-04:00  WARN 20072 --- [backend] [HikariPool-1 housekeeper] com.zaxxer.hikari.pool.HikariPool        : HikariPool-1 - Thread starvation or clock leap detected (housekeeper delta=3h1m54s234ms133µs300ns).
2026-08-31T01:39:23.606-04:00 DEBUG 20072 --- [backend] [HikariPool-1 housekeeper] com.zaxxer.hikari.pool.HikariPool        : HikariPool-1 - Pool stats (total=10, active=0, idle=10, waiting=0)
2026-08-31T01:39:23.606-04:00 DEBUG 20072 --- [backend] [HikariPool-1 housekeeper] com.zaxxer.hikari.pool.HikariPool        : HikariPool-1 - Fill pool skipped, pool has sufficient level or currently being filled.
2026-08-31T01:39:23.606-04:00 DEBUG 20072 --- [backend] [HikariPool-1 connection closer] com.zaxxer.hikari.pool.PoolBase          : HikariPool-1 - Closing connection com.mysql.cj.jdbc.ConnectionImpl@470264f2: (connection has passed maxLifetime)
2026-08-31T01:39:23.612-04:00 DEBUG 20072 --- [backend] [HikariPool-1 connection closer] com.zaxxer.hikari.pool.PoolBase          : HikariPool-1 - Closing connection com.mysql.cj.jdbc.ConnectionImpl@3106e923: (connection has passed maxLifetime)
2026-08-31T01:39:23.615-04:00 DEBUG 20072 --- [backend] [HikariPool-1 connection closer] com.zaxxer.hikari.pool.PoolBase          : HikariPool-1 - Closing connection com.mysql.cj.jdbc.ConnectionImpl@3e578ff3: (connection has passed maxLifetime)
2026-08-31T01:39:23.618-04:00 DEBUG 20072 --- [backend] [HikariPool-1 connection closer] com.zaxxer.hikari.pool.PoolBase          : HikariPool-1 - Closing connection com.mysql.cj.jdbc.ConnectionImpl@4ccaac: (connection has passed maxLifetime)
2026-08-31T01:39:23.620-04:00 DEBUG 20072 --- [backend] [HikariPool-1 connection closer] com.zaxxer.hikari.pool.PoolBase          : HikariPool-1 - Closing connection com.mysql.cj.jdbc.ConnectionImpl@6feca9b6: (connection has passed maxLifetime)
2026-08-31T01:39:23.627-04:00 DEBUG 20072 --- [backend] [HikariPool-1 connection closer] com.zaxxer.hikari.pool.PoolBase          : HikariPool-1 - Closing connection com.mysql.cj.jdbc.ConnectionImpl@24add56d: (connection has passed maxLifetime)
2026-08-31T01:39:23.632-04:00 DEBUG 20072 --- [backend] [HikariPool-1 connection closer] com.zaxxer.hikari.pool.PoolBase          : HikariPool-1 - Closing connection com.mysql.cj.jdbc.ConnectionImpl@1f457a87: (connection has passed maxLifetime)
2026-08-31T01:39:23.646-04:00 DEBUG 20072 --- [backend] [HikariPool-1 connection closer] com.zaxxer.hikari.pool.PoolBase          : HikariPool-1 - Closing connection com.mysql.cj.jdbc.ConnectionImpl@5e7870bc: (connection has passed maxLifetime)
2026-08-31T01:39:23.715-04:00 DEBUG 20072 --- [backend] [HikariPool-1 connection closer] com.zaxxer.hikari.pool.PoolBase          : HikariPool-1 - Closing connection com.mysql.cj.jdbc.ConnectionImpl@4171c097: (connection has passed maxLifetime)
2026-08-31T01:39:23.821-04:00 DEBUG 20072 --- [backend] [HikariPool-1 connection closer] com.zaxxer.hikari.pool.PoolBase          : HikariPool-1 - Closing connection com.mysql.cj.jdbc.ConnectionImpl@9134de8: (connection has passed maxLifetime)
2026-08-31T01:39:23.851-04:00 DEBUG 20072 --- [backend] [HikariPool-1 connection adder] com.zaxxer.hikari.pool.HikariPool        : HikariPool-1 - Added connection com.mysql.cj.jdbc.ConnectionImpl@62bca098
2026-08-31T01:39:23.890-04:00 DEBUG 20072 --- [backend] [HikariPool-1 connection adder] com.zaxxer.hikari.pool.HikariPool        : HikariPool-1 - Connection not added, stats (total=1, active=0, idle=1, waiting=0)
2026-08-31T01:39:23.921-04:00 DEBUG 20072 --- [backend] [HikariPool-1 connection adder] com.zaxxer.hikari.pool.HikariPool        : HikariPool-1 - Added connection com.mysql.cj.jdbc.ConnectionImpl@2381aaa3
2026-08-31T01:39:23.959-04:00 DEBUG 20072 --- [backend] [HikariPool-1 connection adder] com.zaxxer.hikari.pool.HikariPool        : HikariPool-1 - Connection not added, stats (total=2, active=0, idle=2, waiting=0)
2026-08-31T01:39:23.998-04:00 DEBUG 20072 --- [backend] [HikariPool-1 connection adder] com.zaxxer.hikari.pool.HikariPool        : HikariPool-1 - Added connection com.mysql.cj.jdbc.ConnectionImpl@1268ef9d
2026-08-31T01:39:24.031-04:00 DEBUG 20072 --- [backend] [HikariPool-1 connection adder] com.zaxxer.hikari.pool.HikariPool        : HikariPool-1 - Connection not added, stats (total=3, active=0, idle=3, waiting=0)
2026-08-31T01:39:24.494-04:00 DEBUG 20072 --- [backend] [HikariPool-1 connection adder] com.zaxxer.hikari.pool.HikariPool        : HikariPool-1 - Added connection com.mysql.cj.jdbc.ConnectionImpl@43ae55ec
2026-08-31T01:39:24.613-04:00 DEBUG 20072 --- [backend] [HikariPool-1 connection adder] com.zaxxer.hikari.pool.HikariPool        : HikariPool-1 - Connection not added, stats (total=4, active=0, idle=4, waiting=0)
2026-08-31T01:39:25.143-04:00 DEBUG 20072 --- [backend] [HikariPool-1 connection adder] com.zaxxer.hikari.pool.HikariPool        : HikariPool-1 - Added connection com.mysql.cj.jdbc.ConnectionImpl@3a3ae7fe
2026-08-31T01:39:25.258-04:00 DEBUG 20072 --- [backend] [HikariPool-1 connection adder] com.zaxxer.hikari.pool.HikariPool        : HikariPool-1 - Connection not added, stats (total=5, active=0, idle=5, waiting=0)
2026-08-31T01:39:26.365-04:00 DEBUG 20072 --- [backend] [HikariPool-1 connection adder] com.zaxxer.hikari.pool.HikariPool        : HikariPool-1 - Added connection com.mysql.cj.jdbc.ConnectionImpl@47e06aeb
2026-08-31T01:39:26.402-04:00 DEBUG 20072 --- [backend] [HikariPool-1 connection adder] com.zaxxer.hikari.pool.HikariPool        : HikariPool-1 - Connection not added, stats (total=6, active=0, idle=6, waiting=0)
2026-08-31T01:39:26.787-04:00 DEBUG 20072 --- [backend] [HikariPool-1 connection adder] com.zaxxer.hikari.pool.HikariPool        : HikariPool-1 - Added connection com.mysql.cj.jdbc.ConnectionImpl@1a8ff838
2026-08-31T01:39:26.828-04:00 DEBUG 20072 --- [backend] [HikariPool-1 connection adder] com.zaxxer.hikari.pool.HikariPool        : HikariPool-1 - Connection not added, stats (total=7, active=0, idle=7, waiting=0)
2026-08-31T01:39:27.080-04:00 DEBUG 20072 --- [backend] [HikariPool-1 connection adder] com.zaxxer.hikari.pool.HikariPool        : HikariPool-1 - Added connection com.mysql.cj.jdbc.ConnectionImpl@2a5fa49d
2026-08-31T01:39:27.129-04:00 DEBUG 20072 --- [backend] [HikariPool-1 connection adder] com.zaxxer.hikari.pool.HikariPool        : HikariPool-1 - Connection not added, stats (total=8, active=0, idle=8, waiting=0)
2026-08-31T01:39:27.345-04:00 DEBUG 20072 --- [backend] [HikariPool-1 connection adder] com.zaxxer.hikari.pool.HikariPool        : HikariPool-1 - Added connection com.mysql.cj.jdbc.ConnectionImpl@77a113d
2026-08-31T01:39:27.390-04:00 DEBUG 20072 --- [backend] [HikariPool-1 connection adder] com.zaxxer.hikari.pool.HikariPool        : HikariPool-1 - Connection not added, stats (total=9, active=0, idle=9, waiting=0)
2026-08-31T01:39:27.501-04:00 DEBUG 20072 --- [backend] [HikariPool-1 connection adder] com.zaxxer.hikari.pool.HikariPool        : HikariPool-1 - Added connection com.mysql.cj.jdbc.ConnectionImpl@5f91cbb1
2026-08-31T01:39:27.538-04:00 DEBUG 20072 --- [backend] [HikariPool-1 connection adder] com.zaxxer.hikari.pool.HikariPool        : HikariPool-1 - Connection not added, stats (total=10, active=0, idle=10, waiting=0)
2026-08-31T01:39:27.571-04:00 DEBUG 20072 --- [backend] [HikariPool-1 connection adder] com.zaxxer.hikari.pool.HikariPool        : HikariPool-1 - Connection not added, stats (total=10, active=0, idle=10, waiting=0)
2026-08-31T01:39:53.622-04:00 DEBUG 20072 --- [backend] [HikariPool-1 housekeeper] com.zaxxer.hikari.pool.HikariPool        : HikariPool-1 - Pool stats (total=10, active=0, idle=10, waiting=0)
2026-08-31T01:39:53.623-04:00 DEBUG 20072 --- [backend] [HikariPool-1 housekeeper] com.zaxxer.hikari.pool.HikariPool        : HikariPool-1 - Fill pool skipped, pool has sufficient level or currently being filled.
2026-08-31T01:40:23.624-04:00 DEBUG 20072 --- [backend] [HikariPool-1 housekeeper] com.zaxxer.hikari.pool.HikariPool        : HikariPool-1 - Pool stats (total=10, active=0, idle=10, waiting=0)
2026-08-31T01:40:23.624-04:00 DEBUG 20072 --- [backend] [HikariPool-1 housekeeper] com.zaxxer.hikari.pool.HikariPool        : HikariPool-1 - Fill pool skipped, pool has sufficient level or currently being filled.
2026-08-31T01:40:53.641-04:00 DEBUG 20072 --- [backend] [HikariPool-1 housekeeper] com.zaxxer.hikari.pool.HikariPool        : HikariPool-1 - Pool stats (total=10, active=0, idle=10, waiting=0)
2026-08-31T01:40:53.641-04:00 DEBUG 20072 --- [backend] [HikariPool-1 housekeeper] com.zaxxer.hikari.pool.HikariPool        : HikariPool-1 - Fill pool skipped, pool has sufficient level or currently being filled.
2026-08-31T01:41:23.649-04:00 DEBUG 20072 --- [backend] [HikariPool-1 housekeeper] com.zaxxer.hikari.pool.HikariPool        : HikariPool-1 - Pool stats (total=10, active=0, idle=10, waiting=0)
2026-08-31T01:41:23.649-04:00 DEBUG 20072 --- [backend] [HikariPool-1 housekeeper] com.zaxxer.hikari.pool.HikariPool        : HikariPool-1 - Fill pool skipped, pool has sufficient level or currently being filled.
2026-08-31T01:41:53.664-04:00 DEBUG 20072 --- [backend] [HikariPool-1 housekeeper] com.zaxxer.hikari.pool.HikariPool        : HikariPool-1 - Pool stats (total=10, active=0, idle=10, waiting=0)
2026-08-31T01:41:53.664-04:00 DEBUG 20072 --- [backend] [HikariPool-1 housekeeper] com.zaxxer.hikari.pool.HikariPool        : HikariPool-1 - Fill pool skipped, pool has sufficient level or currently being filled.
2026-08-31T01:42:23.669-04:00 DEBUG 20072 --- [backend] [HikariPool-1 housekeeper] com.zaxxer.hikari.pool.HikariPool        : HikariPool-1 - Pool stats (total=10, active=0, idle=10, waiting=0)
2026-08-31T01:42:23.669-04:00 DEBUG 20072 --- [backend] [HikariPool-1 housekeeper] com.zaxxer.hikari.pool.HikariPool        : HikariPool-1 - Fill pool skipped, pool has sufficient level or currently being filled.
2026-08-31T01:42:53.683-04:00 DEBUG 20072 --- [backend] [HikariPool-1 housekeeper] com.zaxxer.hikari.pool.HikariPool        : HikariPool-1 - Pool stats (total=10, active=0, idle=10, waiting=0)
2026-08-31T01:42:53.683-04:00 DEBUG 20072 --- [backend] [HikariPool-1 housekeeper] com.zaxxer.hikari.pool.HikariPool        : HikariPool-1 - Fill pool skipped, pool has sufficient level or currently being filled.
2026-08-31T01:43:23.693-04:00 DEBUG 20072 --- [backend] [HikariPool-1 housekeeper] com.zaxxer.hikari.pool.HikariPool        : HikariPool-1 - Pool stats (total=10, active=0, idle=10, waiting=0)
2026-08-31T01:43:23.693-04:00 DEBUG 20072 --- [backend] [HikariPool-1 housekeeper] com.zaxxer.hikari.pool.HikariPool        : HikariPool-1 - Fill pool skipped, pool has sufficient level or currently being filled.
2026-08-31T01:43:53.702-04:00 DEBUG 20072 --- [backend] [HikariPool-1 housekeeper] com.zaxxer.hikari.pool.HikariPool        : HikariPool-1 - Pool stats (total=10, active=0, idle=10, waiting=0)
2026-08-31T01:43:53.702-04:00 DEBUG 20072 --- [backend] [HikariPool-1 housekeeper] com.zaxxer.hikari.pool.HikariPool        : HikariPool-1 - Fill pool skipped, pool has sufficient level or currently being filled.
2026-08-31T01:44:23.710-04:00 DEBUG 20072 --- [backend] [HikariPool-1 housekeeper] com.zaxxer.hikari.pool.HikariPool        : HikariPool-1 - Pool stats (total=10, active=0, idle=10, waiting=0)
2026-08-31T01:44:23.710-04:00 DEBUG 20072 --- [backend] [HikariPool-1 housekeeper] com.zaxxer.hikari.pool.HikariPool        : HikariPool-1 - Fill pool skipped, pool has sufficient level or currently being filled.
2026-08-31T01:44:53.715-04:00 DEBUG 20072 --- [backend] [HikariPool-1 housekeeper] com.zaxxer.hikari.pool.HikariPool        : HikariPool-1 - Pool stats (total=10, active=0, idle=10, waiting=0)
2026-08-31T01:44:53.715-04:00 DEBUG 20072 --- [backend] [HikariPool-1 housekeeper] com.zaxxer.hikari.pool.HikariPool        : HikariPool-1 - Fill pool skipped, pool has sufficient level or currently being filled.
2026-08-31T01:45:23.725-04:00 DEBUG 20072 --- [backend] [HikariPool-1 housekeeper] com.zaxxer.hikari.pool.HikariPool        : HikariPool-1 - Pool stats (total=10, active=0, idle=10, waiting=0)
2026-08-31T01:45:23.725-04:00 DEBUG 20072 --- [backend] [HikariPool-1 housekeeper] com.zaxxer.hikari.pool.HikariPool        : HikariPool-1 - Fill pool skipped, pool has sufficient level or currently being filled.
2026-08-31T01:45:53.726-04:00 DEBUG 20072 --- [backend] [HikariPool-1 housekeeper] com.zaxxer.hikari.pool.HikariPool        : HikariPool-1 - Pool stats (total=10, active=0, idle=10, waiting=0)
2026-08-31T01:45:53.726-04:00 DEBUG 20072 --- [backend] [HikariPool-1 housekeeper] com.zaxxer.hikari.pool.HikariPool        : HikariPool-1 - Fill pool skipped, pool has sufficient level or currently being filled.
2026-08-31T01:46:23.734-04:00 DEBUG 20072 --- [backend] [HikariPool-1 housekeeper] com.zaxxer.hikari.pool.HikariPool        : HikariPool-1 - Pool stats (total=10, active=0, idle=10, waiting=0)
2026-08-31T01:46:23.734-04:00 DEBUG 20072 --- [backend] [HikariPool-1 housekeeper] com.zaxxer.hikari.pool.HikariPool        : HikariPool-1 - Fill pool skipped, pool has sufficient level or currently being filled.
2026-08-31T01:46:53.735-04:00 DEBUG 20072 --- [backend] [HikariPool-1 housekeeper] com.zaxxer.hikari.pool.HikariPool        : HikariPool-1 - Pool stats (total=10, active=0, idle=10, waiting=0)
2026-08-31T01:46:53.735-04:00 DEBUG 20072 --- [backend] [HikariPool-1 housekeeper] com.zaxxer.hikari.pool.HikariPool        : HikariPool-1 - Fill pool skipped, pool has sufficient level or currently being filled.
2026-08-31T01:47:23.749-04:00 DEBUG 20072 --- [backend] [HikariPool-1 housekeeper] com.zaxxer.hikari.pool.HikariPool        : HikariPool-1 - Pool stats (total=10, active=0, idle=10, waiting=0)
2026-08-31T01:47:23.749-04:00 DEBUG 20072 --- [backend] [HikariPool-1 housekeeper] com.zaxxer.hikari.pool.HikariPool        : HikariPool-1 - Fill pool skipped, pool has sufficient level or currently being filled.
2026-08-31T01:47:53.753-04:00 DEBUG 20072 --- [backend] [HikariPool-1 housekeeper] com.zaxxer.hikari.pool.HikariPool        : HikariPool-1 - Pool stats (total=10, active=0, idle=10, waiting=0)
2026-08-31T01:47:53.753-04:00 DEBUG 20072 --- [backend] [HikariPool-1 housekeeper] com.zaxxer.hikari.pool.HikariPool        : HikariPool-1 - Fill pool skipped, pool has sufficient level or currently being filled.
2026-08-31T01:48:23.755-04:00 DEBUG 20072 --- [backend] [HikariPool-1 housekeeper] com.zaxxer.hikari.pool.HikariPool        : HikariPool-1 - Pool stats (total=10, active=0, idle=10, waiting=0)
2026-08-31T01:48:23.755-04:00 DEBUG 20072 --- [backend] [HikariPool-1 housekeeper] com.zaxxer.hikari.pool.HikariPool        : HikariPool-1 - Fill pool skipped, pool has sufficient level or currently being filled.
2026-08-31T01:48:53.770-04:00 DEBUG 20072 --- [backend] [HikariPool-1 housekeeper] com.zaxxer.hikari.pool.HikariPool        : HikariPool-1 - Pool stats (total=10, active=0, idle=10, waiting=0)
2026-08-31T01:48:53.770-04:00 DEBUG 20072 --- [backend] [HikariPool-1 housekeeper] com.zaxxer.hikari.pool.HikariPool        : HikariPool-1 - Fill pool skipped, pool has sufficient level or currently being filled.
2026-08-31T04:50:48.521-04:00  WARN 20072 --- [backend] [HikariPool-1 housekeeper] com.zaxxer.hikari.pool.HikariPool        : HikariPool-1 - Thread starvation or clock leap detected (housekeeper delta=3h1m54s782ms997µs500ns).
2026-08-31T04:50:48.953-04:00 DEBUG 20072 --- [backend] [HikariPool-1 housekeeper] com.zaxxer.hikari.pool.HikariPool        : HikariPool-1 - Pool stats (total=10, active=0, idle=10, waiting=0)
2026-08-31T04:50:49.122-04:00 DEBUG 20072 --- [backend] [HikariPool-1 housekeeper] com.zaxxer.hikari.pool.HikariPool        : HikariPool-1 - Fill pool skipped, pool has sufficient level or currently being filled.
2026-08-31T04:50:50.216-04:00 DEBUG 20072 --- [backend] [HikariPool-1 connection closer] com.zaxxer.hikari.pool.PoolBase          : HikariPool-1 - Closing connection com.mysql.cj.jdbc.ConnectionImpl@47e06aeb: (connection has passed maxLifetime)
2026-08-31T04:50:50.404-04:00 DEBUG 20072 --- [backend] [HikariPool-1 connection closer] com.zaxxer.hikari.pool.PoolBase          : HikariPool-1 - Closing connection com.mysql.cj.jdbc.ConnectionImpl@2a5fa49d: (connection has passed maxLifetime)
2026-08-31T04:50:50.629-04:00 DEBUG 20072 --- [backend] [HikariPool-1 connection closer] com.zaxxer.hikari.pool.PoolBase          : HikariPool-1 - Closing connection com.mysql.cj.jdbc.ConnectionImpl@1a8ff838: (connection has passed maxLifetime)
2026-08-31T04:50:50.755-04:00 DEBUG 20072 --- [backend] [HikariPool-1 connection closer] com.zaxxer.hikari.pool.PoolBase          : HikariPool-1 - Closing connection com.mysql.cj.jdbc.ConnectionImpl@62bca098: (connection has passed maxLifetime)
2026-08-31T04:50:51.335-04:00 DEBUG 20072 --- [backend] [HikariPool-1 connection closer] com.zaxxer.hikari.pool.PoolBase          : HikariPool-1 - Closing connection com.mysql.cj.jdbc.ConnectionImpl@43ae55ec: (connection has passed maxLifetime)
2026-08-31T04:50:51.688-04:00 DEBUG 20072 --- [backend] [HikariPool-1 connection closer] com.zaxxer.hikari.pool.PoolBase          : HikariPool-1 - Closing connection com.mysql.cj.jdbc.ConnectionImpl@5f91cbb1: (connection has passed maxLifetime)
2026-08-31T04:50:51.744-04:00 DEBUG 20072 --- [backend] [HikariPool-1 connection closer] com.zaxxer.hikari.pool.PoolBase          : HikariPool-1 - Closing connection com.mysql.cj.jdbc.ConnectionImpl@77a113d: (connection has passed maxLifetime)
2026-08-31T04:50:51.871-04:00 DEBUG 20072 --- [backend] [HikariPool-1 connection closer] com.zaxxer.hikari.pool.PoolBase          : HikariPool-1 - Closing connection com.mysql.cj.jdbc.ConnectionImpl@2381aaa3: (connection has passed maxLifetime)
2026-08-31T04:50:51.992-04:00 DEBUG 20072 --- [backend] [HikariPool-1 connection adder] com.zaxxer.hikari.pool.HikariPool        : HikariPool-1 - Added connection com.mysql.cj.jdbc.ConnectionImpl@45414f80
2026-08-31T04:50:52.069-04:00 DEBUG 20072 --- [backend] [HikariPool-1 connection closer] com.zaxxer.hikari.pool.PoolBase          : HikariPool-1 - Closing connection com.mysql.cj.jdbc.ConnectionImpl@1268ef9d: (connection has passed maxLifetime)
2026-08-31T04:50:52.138-04:00 DEBUG 20072 --- [backend] [HikariPool-1 connection adder] com.zaxxer.hikari.pool.HikariPool        : HikariPool-1 - Connection not added, stats (total=1, active=0, idle=1, waiting=0)
2026-08-31T04:50:52.357-04:00 DEBUG 20072 --- [backend] [HikariPool-1 connection closer] com.zaxxer.hikari.pool.PoolBase          : HikariPool-1 - Closing connection com.mysql.cj.jdbc.ConnectionImpl@3a3ae7fe: (connection has passed maxLifetime)
2026-08-31T04:50:53.621-04:00 DEBUG 20072 --- [backend] [HikariPool-1 connection adder] com.zaxxer.hikari.pool.HikariPool        : HikariPool-1 - Added connection com.mysql.cj.jdbc.ConnectionImpl@47c45bb
2026-08-31T04:50:53.771-04:00 DEBUG 20072 --- [backend] [HikariPool-1 connection adder] com.zaxxer.hikari.pool.HikariPool        : HikariPool-1 - Connection not added, stats (total=2, active=0, idle=2, waiting=0)
2026-08-31T04:50:54.647-04:00 DEBUG 20072 --- [backend] [HikariPool-1 connection adder] com.zaxxer.hikari.pool.HikariPool        : HikariPool-1 - Added connection com.mysql.cj.jdbc.ConnectionImpl@3532429b
2026-08-31T04:50:54.700-04:00 DEBUG 20072 --- [backend] [HikariPool-1 connection adder] com.zaxxer.hikari.pool.HikariPool        : HikariPool-1 - Connection not added, stats (total=3, active=0, idle=3, waiting=0)
2026-08-31T04:50:55.312-04:00 DEBUG 20072 --- [backend] [HikariPool-1 connection adder] com.zaxxer.hikari.pool.HikariPool        : HikariPool-1 - Added connection com.mysql.cj.jdbc.ConnectionImpl@6453baf4
2026-08-31T04:50:55.424-04:00 DEBUG 20072 --- [backend] [HikariPool-1 connection adder] com.zaxxer.hikari.pool.HikariPool        : HikariPool-1 - Connection not added, stats (total=4, active=0, idle=4, waiting=0)
2026-08-31T04:50:56.807-04:00 DEBUG 20072 --- [backend] [HikariPool-1 connection adder] com.zaxxer.hikari.pool.HikariPool        : HikariPool-1 - Added connection com.mysql.cj.jdbc.ConnectionImpl@3891ee5e
2026-08-31T04:50:56.855-04:00 DEBUG 20072 --- [backend] [HikariPool-1 connection adder] com.zaxxer.hikari.pool.HikariPool        : HikariPool-1 - Connection not added, stats (total=5, active=0, idle=5, waiting=0)
2026-08-31T04:50:57.472-04:00 DEBUG 20072 --- [backend] [HikariPool-1 connection adder] com.zaxxer.hikari.pool.HikariPool        : HikariPool-1 - Added connection com.mysql.cj.jdbc.ConnectionImpl@601d2216
2026-08-31T04:50:57.515-04:00 DEBUG 20072 --- [backend] [HikariPool-1 connection adder] com.zaxxer.hikari.pool.HikariPool        : HikariPool-1 - Connection not added, stats (total=6, active=0, idle=6, waiting=0)
2026-08-31T04:50:57.771-04:00 DEBUG 20072 --- [backend] [HikariPool-1 connection adder] com.zaxxer.hikari.pool.HikariPool        : HikariPool-1 - Added connection com.mysql.cj.jdbc.ConnectionImpl@4ac9e872
2026-08-31T04:50:57.810-04:00 DEBUG 20072 --- [backend] [HikariPool-1 connection adder] com.zaxxer.hikari.pool.HikariPool        : HikariPool-1 - Connection not added, stats (total=7, active=0, idle=7, waiting=0)
2026-08-31T04:50:57.936-04:00 DEBUG 20072 --- [backend] [HikariPool-1 connection adder] com.zaxxer.hikari.pool.HikariPool        : HikariPool-1 - Added connection com.mysql.cj.jdbc.ConnectionImpl@5f4ff52d
2026-08-31T04:50:57.983-04:00 DEBUG 20072 --- [backend] [HikariPool-1 connection adder] com.zaxxer.hikari.pool.HikariPool        : HikariPool-1 - Connection not added, stats (total=8, active=0, idle=8, waiting=0)
2026-08-31T04:50:58.061-04:00 DEBUG 20072 --- [backend] [HikariPool-1 connection adder] com.zaxxer.hikari.pool.HikariPool        : HikariPool-1 - Added connection com.mysql.cj.jdbc.ConnectionImpl@4f1cce1f
2026-08-31T04:50:58.103-04:00 DEBUG 20072 --- [backend] [HikariPool-1 connection adder] com.zaxxer.hikari.pool.HikariPool        : HikariPool-1 - Connection not added, stats (total=9, active=0, idle=9, waiting=0)
2026-08-31T04:50:58.361-04:00 DEBUG 20072 --- [backend] [HikariPool-1 connection adder] com.zaxxer.hikari.pool.HikariPool        : HikariPool-1 - Added connection com.mysql.cj.jdbc.ConnectionImpl@629f9c87
2026-08-31T04:50:58.403-04:00 DEBUG 20072 --- [backend] [HikariPool-1 connection adder] com.zaxxer.hikari.pool.HikariPool        : HikariPool-1 - Connection not added, stats (total=10, active=0, idle=10, waiting=0)
2026-08-31T04:50:58.424-04:00 DEBUG 20072 --- [backend] [HikariPool-1 connection adder] com.zaxxer.hikari.pool.HikariPool        : HikariPool-1 - Connection not added, stats (total=10, active=0, idle=10, waiting=0)
2026-08-31T04:50:58.424-04:00 DEBUG 20072 --- [backend] [HikariPool-1 connection adder] com.zaxxer.hikari.pool.HikariPool        : HikariPool-1 - Connection not added, stats (total=10, active=0, idle=10, waiting=0)
2026-08-31T04:51:19.303-04:00 DEBUG 20072 --- [backend] [HikariPool-1 housekeeper] com.zaxxer.hikari.pool.HikariPool        : HikariPool-1 - Pool stats (total=10, active=0, idle=10, waiting=0)
2026-08-31T04:51:19.303-04:00 DEBUG 20072 --- [backend] [HikariPool-1 housekeeper] com.zaxxer.hikari.pool.HikariPool        : HikariPool-1 - Fill pool skipped, pool has sufficient level or currently being filled.
2026-08-31T04:51:49.312-04:00 DEBUG 20072 --- [backend] [HikariPool-1 housekeeper] com.zaxxer.hikari.pool.HikariPool        : HikariPool-1 - Pool stats (total=10, active=0, idle=10, waiting=0)
2026-08-31T04:51:49.312-04:00 DEBUG 20072 --- [backend] [HikariPool-1 housekeeper] com.zaxxer.hikari.pool.HikariPool        : HikariPool-1 - Fill pool skipped, pool has sufficient level or currently being filled.
2026-08-31T04:52:19.325-04:00 DEBUG 20072 --- [backend] [HikariPool-1 housekeeper] com.zaxxer.hikari.pool.HikariPool        : HikariPool-1 - Pool stats (total=10, active=0, idle=10, waiting=0)
2026-08-31T04:52:19.325-04:00 DEBUG 20072 --- [backend] [HikariPool-1 housekeeper] com.zaxxer.hikari.pool.HikariPool        : HikariPool-1 - Fill pool skipped, pool has sufficient level or currently being filled.
2026-08-31T04:52:49.334-04:00 DEBUG 20072 --- [backend] [HikariPool-1 housekeeper] com.zaxxer.hikari.pool.HikariPool        : HikariPool-1 - Pool stats (total=10, active=0, idle=10, waiting=0)
2026-08-31T04:52:49.334-04:00 DEBUG 20072 --- [backend] [HikariPool-1 housekeeper] com.zaxxer.hikari.pool.HikariPool        : HikariPool-1 - Fill pool skipped, pool has sufficient level or currently being filled.
2026-08-31T04:53:19.346-04:00 DEBUG 20072 --- [backend] [HikariPool-1 housekeeper] com.zaxxer.hikari.pool.HikariPool        : HikariPool-1 - Pool stats (total=10, active=0, idle=10, waiting=0)
2026-08-31T04:53:19.346-04:00 DEBUG 20072 --- [backend] [HikariPool-1 housekeeper] com.zaxxer.hikari.pool.HikariPool        : HikariPool-1 - Fill pool skipped, pool has sufficient level or currently being filled.
2026-08-31T04:53:49.351-04:00 DEBUG 20072 --- [backend] [HikariPool-1 housekeeper] com.zaxxer.hikari.pool.HikariPool        : HikariPool-1 - Pool stats (total=10, active=0, idle=10, waiting=0)
2026-08-31T04:53:49.351-04:00 DEBUG 20072 --- [backend] [HikariPool-1 housekeeper] com.zaxxer.hikari.pool.HikariPool        : HikariPool-1 - Fill pool skipped, pool has sufficient level or currently being filled.
2026-08-31T04:54:19.365-04:00 DEBUG 20072 --- [backend] [HikariPool-1 housekeeper] com.zaxxer.hikari.pool.HikariPool        : HikariPool-1 - Pool stats (total=10, active=0, idle=10, waiting=0)
2026-08-31T04:54:19.365-04:00 DEBUG 20072 --- [backend] [HikariPool-1 housekeeper] com.zaxxer.hikari.pool.HikariPool        : HikariPool-1 - Fill pool skipped, pool has sufficient level or currently being filled.
2026-08-31T04:54:49.380-04:00 DEBUG 20072 --- [backend] [HikariPool-1 housekeeper] com.zaxxer.hikari.pool.HikariPool        : HikariPool-1 - Pool stats (total=10, active=0, idle=10, waiting=0)
2026-08-31T04:54:49.380-04:00 DEBUG 20072 --- [backend] [HikariPool-1 housekeeper] com.zaxxer.hikari.pool.HikariPool        : HikariPool-1 - Fill pool skipped, pool has sufficient level or currently being filled.
2026-08-31T04:55:19.395-04:00 DEBUG 20072 --- [backend] [HikariPool-1 housekeeper] com.zaxxer.hikari.pool.HikariPool        : HikariPool-1 - Pool stats (total=10, active=0, idle=10, waiting=0)
2026-08-31T04:55:19.395-04:00 DEBUG 20072 --- [backend] [HikariPool-1 housekeeper] com.zaxxer.hikari.pool.HikariPool        : HikariPool-1 - Fill pool skipped, pool has sufficient level or currently being filled.
2026-08-31T04:55:49.406-04:00 DEBUG 20072 --- [backend] [HikariPool-1 housekeeper] com.zaxxer.hikari.pool.HikariPool        : HikariPool-1 - Pool stats (total=10, active=0, idle=10, waiting=0)
2026-08-31T04:55:49.406-04:00 DEBUG 20072 --- [backend] [HikariPool-1 housekeeper] com.zaxxer.hikari.pool.HikariPool        : HikariPool-1 - Fill pool skipped, pool has sufficient level or currently being filled.
2026-08-31T04:56:19.413-04:00 DEBUG 20072 --- [backend] [HikariPool-1 housekeeper] com.zaxxer.hikari.pool.HikariPool        : HikariPool-1 - Pool stats (total=10, active=0, idle=10, waiting=0)
2026-08-31T04:56:19.413-04:00 DEBUG 20072 --- [backend] [HikariPool-1 housekeeper] com.zaxxer.hikari.pool.HikariPool        : HikariPool-1 - Fill pool skipped, pool has sufficient level or currently being filled.
2026-08-31T04:56:49.425-04:00 DEBUG 20072 --- [backend] [HikariPool-1 housekeeper] com.zaxxer.hikari.pool.HikariPool        : HikariPool-1 - Pool stats (total=10, active=0, idle=10, waiting=0)
2026-08-31T04:56:49.425-04:00 DEBUG 20072 --- [backend] [HikariPool-1 housekeeper] com.zaxxer.hikari.pool.HikariPool        : HikariPool-1 - Fill pool skipped, pool has sufficient level or currently being filled.
2026-08-31T04:57:19.428-04:00 DEBUG 20072 --- [backend] [HikariPool-1 housekeeper] com.zaxxer.hikari.pool.HikariPool        : HikariPool-1 - Pool stats (total=10, active=0, idle=10, waiting=0)
2026-08-31T04:57:19.428-04:00 DEBUG 20072 --- [backend] [HikariPool-1 housekeeper] com.zaxxer.hikari.pool.HikariPool        : HikariPool-1 - Fill pool skipped, pool has sufficient level or currently being filled.
2026-08-31T04:57:49.431-04:00 DEBUG 20072 --- [backend] [HikariPool-1 housekeeper] com.zaxxer.hikari.pool.HikariPool        : HikariPool-1 - Pool stats (total=10, active=0, idle=10, waiting=0)
2026-08-31T04:57:49.431-04:00 DEBUG 20072 --- [backend] [HikariPool-1 housekeeper] com.zaxxer.hikari.pool.HikariPool        : HikariPool-1 - Fill pool skipped, pool has sufficient level or currently being filled.
2026-08-31T04:58:19.438-04:00 DEBUG 20072 --- [backend] [HikariPool-1 housekeeper] com.zaxxer.hikari.pool.HikariPool        : HikariPool-1 - Pool stats (total=10, active=0, idle=10, waiting=0)
2026-08-31T04:58:19.438-04:00 DEBUG 20072 --- [backend] [HikariPool-1 housekeeper] com.zaxxer.hikari.pool.HikariPool        : HikariPool-1 - Fill pool skipped, pool has sufficient level or currently being filled.
2026-08-31T04:58:49.453-04:00 DEBUG 20072 --- [backend] [HikariPool-1 housekeeper] com.zaxxer.hikari.pool.HikariPool        : HikariPool-1 - Pool stats (total=10, active=0, idle=10, waiting=0)
2026-08-31T04:58:49.453-04:00 DEBUG 20072 --- [backend] [HikariPool-1 housekeeper] com.zaxxer.hikari.pool.HikariPool        : HikariPool-1 - Fill pool skipped, pool has sufficient level or currently being filled.
2026-08-31T04:59:19.455-04:00 DEBUG 20072 --- [backend] [HikariPool-1 housekeeper] com.zaxxer.hikari.pool.HikariPool        : HikariPool-1 - Pool stats (total=10, active=0, idle=10, waiting=0)
2026-08-31T04:59:19.455-04:00 DEBUG 20072 --- [backend] [HikariPool-1 housekeeper] com.zaxxer.hikari.pool.HikariPool        : HikariPool-1 - Fill pool skipped, pool has sufficient level or currently being filled.
2026-08-31T04:59:49.465-04:00 DEBUG 20072 --- [backend] [HikariPool-1 housekeeper] com.zaxxer.hikari.pool.HikariPool        : HikariPool-1 - Pool stats (total=10, active=0, idle=10, waiting=0)
2026-08-31T04:59:49.465-04:00 DEBUG 20072 --- [backend] [HikariPool-1 housekeeper] com.zaxxer.hikari.pool.HikariPool        : HikariPool-1 - Fill pool skipped, pool has sufficient level or currently being filled.
2026-08-31T05:00:19.478-04:00 DEBUG 20072 --- [backend] [HikariPool-1 housekeeper] com.zaxxer.hikari.pool.HikariPool        : HikariPool-1 - Pool stats (total=10, active=0, idle=10, waiting=0)
2026-08-31T05:00:19.478-04:00 DEBUG 20072 --- [backend] [HikariPool-1 housekeeper] com.zaxxer.hikari.pool.HikariPool        : HikariPool-1 - Fill pool skipped, pool has sufficient level or currently being filled.
2026-08-31T05:00:49.485-04:00 DEBUG 20072 --- [backend] [HikariPool-1 housekeeper] com.zaxxer.hikari.pool.HikariPool        : HikariPool-1 - Pool stats (total=10, active=0, idle=10, waiting=0)
2026-08-31T05:00:49.485-04:00 DEBUG 20072 --- [backend] [HikariPool-1 housekeeper] com.zaxxer.hikari.pool.HikariPool        : HikariPool-1 - Fill pool skipped, pool has sufficient level or currently being filled.
2026-08-31T08:02:44.570-04:00  WARN 20072 --- [backend] [HikariPool-1 housekeeper] com.zaxxer.hikari.pool.HikariPool        : HikariPool-1 - Thread starvation or clock leap detected (housekeeper delta=3h1m55s117ms333µs800ns).
2026-08-31T08:02:44.809-04:00 DEBUG 20072 --- [backend] [HikariPool-1 housekeeper] com.zaxxer.hikari.pool.HikariPool        : HikariPool-1 - Pool stats (total=10, active=0, idle=10, waiting=0)
2026-08-31T08:02:45.167-04:00 DEBUG 20072 --- [backend] [HikariPool-1 housekeeper] com.zaxxer.hikari.pool.HikariPool        : HikariPool-1 - Fill pool skipped, pool has sufficient level or currently being filled.
2026-08-31T08:02:46.327-04:00 DEBUG 20072 --- [backend] [HikariPool-1 connection closer] com.zaxxer.hikari.pool.PoolBase          : HikariPool-1 - Closing connection com.mysql.cj.jdbc.ConnectionImpl@6453baf4: (connection has passed maxLifetime)
2026-08-31T08:02:47.343-04:00 DEBUG 20072 --- [backend] [HikariPool-1 connection closer] com.zaxxer.hikari.pool.PoolBase          : HikariPool-1 - Closing connection com.mysql.cj.jdbc.ConnectionImpl@4ac9e872: (connection has passed maxLifetime)
2026-08-31T08:02:47.636-04:00 DEBUG 20072 --- [backend] [HikariPool-1 connection closer] com.zaxxer.hikari.pool.PoolBase          : HikariPool-1 - Closing connection com.mysql.cj.jdbc.ConnectionImpl@5f4ff52d: (connection has passed maxLifetime)
2026-08-31T08:02:48.976-04:00 DEBUG 20072 --- [backend] [HikariPool-1 connection closer] com.zaxxer.hikari.pool.PoolBase          : HikariPool-1 - Closing connection com.mysql.cj.jdbc.ConnectionImpl@629f9c87: (connection has passed maxLifetime)
2026-08-31T08:02:49.667-04:00 DEBUG 20072 --- [backend] [HikariPool-1 connection closer] com.zaxxer.hikari.pool.PoolBase          : HikariPool-1 - Closing connection com.mysql.cj.jdbc.ConnectionImpl@4f1cce1f: (connection has passed maxLifetime)
2026-08-31T08:02:50.068-04:00 DEBUG 20072 --- [backend] [HikariPool-1 connection closer] com.zaxxer.hikari.pool.PoolBase          : HikariPool-1 - Closing connection com.mysql.cj.jdbc.ConnectionImpl@3532429b: (connection has passed maxLifetime)
2026-08-31T08:02:50.341-04:00 DEBUG 20072 --- [backend] [HikariPool-1 connection closer] com.zaxxer.hikari.pool.PoolBase          : HikariPool-1 - Closing connection com.mysql.cj.jdbc.ConnectionImpl@45414f80: (connection has passed maxLifetime)
2026-08-31T08:02:50.544-04:00 DEBUG 20072 --- [backend] [HikariPool-1 connection closer] com.zaxxer.hikari.pool.PoolBase          : HikariPool-1 - Closing connection com.mysql.cj.jdbc.ConnectionImpl@601d2216: (connection has passed maxLifetime)
2026-08-31T08:02:50.673-04:00 DEBUG 20072 --- [backend] [HikariPool-1 connection adder] com.zaxxer.hikari.pool.HikariPool        : HikariPool-1 - Added connection com.mysql.cj.jdbc.ConnectionImpl@1ea8fa82
2026-08-31T08:02:50.735-04:00 DEBUG 20072 --- [backend] [HikariPool-1 connection adder] com.zaxxer.hikari.pool.HikariPool        : HikariPool-1 - Connection not added, stats (total=1, active=0, idle=1, waiting=0)
2026-08-31T08:02:51.235-04:00 DEBUG 20072 --- [backend] [HikariPool-1 connection closer] com.zaxxer.hikari.pool.PoolBase          : HikariPool-1 - Closing connection com.mysql.cj.jdbc.ConnectionImpl@3891ee5e: (connection has passed maxLifetime)
2026-08-31T08:02:51.588-04:00 DEBUG 20072 --- [backend] [HikariPool-1 connection closer] com.zaxxer.hikari.pool.PoolBase          : HikariPool-1 - Closing connection com.mysql.cj.jdbc.ConnectionImpl@47c45bb: (connection has passed maxLifetime)
2026-08-31T08:02:52.597-04:00 DEBUG 20072 --- [backend] [HikariPool-1 connection adder] com.zaxxer.hikari.pool.HikariPool        : HikariPool-1 - Added connection com.mysql.cj.jdbc.ConnectionImpl@5f95f0b9
2026-08-31T08:02:52.692-04:00 DEBUG 20072 --- [backend] [HikariPool-1 connection adder] com.zaxxer.hikari.pool.HikariPool        : HikariPool-1 - Connection not added, stats (total=2, active=0, idle=2, waiting=0)
2026-08-31T08:02:53.496-04:00 DEBUG 20072 --- [backend] [HikariPool-1 connection adder] com.zaxxer.hikari.pool.HikariPool        : HikariPool-1 - Added connection com.mysql.cj.jdbc.ConnectionImpl@6e00cdd6
2026-08-31T08:02:53.537-04:00 DEBUG 20072 --- [backend] [HikariPool-1 connection adder] com.zaxxer.hikari.pool.HikariPool        : HikariPool-1 - Connection not added, stats (total=3, active=0, idle=3, waiting=0)
2026-08-31T08:02:54.091-04:00 DEBUG 20072 --- [backend] [HikariPool-1 connection adder] com.zaxxer.hikari.pool.HikariPool        : HikariPool-1 - Added connection com.mysql.cj.jdbc.ConnectionImpl@3fba0ff6
2026-08-31T08:02:54.145-04:00 DEBUG 20072 --- [backend] [HikariPool-1 connection adder] com.zaxxer.hikari.pool.HikariPool        : HikariPool-1 - Connection not added, stats (total=4, active=0, idle=4, waiting=0)
2026-08-31T08:02:54.555-04:00 DEBUG 20072 --- [backend] [HikariPool-1 connection adder] com.zaxxer.hikari.pool.HikariPool        : HikariPool-1 - Added connection com.mysql.cj.jdbc.ConnectionImpl@4aeedda0
2026-08-31T08:02:54.594-04:00 DEBUG 20072 --- [backend] [HikariPool-1 connection adder] com.zaxxer.hikari.pool.HikariPool        : HikariPool-1 - Connection not added, stats (total=5, active=0, idle=5, waiting=0)
2026-08-31T08:02:54.753-04:00 DEBUG 20072 --- [backend] [HikariPool-1 connection adder] com.zaxxer.hikari.pool.HikariPool        : HikariPool-1 - Added connection com.mysql.cj.jdbc.ConnectionImpl@3bf454ed
2026-08-31T08:02:54.800-04:00 DEBUG 20072 --- [backend] [HikariPool-1 connection adder] com.zaxxer.hikari.pool.HikariPool        : HikariPool-1 - Connection not added, stats (total=6, active=0, idle=6, waiting=0)
2026-08-31T08:02:55.032-04:00 DEBUG 20072 --- [backend] [HikariPool-1 connection adder] com.zaxxer.hikari.pool.HikariPool        : HikariPool-1 - Added connection com.mysql.cj.jdbc.ConnectionImpl@6395c637
2026-08-31T08:02:55.079-04:00 DEBUG 20072 --- [backend] [HikariPool-1 connection adder] com.zaxxer.hikari.pool.HikariPool        : HikariPool-1 - Connection not added, stats (total=7, active=0, idle=7, waiting=0)
2026-08-31T08:02:55.333-04:00 DEBUG 20072 --- [backend] [HikariPool-1 connection adder] com.zaxxer.hikari.pool.HikariPool        : HikariPool-1 - Added connection com.mysql.cj.jdbc.ConnectionImpl@5f859eae
2026-08-31T08:02:55.380-04:00 DEBUG 20072 --- [backend] [HikariPool-1 connection adder] com.zaxxer.hikari.pool.HikariPool        : HikariPool-1 - Connection not added, stats (total=8, active=0, idle=8, waiting=0)
2026-08-31T08:02:55.582-04:00 DEBUG 20072 --- [backend] [HikariPool-1 connection adder] com.zaxxer.hikari.pool.HikariPool        : HikariPool-1 - Added connection com.mysql.cj.jdbc.ConnectionImpl@1dd499d4
2026-08-31T08:02:55.626-04:00 DEBUG 20072 --- [backend] [HikariPool-1 connection adder] com.zaxxer.hikari.pool.HikariPool        : HikariPool-1 - Connection not added, stats (total=9, active=0, idle=9, waiting=0)
2026-08-31T08:02:55.821-04:00 DEBUG 20072 --- [backend] [HikariPool-1 connection adder] com.zaxxer.hikari.pool.HikariPool        : HikariPool-1 - Added connection com.mysql.cj.jdbc.ConnectionImpl@57eccbdc
2026-08-31T08:02:55.873-04:00 DEBUG 20072 --- [backend] [HikariPool-1 connection adder] com.zaxxer.hikari.pool.HikariPool        : HikariPool-1 - Connection not added, stats (total=10, active=0, idle=10, waiting=0)
2026-08-31T08:02:55.932-04:00 DEBUG 20072 --- [backend] [HikariPool-1 connection adder] com.zaxxer.hikari.pool.HikariPool        : HikariPool-1 - Connection not added, stats (total=10, active=0, idle=10, waiting=0)
2026-08-31T08:02:55.968-04:00 DEBUG 20072 --- [backend] [HikariPool-1 connection adder] com.zaxxer.hikari.pool.HikariPool        : HikariPool-1 - Connection not added, stats (total=10, active=0, idle=10, waiting=0)
2026-08-31T08:03:15.830-04:00 DEBUG 20072 --- [backend] [HikariPool-1 housekeeper] com.zaxxer.hikari.pool.HikariPool        : HikariPool-1 - Pool stats (total=10, active=0, idle=10, waiting=0)
2026-08-31T08:03:15.831-04:00 DEBUG 20072 --- [backend] [HikariPool-1 housekeeper] com.zaxxer.hikari.pool.HikariPool        : HikariPool-1 - Fill pool skipped, pool has sufficient level or currently being filled.
2026-08-31T08:03:45.839-04:00 DEBUG 20072 --- [backend] [HikariPool-1 housekeeper] com.zaxxer.hikari.pool.HikariPool        : HikariPool-1 - Pool stats (total=10, active=0, idle=10, waiting=0)
2026-08-31T08:03:45.839-04:00 DEBUG 20072 --- [backend] [HikariPool-1 housekeeper] com.zaxxer.hikari.pool.HikariPool        : HikariPool-1 - Fill pool skipped, pool has sufficient level or currently being filled.
2026-08-31T08:04:15.850-04:00 DEBUG 20072 --- [backend] [HikariPool-1 housekeeper] com.zaxxer.hikari.pool.HikariPool        : HikariPool-1 - Pool stats (total=10, active=0, idle=10, waiting=0)
2026-08-31T08:04:15.850-04:00 DEBUG 20072 --- [backend] [HikariPool-1 housekeeper] com.zaxxer.hikari.pool.HikariPool        : HikariPool-1 - Fill pool skipped, pool has sufficient level or currently being filled.
2026-08-31T08:04:45.856-04:00 DEBUG 20072 --- [backend] [HikariPool-1 housekeeper] com.zaxxer.hikari.pool.HikariPool        : HikariPool-1 - Pool stats (total=10, active=0, idle=10, waiting=0)
2026-08-31T08:04:45.856-04:00 DEBUG 20072 --- [backend] [HikariPool-1 housekeeper] com.zaxxer.hikari.pool.HikariPool        : HikariPool-1 - Fill pool skipped, pool has sufficient level or currently being filled.
2026-08-31T08:05:15.866-04:00 DEBUG 20072 --- [backend] [HikariPool-1 housekeeper] com.zaxxer.hikari.pool.HikariPool        : HikariPool-1 - Pool stats (total=10, active=0, idle=10, waiting=0)
2026-08-31T08:05:15.866-04:00 DEBUG 20072 --- [backend] [HikariPool-1 housekeeper] com.zaxxer.hikari.pool.HikariPool        : HikariPool-1 - Fill pool skipped, pool has sufficient level or currently being filled.
2026-08-31T08:05:45.882-04:00 DEBUG 20072 --- [backend] [HikariPool-1 housekeeper] com.zaxxer.hikari.pool.HikariPool        : HikariPool-1 - Pool stats (total=10, active=0, idle=10, waiting=0)
2026-08-31T08:05:45.882-04:00 DEBUG 20072 --- [backend] [HikariPool-1 housekeeper] com.zaxxer.hikari.pool.HikariPool        : HikariPool-1 - Fill pool skipped, pool has sufficient level or currently being filled.
2026-08-31T08:06:15.888-04:00 DEBUG 20072 --- [backend] [HikariPool-1 housekeeper] com.zaxxer.hikari.pool.HikariPool        : HikariPool-1 - Pool stats (total=10, active=0, idle=10, waiting=0)
2026-08-31T08:06:15.888-04:00 DEBUG 20072 --- [backend] [HikariPool-1 housekeeper] com.zaxxer.hikari.pool.HikariPool        : HikariPool-1 - Fill pool skipped, pool has sufficient level or currently being filled.
2026-08-31T08:06:45.896-04:00 DEBUG 20072 --- [backend] [HikariPool-1 housekeeper] com.zaxxer.hikari.pool.HikariPool        : HikariPool-1 - Pool stats (total=10, active=0, idle=10, waiting=0)
2026-08-31T08:06:45.896-04:00 DEBUG 20072 --- [backend] [HikariPool-1 housekeeper] com.zaxxer.hikari.pool.HikariPool        : HikariPool-1 - Fill pool skipped, pool has sufficient level or currently being filled.
2026-08-31T08:07:15.912-04:00 DEBUG 20072 --- [backend] [HikariPool-1 housekeeper] com.zaxxer.hikari.pool.HikariPool        : HikariPool-1 - Pool stats (total=10, active=0, idle=10, waiting=0)
2026-08-31T08:07:15.912-04:00 DEBUG 20072 --- [backend] [HikariPool-1 housekeeper] com.zaxxer.hikari.pool.HikariPool        : HikariPool-1 - Fill pool skipped, pool has sufficient level or currently being filled.
2026-08-31T08:07:45.919-04:00 DEBUG 20072 --- [backend] [HikariPool-1 housekeeper] com.zaxxer.hikari.pool.HikariPool        : HikariPool-1 - Pool stats (total=10, active=0, idle=10, waiting=0)
2026-08-31T08:07:45.919-04:00 DEBUG 20072 --- [backend] [HikariPool-1 housekeeper] com.zaxxer.hikari.pool.HikariPool        : HikariPool-1 - Fill pool skipped, pool has sufficient level or currently being filled.
2026-08-31T08:08:15.923-04:00 DEBUG 20072 --- [backend] [HikariPool-1 housekeeper] com.zaxxer.hikari.pool.HikariPool        : HikariPool-1 - Pool stats (total=10, active=0, idle=10, waiting=0)
2026-08-31T08:08:15.923-04:00 DEBUG 20072 --- [backend] [HikariPool-1 housekeeper] com.zaxxer.hikari.pool.HikariPool        : HikariPool-1 - Fill pool skipped, pool has sufficient level or currently being filled.
2026-08-31T08:08:45.927-04:00 DEBUG 20072 --- [backend] [HikariPool-1 housekeeper] com.zaxxer.hikari.pool.HikariPool        : HikariPool-1 - Pool stats (total=10, active=0, idle=10, waiting=0)
2026-08-31T08:08:45.927-04:00 DEBUG 20072 --- [backend] [HikariPool-1 housekeeper] com.zaxxer.hikari.pool.HikariPool        : HikariPool-1 - Fill pool skipped, pool has sufficient level or currently being filled.
2026-08-31T08:09:15.940-04:00 DEBUG 20072 --- [backend] [HikariPool-1 housekeeper] com.zaxxer.hikari.pool.HikariPool        : HikariPool-1 - Pool stats (total=10, active=0, idle=10, waiting=0)
2026-08-31T08:09:15.940-04:00 DEBUG 20072 --- [backend] [HikariPool-1 housekeeper] com.zaxxer.hikari.pool.HikariPool        : HikariPool-1 - Fill pool skipped, pool has sufficient level or currently being filled.
2026-08-31T08:09:45.946-04:00 DEBUG 20072 --- [backend] [HikariPool-1 housekeeper] com.zaxxer.hikari.pool.HikariPool        : HikariPool-1 - Pool stats (total=10, active=0, idle=10, waiting=0)
2026-08-31T08:09:45.946-04:00 DEBUG 20072 --- [backend] [HikariPool-1 housekeeper] com.zaxxer.hikari.pool.HikariPool        : HikariPool-1 - Fill pool skipped, pool has sufficient level or currently being filled.
2026-08-31T08:10:15.953-04:00 DEBUG 20072 --- [backend] [HikariPool-1 housekeeper] com.zaxxer.hikari.pool.HikariPool        : HikariPool-1 - Pool stats (total=10, active=0, idle=10, waiting=0)
2026-08-31T08:10:15.953-04:00 DEBUG 20072 --- [backend] [HikariPool-1 housekeeper] com.zaxxer.hikari.pool.HikariPool        : HikariPool-1 - Fill pool skipped, pool has sufficient level or currently being filled.
2026-08-31T08:10:45.958-04:00 DEBUG 20072 --- [backend] [HikariPool-1 housekeeper] com.zaxxer.hikari.pool.HikariPool        : HikariPool-1 - Pool stats (total=10, active=0, idle=10, waiting=0)
2026-08-31T08:10:45.958-04:00 DEBUG 20072 --- [backend] [HikariPool-1 housekeeper] com.zaxxer.hikari.pool.HikariPool        : HikariPool-1 - Fill pool skipped, pool has sufficient level or currently being filled.
2026-08-31T08:11:15.972-04:00 DEBUG 20072 --- [backend] [HikariPool-1 housekeeper] com.zaxxer.hikari.pool.HikariPool        : HikariPool-1 - Pool stats (total=10, active=0, idle=10, waiting=0)
2026-08-31T08:11:15.972-04:00 DEBUG 20072 --- [backend] [HikariPool-1 housekeeper] com.zaxxer.hikari.pool.HikariPool        : HikariPool-1 - Fill pool skipped, pool has sufficient level or currently being filled.
2026-08-31T08:11:45.985-04:00 DEBUG 20072 --- [backend] [HikariPool-1 housekeeper] com.zaxxer.hikari.pool.HikariPool        : HikariPool-1 - Pool stats (total=10, active=0, idle=10, waiting=0)
2026-08-31T08:11:45.985-04:00 DEBUG 20072 --- [backend] [HikariPool-1 housekeeper] com.zaxxer.hikari.pool.HikariPool        : HikariPool-1 - Fill pool skipped, pool has sufficient level or currently being filled.
2026-08-31T08:12:15.999-04:00 DEBUG 20072 --- [backend] [HikariPool-1 housekeeper] com.zaxxer.hikari.pool.HikariPool        : HikariPool-1 - Pool stats (total=10, active=0, idle=10, waiting=0)
2026-08-31T08:12:15.999-04:00 DEBUG 20072 --- [backend] [HikariPool-1 housekeeper] com.zaxxer.hikari.pool.HikariPool        : HikariPool-1 - Fill pool skipped, pool has sufficient level or currently being filled.
2026-08-31T08:12:46.012-04:00 DEBUG 20072 --- [backend] [HikariPool-1 housekeeper] com.zaxxer.hikari.pool.HikariPool        : HikariPool-1 - Pool stats (total=10, active=0, idle=10, waiting=0)
2026-08-31T08:12:46.012-04:00 DEBUG 20072 --- [backend] [HikariPool-1 housekeeper] com.zaxxer.hikari.pool.HikariPool        : HikariPool-1 - Fill pool skipped, pool has sufficient level or currently being filled.
2026-08-31T11:14:41.402-04:00  WARN 20072 --- [backend] [HikariPool-1 housekeeper] com.zaxxer.hikari.pool.HikariPool        : HikariPool-1 - Thread starvation or clock leap detected (housekeeper delta=3h1m55s422ms761µs800ns).
2026-08-31T11:14:41.658-04:00 DEBUG 20072 --- [backend] [HikariPool-1 housekeeper] com.zaxxer.hikari.pool.HikariPool        : HikariPool-1 - Pool stats (total=10, active=0, idle=10, waiting=0)
2026-08-31T11:14:41.818-04:00 DEBUG 20072 --- [backend] [HikariPool-1 housekeeper] com.zaxxer.hikari.pool.HikariPool        : HikariPool-1 - Fill pool skipped, pool has sufficient level or currently being filled.
2026-08-31T11:14:42.037-04:00 DEBUG 20072 --- [backend] [HikariPool-1 connection closer] com.zaxxer.hikari.pool.PoolBase          : HikariPool-1 - Closing connection com.mysql.cj.jdbc.ConnectionImpl@4aeedda0: (connection has passed maxLifetime)
2026-08-31T11:14:42.251-04:00 DEBUG 20072 --- [backend] [HikariPool-1 connection closer] com.zaxxer.hikari.pool.PoolBase          : HikariPool-1 - Closing connection com.mysql.cj.jdbc.ConnectionImpl@5f859eae: (connection has passed maxLifetime)
2026-08-31T11:14:43.051-04:00 DEBUG 20072 --- [backend] [HikariPool-1 connection closer] com.zaxxer.hikari.pool.PoolBase          : HikariPool-1 - Closing connection com.mysql.cj.jdbc.ConnectionImpl@6e00cdd6: (connection has passed maxLifetime)
2026-08-31T11:14:43.098-04:00 DEBUG 20072 --- [backend] [HikariPool-1 connection closer] com.zaxxer.hikari.pool.PoolBase          : HikariPool-1 - Closing connection com.mysql.cj.jdbc.ConnectionImpl@6395c637: (connection has passed maxLifetime)
2026-08-31T11:14:43.190-04:00 DEBUG 20072 --- [backend] [HikariPool-1 connection closer] com.zaxxer.hikari.pool.PoolBase          : HikariPool-1 - Closing connection com.mysql.cj.jdbc.ConnectionImpl@3bf454ed: (connection has passed maxLifetime)
2026-08-31T11:14:43.225-04:00 DEBUG 20072 --- [backend] [HikariPool-1 connection closer] com.zaxxer.hikari.pool.PoolBase          : HikariPool-1 - Closing connection com.mysql.cj.jdbc.ConnectionImpl@1ea8fa82: (connection has passed maxLifetime)
2026-08-31T11:14:43.267-04:00 DEBUG 20072 --- [backend] [HikariPool-1 connection closer] com.zaxxer.hikari.pool.PoolBase          : HikariPool-1 - Closing connection com.mysql.cj.jdbc.ConnectionImpl@57eccbdc: (connection has passed maxLifetime)
2026-08-31T11:14:43.319-04:00 DEBUG 20072 --- [backend] [HikariPool-1 connection adder] com.zaxxer.hikari.pool.HikariPool        : HikariPool-1 - Added connection com.mysql.cj.jdbc.ConnectionImpl@749e034a
2026-08-31T11:14:43.319-04:00 DEBUG 20072 --- [backend] [HikariPool-1 connection closer] com.zaxxer.hikari.pool.PoolBase          : HikariPool-1 - Closing connection com.mysql.cj.jdbc.ConnectionImpl@3fba0ff6: (connection has passed maxLifetime)
2026-08-31T11:14:43.359-04:00 DEBUG 20072 --- [backend] [HikariPool-1 connection adder] com.zaxxer.hikari.pool.HikariPool        : HikariPool-1 - Connection not added, stats (total=1, active=0, idle=1, waiting=0)
2026-08-31T11:14:43.381-04:00 DEBUG 20072 --- [backend] [HikariPool-1 connection closer] com.zaxxer.hikari.pool.PoolBase          : HikariPool-1 - Closing connection com.mysql.cj.jdbc.ConnectionImpl@5f95f0b9: (connection has passed maxLifetime)
2026-08-31T11:14:43.412-04:00 DEBUG 20072 --- [backend] [HikariPool-1 connection closer] com.zaxxer.hikari.pool.PoolBase          : HikariPool-1 - Closing connection com.mysql.cj.jdbc.ConnectionImpl@1dd499d4: (connection has passed maxLifetime)
2026-08-31T11:14:43.566-04:00 DEBUG 20072 --- [backend] [HikariPool-1 connection adder] com.zaxxer.hikari.pool.HikariPool        : HikariPool-1 - Added connection com.mysql.cj.jdbc.ConnectionImpl@35a30971
2026-08-31T11:14:43.609-04:00 DEBUG 20072 --- [backend] [HikariPool-1 connection adder] com.zaxxer.hikari.pool.HikariPool        : HikariPool-1 - Connection not added, stats (total=2, active=0, idle=2, waiting=0)
2026-08-31T11:14:44.971-04:00 DEBUG 20072 --- [backend] [HikariPool-1 connection adder] com.zaxxer.hikari.pool.HikariPool        : HikariPool-1 - Added connection com.mysql.cj.jdbc.ConnectionImpl@4dcf8dc
2026-08-31T11:14:45.019-04:00 DEBUG 20072 --- [backend] [HikariPool-1 connection adder] com.zaxxer.hikari.pool.HikariPool        : HikariPool-1 - Connection not added, stats (total=3, active=0, idle=3, waiting=0)
2026-08-31T11:14:46.417-04:00 DEBUG 20072 --- [backend] [HikariPool-1 connection adder] com.zaxxer.hikari.pool.HikariPool        : HikariPool-1 - Added connection com.mysql.cj.jdbc.ConnectionImpl@558cf63e
2026-08-31T11:14:46.519-04:00 DEBUG 20072 --- [backend] [HikariPool-1 connection adder] com.zaxxer.hikari.pool.HikariPool        : HikariPool-1 - Connection not added, stats (total=4, active=0, idle=4, waiting=0)
2026-08-31T11:14:47.941-04:00 DEBUG 20072 --- [backend] [HikariPool-1 connection adder] com.zaxxer.hikari.pool.HikariPool        : HikariPool-1 - Added connection com.mysql.cj.jdbc.ConnectionImpl@57b695d3
2026-08-31T11:14:48.099-04:00 DEBUG 20072 --- [backend] [HikariPool-1 connection adder] com.zaxxer.hikari.pool.HikariPool        : HikariPool-1 - Connection not added, stats (total=5, active=0, idle=5, waiting=0)
2026-08-31T11:14:48.896-04:00 DEBUG 20072 --- [backend] [HikariPool-1 connection adder] com.zaxxer.hikari.pool.HikariPool        : HikariPool-1 - Added connection com.mysql.cj.jdbc.ConnectionImpl@51c24f0b
2026-08-31T11:14:48.979-04:00 DEBUG 20072 --- [backend] [HikariPool-1 connection adder] com.zaxxer.hikari.pool.HikariPool        : HikariPool-1 - Connection not added, stats (total=6, active=0, idle=6, waiting=0)
2026-08-31T11:14:49.472-04:00 DEBUG 20072 --- [backend] [HikariPool-1 connection adder] com.zaxxer.hikari.pool.HikariPool        : HikariPool-1 - Added connection com.mysql.cj.jdbc.ConnectionImpl@7a32f1bb
2026-08-31T11:14:49.556-04:00 DEBUG 20072 --- [backend] [HikariPool-1 connection adder] com.zaxxer.hikari.pool.HikariPool        : HikariPool-1 - Connection not added, stats (total=7, active=0, idle=7, waiting=0)
2026-08-31T11:14:49.931-04:00 DEBUG 20072 --- [backend] [HikariPool-1 connection adder] com.zaxxer.hikari.pool.HikariPool        : HikariPool-1 - Added connection com.mysql.cj.jdbc.ConnectionImpl@314cfa55
2026-08-31T11:14:50.022-04:00 DEBUG 20072 --- [backend] [HikariPool-1 connection adder] com.zaxxer.hikari.pool.HikariPool        : HikariPool-1 - Connection not added, stats (total=8, active=0, idle=8, waiting=0)
2026-08-31T11:14:50.240-04:00 DEBUG 20072 --- [backend] [HikariPool-1 connection adder] com.zaxxer.hikari.pool.HikariPool        : HikariPool-1 - Added connection com.mysql.cj.jdbc.ConnectionImpl@a3b9248
2026-08-31T11:14:50.279-04:00 DEBUG 20072 --- [backend] [HikariPool-1 connection adder] com.zaxxer.hikari.pool.HikariPool        : HikariPool-1 - Connection not added, stats (total=9, active=0, idle=9, waiting=0)
2026-08-31T11:14:50.440-04:00 DEBUG 20072 --- [backend] [HikariPool-1 connection adder] com.zaxxer.hikari.pool.HikariPool        : HikariPool-1 - Added connection com.mysql.cj.jdbc.ConnectionImpl@45699e5
2026-08-31T11:14:50.481-04:00 DEBUG 20072 --- [backend] [HikariPool-1 connection adder] com.zaxxer.hikari.pool.HikariPool        : HikariPool-1 - Connection not added, stats (total=10, active=0, idle=10, waiting=0)
2026-08-31T11:14:50.489-04:00 DEBUG 20072 --- [backend] [HikariPool-1 connection adder] com.zaxxer.hikari.pool.HikariPool        : HikariPool-1 - Connection not added, stats (total=10, active=0, idle=10, waiting=0)
2026-08-31T11:14:50.491-04:00 DEBUG 20072 --- [backend] [HikariPool-1 connection adder] com.zaxxer.hikari.pool.HikariPool        : HikariPool-1 - Connection not added, stats (total=10, active=0, idle=10, waiting=0)
2026-08-31T11:15:11.953-04:00 DEBUG 20072 --- [backend] [HikariPool-1 housekeeper] com.zaxxer.hikari.pool.HikariPool        : HikariPool-1 - Pool stats (total=10, active=0, idle=10, waiting=0)
2026-08-31T11:15:11.953-04:00 DEBUG 20072 --- [backend] [HikariPool-1 housekeeper] com.zaxxer.hikari.pool.HikariPool        : HikariPool-1 - Fill pool skipped, pool has sufficient level or currently being filled.
2026-08-31T12:53:50.087-04:00  WARN 20072 --- [backend] [HikariPool-1 housekeeper] com.zaxxer.hikari.pool.HikariPool        : HikariPool-1 - Thread starvation or clock leap detected (housekeeper delta=1h38m44s734ms875µs100ns).
2026-08-31T12:53:50.087-04:00 DEBUG 20072 --- [backend] [HikariPool-1 housekeeper] com.zaxxer.hikari.pool.HikariPool        : HikariPool-1 - Pool stats (total=10, active=0, idle=10, waiting=0)
2026-08-31T12:53:50.087-04:00 DEBUG 20072 --- [backend] [HikariPool-1 housekeeper] com.zaxxer.hikari.pool.HikariPool        : HikariPool-1 - Fill pool skipped, pool has sufficient level or currently being filled.
2026-08-31T12:53:50.087-04:00 DEBUG 20072 --- [backend] [HikariPool-1 connection closer] com.zaxxer.hikari.pool.PoolBase          : HikariPool-1 - Closing connection com.mysql.cj.jdbc.ConnectionImpl@45699e5: (connection has passed maxLifetime)
2026-08-31T12:53:50.090-04:00 DEBUG 20072 --- [backend] [HikariPool-1 connection closer] com.zaxxer.hikari.pool.PoolBase          : HikariPool-1 - Closing connection com.mysql.cj.jdbc.ConnectionImpl@a3b9248: (connection has passed maxLifetime)
2026-08-31T12:53:50.091-04:00 DEBUG 20072 --- [backend] [HikariPool-1 connection closer] com.zaxxer.hikari.pool.PoolBase          : HikariPool-1 - Closing connection com.mysql.cj.jdbc.ConnectionImpl@558cf63e: (connection has passed maxLifetime)
2026-08-31T12:53:50.093-04:00 DEBUG 20072 --- [backend] [HikariPool-1 connection closer] com.zaxxer.hikari.pool.PoolBase          : HikariPool-1 - Closing connection com.mysql.cj.jdbc.ConnectionImpl@314cfa55: (connection has passed maxLifetime)
2026-08-31T12:53:50.094-04:00 DEBUG 20072 --- [backend] [HikariPool-1 connection closer] com.zaxxer.hikari.pool.PoolBase          : HikariPool-1 - Closing connection com.mysql.cj.jdbc.ConnectionImpl@35a30971: (connection has passed maxLifetime)
2026-08-31T12:53:50.097-04:00 DEBUG 20072 --- [backend] [HikariPool-1 connection closer] com.zaxxer.hikari.pool.PoolBase          : HikariPool-1 - Closing connection com.mysql.cj.jdbc.ConnectionImpl@749e034a: (connection has passed maxLifetime)
2026-08-31T12:53:50.098-04:00 DEBUG 20072 --- [backend] [HikariPool-1 connection closer] com.zaxxer.hikari.pool.PoolBase          : HikariPool-1 - Closing connection com.mysql.cj.jdbc.ConnectionImpl@7a32f1bb: (connection has passed maxLifetime)
2026-08-31T12:53:50.100-04:00 DEBUG 20072 --- [backend] [HikariPool-1 connection closer] com.zaxxer.hikari.pool.PoolBase          : HikariPool-1 - Closing connection com.mysql.cj.jdbc.ConnectionImpl@4dcf8dc: (connection has passed maxLifetime)
2026-08-31T12:53:50.102-04:00 DEBUG 20072 --- [backend] [HikariPool-1 connection closer] com.zaxxer.hikari.pool.PoolBase          : HikariPool-1 - Closing connection com.mysql.cj.jdbc.ConnectionImpl@57b695d3: (connection has passed maxLifetime)
2026-08-31T12:53:50.104-04:00 DEBUG 20072 --- [backend] [HikariPool-1 connection closer] com.zaxxer.hikari.pool.PoolBase          : HikariPool-1 - Closing connection com.mysql.cj.jdbc.ConnectionImpl@51c24f0b: (connection has passed maxLifetime)
2026-08-31T12:53:50.234-04:00 DEBUG 20072 --- [backend] [HikariPool-1 connection adder] com.zaxxer.hikari.pool.HikariPool        : HikariPool-1 - Added connection com.mysql.cj.jdbc.ConnectionImpl@437ef796
2026-08-31T12:53:50.268-04:00 DEBUG 20072 --- [backend] [HikariPool-1 connection adder] com.zaxxer.hikari.pool.HikariPool        : HikariPool-1 - Connection not added, stats (total=1, active=0, idle=1, waiting=0)
2026-08-31T12:53:50.503-04:00 DEBUG 20072 --- [backend] [HikariPool-1 connection adder] com.zaxxer.hikari.pool.HikariPool        : HikariPool-1 - Added connection com.mysql.cj.jdbc.ConnectionImpl@243fdad
2026-08-31T12:53:50.538-04:00 DEBUG 20072 --- [backend] [HikariPool-1 connection adder] com.zaxxer.hikari.pool.HikariPool        : HikariPool-1 - Connection not added, stats (total=2, active=0, idle=2, waiting=0)
2026-08-31T12:53:50.621-04:00 DEBUG 20072 --- [backend] [HikariPool-1 connection adder] com.zaxxer.hikari.pool.HikariPool        : HikariPool-1 - Added connection com.mysql.cj.jdbc.ConnectionImpl@338b5b02
2026-08-31T12:53:50.659-04:00 DEBUG 20072 --- [backend] [HikariPool-1 connection adder] com.zaxxer.hikari.pool.HikariPool        : HikariPool-1 - Connection not added, stats (total=3, active=0, idle=3, waiting=0)
2026-08-31T12:53:50.769-04:00 DEBUG 20072 --- [backend] [HikariPool-1 connection adder] com.zaxxer.hikari.pool.HikariPool        : HikariPool-1 - Added connection com.mysql.cj.jdbc.ConnectionImpl@626c02e2
2026-08-31T12:53:50.804-04:00 DEBUG 20072 --- [backend] [HikariPool-1 connection adder] com.zaxxer.hikari.pool.HikariPool        : HikariPool-1 - Connection not added, stats (total=4, active=0, idle=4, waiting=0)
2026-08-31T12:53:50.823-04:00 DEBUG 20072 --- [backend] [HikariPool-1 connection adder] com.zaxxer.hikari.pool.HikariPool        : HikariPool-1 - Added connection com.mysql.cj.jdbc.ConnectionImpl@6233b585
2026-08-31T12:53:50.866-04:00 DEBUG 20072 --- [backend] [HikariPool-1 connection adder] com.zaxxer.hikari.pool.HikariPool        : HikariPool-1 - Connection not added, stats (total=5, active=0, idle=5, waiting=0)
2026-08-31T12:53:50.937-04:00 DEBUG 20072 --- [backend] [HikariPool-1 connection adder] com.zaxxer.hikari.pool.HikariPool        : HikariPool-1 - Added connection com.mysql.cj.jdbc.ConnectionImpl@66221c27
2026-08-31T12:53:50.968-04:00 DEBUG 20072 --- [backend] [HikariPool-1 connection adder] com.zaxxer.hikari.pool.HikariPool        : HikariPool-1 - Connection not added, stats (total=6, active=0, idle=6, waiting=0)
2026-08-31T12:53:51.065-04:00 DEBUG 20072 --- [backend] [HikariPool-1 connection adder] com.zaxxer.hikari.pool.HikariPool        : HikariPool-1 - Added connection com.mysql.cj.jdbc.ConnectionImpl@5fe83e83
2026-08-31T12:53:51.104-04:00 DEBUG 20072 --- [backend] [HikariPool-1 connection adder] com.zaxxer.hikari.pool.HikariPool        : HikariPool-1 - Connection not added, stats (total=7, active=0, idle=7, waiting=0)
2026-08-31T12:53:51.187-04:00 DEBUG 20072 --- [backend] [HikariPool-1 connection adder] com.zaxxer.hikari.pool.HikariPool        : HikariPool-1 - Added connection com.mysql.cj.jdbc.ConnectionImpl@16f346b0
2026-08-31T12:53:51.222-04:00 DEBUG 20072 --- [backend] [HikariPool-1 connection adder] com.zaxxer.hikari.pool.HikariPool        : HikariPool-1 - Connection not added, stats (total=8, active=0, idle=8, waiting=0)
2026-08-31T12:53:51.770-04:00 DEBUG 20072 --- [backend] [HikariPool-1 connection adder] com.zaxxer.hikari.pool.HikariPool        : HikariPool-1 - Added connection com.mysql.cj.jdbc.ConnectionImpl@695c5452
2026-08-31T12:53:51.812-04:00 DEBUG 20072 --- [backend] [HikariPool-1 connection adder] com.zaxxer.hikari.pool.HikariPool        : HikariPool-1 - Connection not added, stats (total=9, active=0, idle=9, waiting=0)
2026-08-31T12:53:52.364-04:00 DEBUG 20072 --- [backend] [HikariPool-1 connection adder] com.zaxxer.hikari.pool.HikariPool        : HikariPool-1 - Added connection com.mysql.cj.jdbc.ConnectionImpl@306800c5
2026-08-31T12:53:52.404-04:00 DEBUG 20072 --- [backend] [HikariPool-1 connection adder] com.zaxxer.hikari.pool.HikariPool        : HikariPool-1 - Connection not added, stats (total=10, active=0, idle=10, waiting=0)
2026-08-31T12:53:52.404-04:00 DEBUG 20072 --- [backend] [HikariPool-1 connection adder] com.zaxxer.hikari.pool.HikariPool        : HikariPool-1 - Connection not added, stats (total=10, active=0, idle=10, waiting=0)
2026-08-31T12:54:20.094-04:00 DEBUG 20072 --- [backend] [HikariPool-1 housekeeper] com.zaxxer.hikari.pool.HikariPool        : HikariPool-1 - Pool stats (total=10, active=0, idle=10, waiting=0)
2026-08-31T12:54:20.094-04:00 DEBUG 20072 --- [backend] [HikariPool-1 housekeeper] com.zaxxer.hikari.pool.HikariPool        : HikariPool-1 - Fill pool skipped, pool has sufficient level or currently being filled.
2026-08-31T12:54:50.105-04:00 DEBUG 20072 --- [backend] [HikariPool-1 housekeeper] com.zaxxer.hikari.pool.HikariPool        : HikariPool-1 - Pool stats (total=10, active=0, idle=10, waiting=0)
2026-08-31T12:54:50.105-04:00 DEBUG 20072 --- [backend] [HikariPool-1 housekeeper] com.zaxxer.hikari.pool.HikariPool        : HikariPool-1 - Fill pool skipped, pool has sufficient level or currently being filled.
2026-08-31T12:55:20.114-04:00 DEBUG 20072 --- [backend] [HikariPool-1 housekeeper] com.zaxxer.hikari.pool.HikariPool        : HikariPool-1 - Pool stats (total=10, active=0, idle=10, waiting=0)
2026-08-31T12:55:20.114-04:00 DEBUG 20072 --- [backend] [HikariPool-1 housekeeper] com.zaxxer.hikari.pool.HikariPool        : HikariPool-1 - Fill pool skipped, pool has sufficient level or currently being filled.
2026-08-31T12:55:50.115-04:00 DEBUG 20072 --- [backend] [HikariPool-1 housekeeper] com.zaxxer.hikari.pool.HikariPool        : HikariPool-1 - Pool stats (total=10, active=0, idle=10, waiting=0)
2026-08-31T12:55:50.115-04:00 DEBUG 20072 --- [backend] [HikariPool-1 housekeeper] com.zaxxer.hikari.pool.HikariPool        : HikariPool-1 - Fill pool skipped, pool has sufficient level or currently being filled.
2026-08-31T12:56:20.121-04:00 DEBUG 20072 --- [backend] [HikariPool-1 housekeeper] com.zaxxer.hikari.pool.HikariPool        : HikariPool-1 - Pool stats (total=10, active=0, idle=10, waiting=0)
2026-08-31T12:56:20.121-04:00 DEBUG 20072 --- [backend] [HikariPool-1 housekeeper] com.zaxxer.hikari.pool.HikariPool        : HikariPool-1 - Fill pool skipped, pool has sufficient level or currently being filled.
2026-08-31T12:56:34.934-04:00 DEBUG 20072 --- [backend] [http-nio-8180-exec-5] o.s.security.web.FilterChainProxy        : Securing GET /patient
2026-08-31T12:56:34.934-04:00 DEBUG 20072 --- [backend] [http-nio-8180-exec-5] o.s.security.web.FilterChainProxy        : Secured GET /patient
2026-08-31T12:56:34.934-04:00 TRACE 20072 --- [backend] [http-nio-8180-exec-5] o.s.web.servlet.DispatcherServlet        : GET "/patient", parameters={}, headers={masked} in DispatcherServlet 'dispatcherServlet'
2026-08-31T12:56:34.934-04:00 TRACE 20072 --- [backend] [http-nio-8180-exec-5] s.w.s.m.m.a.RequestMappingHandlerMapping : Mapped to com.duoc.backend.patient.PatientController#getAllPatients()
2026-08-31T12:56:34.934-04:00 TRACE 20072 --- [backend] [http-nio-8180-exec-5] .i.SessionFactoryImpl$SessionBuilderImpl : Opening Hibernate Session.  tenant=null
2026-08-31T12:56:34.934-04:00 TRACE 20072 --- [backend] [http-nio-8180-exec-5] org.hibernate.internal.SessionImpl       : Opened Session [ced9c19a-dac5-4744-aecd-48bac9816726] at timestamp: 1788195394934
2026-08-31T12:56:34.934-04:00 TRACE 20072 --- [backend] [http-nio-8180-exec-5] o.s.web.method.HandlerMethod             : Arguments: []
2026-08-31T12:56:34.961-04:00 DEBUG 20072 --- [backend] [http-nio-8180-exec-5] o.h.e.t.internal.TransactionImpl         : On TransactionImpl creation, JpaCompliance#isJpaTransactionComplianceEnabled == false
2026-08-31T12:56:34.961-04:00 DEBUG 20072 --- [backend] [http-nio-8180-exec-5] o.h.e.t.internal.TransactionImpl         : begin
2026-08-31T12:56:34.962-04:00 TRACE 20072 --- [backend] [http-nio-8180-exec-5] j.i.AbstractLogicalConnectionImplementor : Preparing to begin transaction via JDBC Connection.setAutoCommit(false)
2026-08-31T12:56:34.964-04:00 TRACE 20072 --- [backend] [http-nio-8180-exec-5] j.i.AbstractLogicalConnectionImplementor : Transaction begun via JDBC Connection.setAutoCommit(false)
2026-08-31T12:56:34.964-04:00 TRACE 20072 --- [backend] [http-nio-8180-exec-5] cResourceLocalTransactionCoordinatorImpl : ResourceLocalTransactionCoordinatorImpl#afterBeginCallback
2026-08-31T12:56:34.969-04:00 TRACE 20072 --- [backend] [http-nio-8180-exec-5] o.h.q.sqm.sql.BaseSqmToSqlAstConverter   : Resolving SqmRoot [com.duoc.backend.patient.Patient] to TableGroup
2026-08-31T12:56:34.969-04:00 TRACE 20072 --- [backend] [http-nio-8180-exec-5] o.h.q.sqm.sql.BaseSqmToSqlAstConverter   : Resolving SqmRoot [com.duoc.backend.patient.Patient] to TableGroup
2026-08-31T12:56:34.970-04:00 DEBUG 20072 --- [backend] [http-nio-8180-exec-5] org.hibernate.orm.sql.ast.create         : Created new SQL alias : p1_0
2026-08-31T12:56:34.970-04:00 TRACE 20072 --- [backend] [http-nio-8180-exec-5] o.h.q.sqm.sql.BaseSqmToSqlAstConverter   : Resolved SqmRoot [com.duoc.backend.patient.Patient] to new TableGroup [StandardTableGroup(com.duoc.backend.patient.Patient(12))]
2026-08-31T12:56:34.970-04:00 DEBUG 20072 --- [backend] [http-nio-8180-exec-5] org.hibernate.orm.sql.ast.create         : Registration of TableGroup [StandardTableGroup(com.duoc.backend.patient.Patient(12))] with identifierForTableGroup [com.duoc.backend.patient.Patient] for NavigablePath [com.duoc.backend.patient.Patient] 
2026-08-31T12:56:34.970-04:00 TRACE 20072 --- [backend] [http-nio-8180-exec-5] o.h.q.sqm.sql.BaseSqmToSqlAstConverter   : Visiting explicit joins for `com.duoc.backend.patient.Patient(12)`
2026-08-31T12:56:34.971-04:00 TRACE 20072 --- [backend] [http-nio-8180-exec-5] o.h.q.sqm.sql.BaseSqmToSqlAstConverter   : SqmRoot [com.duoc.backend.patient.Patient] resolved to existing TableGroup [StandardTableGroup(com.duoc.backend.patient.Patient(12))]
2026-08-31T12:56:34.971-04:00 DEBUG 20072 --- [backend] [http-nio-8180-exec-5] org.hibernate.orm.results.graph.AST      : DomainResult Graph:
 \-EntityResultImpl [com.duoc.backend.patient.Patient(12)]
 |  +-BasicFetch [com.duoc.backend.patient.Patient(12).age]
 |  +-BasicFetch [com.duoc.backend.patient.Patient(12).breed]
 |  +-BasicFetch [com.duoc.backend.patient.Patient(12).name]
 |  +-BasicFetch [com.duoc.backend.patient.Patient(12).owner]
 |  \-BasicFetch [com.duoc.backend.patient.Patient(12).species]

2026-08-31T12:56:34.971-04:00 TRACE 20072 --- [backend] [http-nio-8180-exec-5] org.hibernate.orm.results.graph.AST      : Stack trace calling DomainResultGraphPrinter

java.lang.Exception: null
	at org.hibernate.sql.results.graph.DomainResultGraphPrinter.visitDomainResults(DomainResultGraphPrinter.java:70) ~[hibernate-core-6.6.11.Final.jar:6.6.11.Final]
	at org.hibernate.sql.results.graph.DomainResultGraphPrinter.logDomainResultGraph(DomainResultGraphPrinter.java:46) ~[hibernate-core-6.6.11.Final.jar:6.6.11.Final]
	at org.hibernate.sql.results.graph.DomainResultGraphPrinter.logDomainResultGraph(DomainResultGraphPrinter.java:37) ~[hibernate-core-6.6.11.Final.jar:6.6.11.Final]
	at org.hibernate.sql.ast.spi.AbstractSqlAstTranslator.translateSelect(AbstractSqlAstTranslator.java:877) ~[hibernate-core-6.6.11.Final.jar:6.6.11.Final]
	at org.hibernate.sql.ast.spi.AbstractSqlAstTranslator.translate(AbstractSqlAstTranslator.java:815) ~[hibernate-core-6.6.11.Final.jar:6.6.11.Final]
	at org.hibernate.query.sqm.internal.ConcreteSqmSelectQueryPlan.buildCacheableSqmInterpretation(ConcreteSqmSelectQueryPlan.java:510) ~[hibernate-core-6.6.11.Final.jar:6.6.11.Final]
	at org.hibernate.query.sqm.internal.ConcreteSqmSelectQueryPlan.withCacheableSqmInterpretation(ConcreteSqmSelectQueryPlan.java:388) ~[hibernate-core-6.6.11.Final.jar:6.6.11.Final]
	at org.hibernate.query.sqm.internal.ConcreteSqmSelectQueryPlan.performList(ConcreteSqmSelectQueryPlan.java:362) ~[hibernate-core-6.6.11.Final.jar:6.6.11.Final]
	at org.hibernate.query.sqm.internal.QuerySqmImpl.doList(QuerySqmImpl.java:380) ~[hibernate-core-6.6.11.Final.jar:6.6.11.Final]
	at org.hibernate.query.spi.AbstractSelectionQuery.list(AbstractSelectionQuery.java:143) ~[hibernate-core-6.6.11.Final.jar:6.6.11.Final]
	at org.hibernate.query.Query.getResultList(Query.java:120) ~[hibernate-core-6.6.11.Final.jar:6.6.11.Final]
	at org.springframework.data.jpa.repository.support.SimpleJpaRepository.findAll(SimpleJpaRepository.java:395) ~[spring-data-jpa-3.4.4.jar:3.4.4]
	at java.base/jdk.internal.reflect.NativeMethodAccessorImpl.invoke0(Native Method) ~[na:na]
	at java.base/jdk.internal.reflect.NativeMethodAccessorImpl.invoke(NativeMethodAccessorImpl.java:77) ~[na:na]
	at java.base/jdk.internal.reflect.DelegatingMethodAccessorImpl.invoke(DelegatingMethodAccessorImpl.java:43) ~[na:na]
	at java.base/java.lang.reflect.Method.invoke(Method.java:568) ~[na:na]
	at org.springframework.aop.support.AopUtils.invokeJoinpointUsingReflection(AopUtils.java:359) ~[spring-aop-6.2.5.jar:6.2.5]
	at org.springframework.data.repository.core.support.RepositoryMethodInvoker$RepositoryFragmentMethodInvoker.lambda$new$0(RepositoryMethodInvoker.java:277) ~[spring-data-commons-3.4.4.jar:3.4.4]
	at org.springframework.data.repository.core.support.RepositoryMethodInvoker.doInvoke(RepositoryMethodInvoker.java:170) ~[spring-data-commons-3.4.4.jar:3.4.4]
	at org.springframework.data.repository.core.support.RepositoryMethodInvoker.invoke(RepositoryMethodInvoker.java:158) ~[spring-data-commons-3.4.4.jar:3.4.4]
	at org.springframework.data.repository.core.support.RepositoryComposition$RepositoryFragments.invoke(RepositoryComposition.java:515) ~[spring-data-commons-3.4.4.jar:3.4.4]
	at org.springframework.data.repository.core.support.RepositoryComposition.invoke(RepositoryComposition.java:284) ~[spring-data-commons-3.4.4.jar:3.4.4]
	at org.springframework.data.repository.core.support.RepositoryFactorySupport$ImplementationMethodExecutionInterceptor.invoke(RepositoryFactorySupport.java:731) ~[spring-data-commons-3.4.4.jar:3.4.4]
	at org.springframework.aop.framework.ReflectiveMethodInvocation.proceed(ReflectiveMethodInvocation.java:184) ~[spring-aop-6.2.5.jar:6.2.5]
	at org.springframework.data.repository.core.support.QueryExecutorMethodInterceptor.doInvoke(QueryExecutorMethodInterceptor.java:174) ~[spring-data-commons-3.4.4.jar:3.4.4]
	at org.springframework.data.repository.core.support.QueryExecutorMethodInterceptor.invoke(QueryExecutorMethodInterceptor.java:149) ~[spring-data-commons-3.4.4.jar:3.4.4]
	at org.springframework.aop.framework.ReflectiveMethodInvocation.proceed(ReflectiveMethodInvocation.java:184) ~[spring-aop-6.2.5.jar:6.2.5]
	at org.springframework.transaction.interceptor.TransactionAspectSupport.invokeWithinTransaction(TransactionAspectSupport.java:380) ~[spring-tx-6.2.5.jar:6.2.5]
	at org.springframework.transaction.interceptor.TransactionInterceptor.invoke(TransactionInterceptor.java:119) ~[spring-tx-6.2.5.jar:6.2.5]
	at org.springframework.aop.framework.ReflectiveMethodInvocation.proceed(ReflectiveMethodInvocation.java:184) ~[spring-aop-6.2.5.jar:6.2.5]
	at org.springframework.dao.support.PersistenceExceptionTranslationInterceptor.invoke(PersistenceExceptionTranslationInterceptor.java:138) ~[spring-tx-6.2.5.jar:6.2.5]
	at org.springframework.aop.framework.ReflectiveMethodInvocation.proceed(ReflectiveMethodInvocation.java:184) ~[spring-aop-6.2.5.jar:6.2.5]
	at org.springframework.data.jpa.repository.support.CrudMethodMetadataPostProcessor$CrudMethodMetadataPopulatingMethodInterceptor.invoke(CrudMethodMetadataPostProcessor.java:165) ~[spring-data-jpa-3.4.4.jar:3.4.4]
	at org.springframework.aop.framework.ReflectiveMethodInvocation.proceed(ReflectiveMethodInvocation.java:184) ~[spring-aop-6.2.5.jar:6.2.5]
	at org.springframework.aop.framework.JdkDynamicAopProxy.invoke(JdkDynamicAopProxy.java:223) ~[spring-aop-6.2.5.jar:6.2.5]
	at jdk.proxy2/jdk.proxy2.$Proxy128.findAll(Unknown Source) ~[na:na]
	at com.duoc.backend.patient.PatientService.getAllPatients(PatientService.java:13) ~[classes/:na]
	at com.duoc.backend.patient.PatientController.getAllPatients(PatientController.java:30) ~[classes/:na]
	at java.base/jdk.internal.reflect.NativeMethodAccessorImpl.invoke0(Native Method) ~[na:na]
	at java.base/jdk.internal.reflect.NativeMethodAccessorImpl.invoke(NativeMethodAccessorImpl.java:77) ~[na:na]
	at java.base/jdk.internal.reflect.DelegatingMethodAccessorImpl.invoke(DelegatingMethodAccessorImpl.java:43) ~[na:na]
	at java.base/java.lang.reflect.Method.invoke(Method.java:568) ~[na:na]
	at org.springframework.web.method.support.InvocableHandlerMethod.doInvoke(InvocableHandlerMethod.java:258) ~[spring-web-6.2.5.jar:6.2.5]
	at org.springframework.web.method.support.InvocableHandlerMethod.invokeForRequest(InvocableHandlerMethod.java:191) ~[spring-web-6.2.5.jar:6.2.5]
	at org.springframework.web.servlet.mvc.method.annotation.ServletInvocableHandlerMethod.invokeAndHandle(ServletInvocableHandlerMethod.java:118) ~[spring-webmvc-6.2.5.jar:6.2.5]
	at org.springframework.web.servlet.mvc.method.annotation.RequestMappingHandlerAdapter.invokeHandlerMethod(RequestMappingHandlerAdapter.java:986) ~[spring-webmvc-6.2.5.jar:6.2.5]
	at org.springframework.web.servlet.mvc.method.annotation.RequestMappingHandlerAdapter.handleInternal(RequestMappingHandlerAdapter.java:891) ~[spring-webmvc-6.2.5.jar:6.2.5]
	at org.springframework.web.servlet.mvc.method.AbstractHandlerMethodAdapter.handle(AbstractHandlerMethodAdapter.java:87) ~[spring-webmvc-6.2.5.jar:6.2.5]
	at org.springframework.web.servlet.DispatcherServlet.doDispatch(DispatcherServlet.java:1089) ~[spring-webmvc-6.2.5.jar:6.2.5]
	at org.springframework.web.servlet.DispatcherServlet.doService(DispatcherServlet.java:979) ~[spring-webmvc-6.2.5.jar:6.2.5]
	at org.springframework.web.servlet.FrameworkServlet.processRequest(FrameworkServlet.java:1014) ~[spring-webmvc-6.2.5.jar:6.2.5]
	at org.springframework.web.servlet.FrameworkServlet.doGet(FrameworkServlet.java:903) ~[spring-webmvc-6.2.5.jar:6.2.5]
	at jakarta.servlet.http.HttpServlet.service(HttpServlet.java:564) ~[tomcat-embed-core-10.1.39.jar:6.0]
	at org.springframework.web.servlet.FrameworkServlet.service(FrameworkServlet.java:885) ~[spring-webmvc-6.2.5.jar:6.2.5]
	at jakarta.servlet.http.HttpServlet.service(HttpServlet.java:658) ~[tomcat-embed-core-10.1.39.jar:6.0]
	at org.apache.catalina.core.ApplicationFilterChain.internalDoFilter(ApplicationFilterChain.java:195) ~[tomcat-embed-core-10.1.39.jar:10.1.39]
	at org.apache.catalina.core.ApplicationFilterChain.doFilter(ApplicationFilterChain.java:140) ~[tomcat-embed-core-10.1.39.jar:10.1.39]
	at org.apache.tomcat.websocket.server.WsFilter.doFilter(WsFilter.java:51) ~[tomcat-embed-websocket-10.1.39.jar:10.1.39]
	at org.apache.catalina.core.ApplicationFilterChain.internalDoFilter(ApplicationFilterChain.java:164) ~[tomcat-embed-core-10.1.39.jar:10.1.39]
	at org.apache.catalina.core.ApplicationFilterChain.doFilter(ApplicationFilterChain.java:140) ~[tomcat-embed-core-10.1.39.jar:10.1.39]
	at org.springframework.web.filter.OncePerRequestFilter.doFilter(OncePerRequestFilter.java:110) ~[spring-web-6.2.5.jar:6.2.5]
	at org.apache.catalina.core.ApplicationFilterChain.internalDoFilter(ApplicationFilterChain.java:164) ~[tomcat-embed-core-10.1.39.jar:10.1.39]
	at org.apache.catalina.core.ApplicationFilterChain.doFilter(ApplicationFilterChain.java:140) ~[tomcat-embed-core-10.1.39.jar:10.1.39]
	at org.springframework.web.filter.CompositeFilter$VirtualFilterChain.doFilter(CompositeFilter.java:108) ~[spring-web-6.2.5.jar:6.2.5]
	at org.springframework.security.web.FilterChainProxy.lambda$doFilterInternal$3(FilterChainProxy.java:231) ~[spring-security-web-6.4.4.jar:6.4.4]
	at org.springframework.security.web.FilterChainProxy$VirtualFilterChain.doFilter(FilterChainProxy.java:365) ~[spring-security-web-6.4.4.jar:6.4.4]
	at org.springframework.security.web.access.intercept.AuthorizationFilter.doFilter(AuthorizationFilter.java:101) ~[spring-security-web-6.4.4.jar:6.4.4]
	at org.springframework.security.web.FilterChainProxy$VirtualFilterChain.doFilter(FilterChainProxy.java:374) ~[spring-security-web-6.4.4.jar:6.4.4]
	at org.springframework.security.web.access.ExceptionTranslationFilter.doFilter(ExceptionTranslationFilter.java:126) ~[spring-security-web-6.4.4.jar:6.4.4]
	at org.springframework.security.web.access.ExceptionTranslationFilter.doFilter(ExceptionTranslationFilter.java:120) ~[spring-security-web-6.4.4.jar:6.4.4]
	at org.springframework.security.web.FilterChainProxy$VirtualFilterChain.doFilter(FilterChainProxy.java:374) ~[spring-security-web-6.4.4.jar:6.4.4]
	at org.springframework.security.web.authentication.AnonymousAuthenticationFilter.doFilter(AnonymousAuthenticationFilter.java:100) ~[spring-security-web-6.4.4.jar:6.4.4]
	at org.springframework.security.web.FilterChainProxy$VirtualFilterChain.doFilter(FilterChainProxy.java:374) ~[spring-security-web-6.4.4.jar:6.4.4]
	at org.springframework.security.web.servletapi.SecurityContextHolderAwareRequestFilter.doFilter(SecurityContextHolderAwareRequestFilter.java:179) ~[spring-security-web-6.4.4.jar:6.4.4]
	at org.springframework.security.web.FilterChainProxy$VirtualFilterChain.doFilter(FilterChainProxy.java:374) ~[spring-security-web-6.4.4.jar:6.4.4]
	at org.springframework.security.web.savedrequest.RequestCacheAwareFilter.doFilter(RequestCacheAwareFilter.java:63) ~[spring-security-web-6.4.4.jar:6.4.4]
	at org.springframework.security.web.FilterChainProxy$VirtualFilterChain.doFilter(FilterChainProxy.java:374) ~[spring-security-web-6.4.4.jar:6.4.4]
	at com.duoc.backend.JWTAuthorizationFilter.doFilterInternal(JWTAuthorizationFilter.java:70) ~[classes/:na]
	at org.springframework.web.filter.OncePerRequestFilter.doFilter(OncePerRequestFilter.java:116) ~[spring-web-6.2.5.jar:6.2.5]
	at org.springframework.security.web.FilterChainProxy$VirtualFilterChain.doFilter(FilterChainProxy.java:374) ~[spring-security-web-6.4.4.jar:6.4.4]
	at org.springframework.security.web.authentication.logout.LogoutFilter.doFilter(LogoutFilter.java:107) ~[spring-security-web-6.4.4.jar:6.4.4]
	at org.springframework.security.web.authentication.logout.LogoutFilter.doFilter(LogoutFilter.java:93) ~[spring-security-web-6.4.4.jar:6.4.4]
	at org.springframework.security.web.FilterChainProxy$VirtualFilterChain.doFilter(FilterChainProxy.java:374) ~[spring-security-web-6.4.4.jar:6.4.4]
	at org.springframework.security.web.header.HeaderWriterFilter.doHeadersAfter(HeaderWriterFilter.java:90) ~[spring-security-web-6.4.4.jar:6.4.4]
	at org.springframework.security.web.header.HeaderWriterFilter.doFilterInternal(HeaderWriterFilter.java:75) ~[spring-security-web-6.4.4.jar:6.4.4]
	at org.springframework.web.filter.OncePerRequestFilter.doFilter(OncePerRequestFilter.java:116) ~[spring-web-6.2.5.jar:6.2.5]
	at org.springframework.security.web.FilterChainProxy$VirtualFilterChain.doFilter(FilterChainProxy.java:374) ~[spring-security-web-6.4.4.jar:6.4.4]
	at org.springframework.security.web.context.SecurityContextHolderFilter.doFilter(SecurityContextHolderFilter.java:82) ~[spring-security-web-6.4.4.jar:6.4.4]
	at org.springframework.security.web.context.SecurityContextHolderFilter.doFilter(SecurityContextHolderFilter.java:69) ~[spring-security-web-6.4.4.jar:6.4.4]
	at org.springframework.security.web.FilterChainProxy$VirtualFilterChain.doFilter(FilterChainProxy.java:374) ~[spring-security-web-6.4.4.jar:6.4.4]
	at org.springframework.security.web.context.request.async.WebAsyncManagerIntegrationFilter.doFilterInternal(WebAsyncManagerIntegrationFilter.java:62) ~[spring-security-web-6.4.4.jar:6.4.4]
	at org.springframework.web.filter.OncePerRequestFilter.doFilter(OncePerRequestFilter.java:116) ~[spring-web-6.2.5.jar:6.2.5]
	at org.springframework.security.web.FilterChainProxy$VirtualFilterChain.doFilter(FilterChainProxy.java:374) ~[spring-security-web-6.4.4.jar:6.4.4]
	at org.springframework.security.web.session.DisableEncodeUrlFilter.doFilterInternal(DisableEncodeUrlFilter.java:42) ~[spring-security-web-6.4.4.jar:6.4.4]
	at org.springframework.web.filter.OncePerRequestFilter.doFilter(OncePerRequestFilter.java:116) ~[spring-web-6.2.5.jar:6.2.5]
	at org.springframework.security.web.FilterChainProxy$VirtualFilterChain.doFilter(FilterChainProxy.java:374) ~[spring-security-web-6.4.4.jar:6.4.4]
	at org.springframework.security.web.FilterChainProxy.doFilterInternal(FilterChainProxy.java:233) ~[spring-security-web-6.4.4.jar:6.4.4]
	at org.springframework.security.web.FilterChainProxy.doFilter(FilterChainProxy.java:191) ~[spring-security-web-6.4.4.jar:6.4.4]
	at org.springframework.web.filter.CompositeFilter$VirtualFilterChain.doFilter(CompositeFilter.java:113) ~[spring-web-6.2.5.jar:6.2.5]
	at org.springframework.web.servlet.handler.HandlerMappingIntrospector.lambda$createCacheFilter$3(HandlerMappingIntrospector.java:243) ~[spring-webmvc-6.2.5.jar:6.2.5]
	at org.springframework.web.filter.CompositeFilter$VirtualFilterChain.doFilter(CompositeFilter.java:113) ~[spring-web-6.2.5.jar:6.2.5]
	at org.springframework.web.filter.CompositeFilter.doFilter(CompositeFilter.java:74) ~[spring-web-6.2.5.jar:6.2.5]
	at org.springframework.security.config.annotation.web.configuration.WebMvcSecurityConfiguration$CompositeFilterChainProxy.doFilter(WebMvcSecurityConfiguration.java:238) ~[spring-security-config-6.4.4.jar:6.4.4]
	at org.springframework.web.filter.DelegatingFilterProxy.invokeDelegate(DelegatingFilterProxy.java:362) ~[spring-web-6.2.5.jar:6.2.5]
	at org.springframework.web.filter.DelegatingFilterProxy.doFilter(DelegatingFilterProxy.java:278) ~[spring-web-6.2.5.jar:6.2.5]
	at org.apache.catalina.core.ApplicationFilterChain.internalDoFilter(ApplicationFilterChain.java:164) ~[tomcat-embed-core-10.1.39.jar:10.1.39]
	at org.apache.catalina.core.ApplicationFilterChain.doFilter(ApplicationFilterChain.java:140) ~[tomcat-embed-core-10.1.39.jar:10.1.39]
	at org.springframework.web.filter.RequestContextFilter.doFilterInternal(RequestContextFilter.java:100) ~[spring-web-6.2.5.jar:6.2.5]
	at org.springframework.web.filter.OncePerRequestFilter.doFilter(OncePerRequestFilter.java:116) ~[spring-web-6.2.5.jar:6.2.5]
	at org.apache.catalina.core.ApplicationFilterChain.internalDoFilter(ApplicationFilterChain.java:164) ~[tomcat-embed-core-10.1.39.jar:10.1.39]
	at org.apache.catalina.core.ApplicationFilterChain.doFilter(ApplicationFilterChain.java:140) ~[tomcat-embed-core-10.1.39.jar:10.1.39]
	at org.springframework.web.filter.FormContentFilter.doFilterInternal(FormContentFilter.java:93) ~[spring-web-6.2.5.jar:6.2.5]
	at org.springframework.web.filter.OncePerRequestFilter.doFilter(OncePerRequestFilter.java:116) ~[spring-web-6.2.5.jar:6.2.5]
	at org.apache.catalina.core.ApplicationFilterChain.internalDoFilter(ApplicationFilterChain.java:164) ~[tomcat-embed-core-10.1.39.jar:10.1.39]
	at org.apache.catalina.core.ApplicationFilterChain.doFilter(ApplicationFilterChain.java:140) ~[tomcat-embed-core-10.1.39.jar:10.1.39]
	at org.springframework.web.filter.CharacterEncodingFilter.doFilterInternal(CharacterEncodingFilter.java:201) ~[spring-web-6.2.5.jar:6.2.5]
	at org.springframework.web.filter.OncePerRequestFilter.doFilter(OncePerRequestFilter.java:116) ~[spring-web-6.2.5.jar:6.2.5]
	at org.apache.catalina.core.ApplicationFilterChain.internalDoFilter(ApplicationFilterChain.java:164) ~[tomcat-embed-core-10.1.39.jar:10.1.39]
	at org.apache.catalina.core.ApplicationFilterChain.doFilter(ApplicationFilterChain.java:140) ~[tomcat-embed-core-10.1.39.jar:10.1.39]
	at org.apache.catalina.core.StandardWrapperValve.invoke(StandardWrapperValve.java:167) ~[tomcat-embed-core-10.1.39.jar:10.1.39]
	at org.apache.catalina.core.StandardContextValve.invoke(StandardContextValve.java:90) ~[tomcat-embed-core-10.1.39.jar:10.1.39]
	at org.apache.catalina.authenticator.AuthenticatorBase.invoke(AuthenticatorBase.java:483) ~[tomcat-embed-core-10.1.39.jar:10.1.39]
	at org.apache.catalina.core.StandardHostValve.invoke(StandardHostValve.java:115) ~[tomcat-embed-core-10.1.39.jar:10.1.39]
	at org.apache.catalina.valves.ErrorReportValve.invoke(ErrorReportValve.java:93) ~[tomcat-embed-core-10.1.39.jar:10.1.39]
	at org.apache.catalina.core.StandardEngineValve.invoke(StandardEngineValve.java:74) ~[tomcat-embed-core-10.1.39.jar:10.1.39]
	at org.apache.catalina.connector.CoyoteAdapter.service(CoyoteAdapter.java:344) ~[tomcat-embed-core-10.1.39.jar:10.1.39]
	at org.apache.coyote.http11.Http11Processor.service(Http11Processor.java:397) ~[tomcat-embed-core-10.1.39.jar:10.1.39]
	at org.apache.coyote.AbstractProcessorLight.process(AbstractProcessorLight.java:63) ~[tomcat-embed-core-10.1.39.jar:10.1.39]
	at org.apache.coyote.AbstractProtocol$ConnectionHandler.process(AbstractProtocol.java:905) ~[tomcat-embed-core-10.1.39.jar:10.1.39]
	at org.apache.tomcat.util.net.NioEndpoint$SocketProcessor.doRun(NioEndpoint.java:1743) ~[tomcat-embed-core-10.1.39.jar:10.1.39]
	at org.apache.tomcat.util.net.SocketProcessorBase.run(SocketProcessorBase.java:52) ~[tomcat-embed-core-10.1.39.jar:10.1.39]
	at org.apache.tomcat.util.threads.ThreadPoolExecutor.runWorker(ThreadPoolExecutor.java:1190) ~[tomcat-embed-core-10.1.39.jar:10.1.39]
	at org.apache.tomcat.util.threads.ThreadPoolExecutor$Worker.run(ThreadPoolExecutor.java:659) ~[tomcat-embed-core-10.1.39.jar:10.1.39]
	at org.apache.tomcat.util.threads.TaskThread$WrappingRunnable.run(TaskThread.java:63) ~[tomcat-embed-core-10.1.39.jar:10.1.39]
	at java.base/java.lang.Thread.run(Thread.java:842) ~[na:na]

2026-08-31T12:56:34.974-04:00 DEBUG 20072 --- [backend] [http-nio-8180-exec-5] org.hibernate.orm.sql.ast.tree           : SQL AST Tree:
    SelectStatement {
      FromClause {
        StandardTableGroup (p1 : com.duoc.backend.patient.Patient(12)) {
          primaryTableReference : patient as p1_0
        }
      }
    }

2026-08-31T12:56:34.974-04:00 DEBUG 20072 --- [backend] [http-nio-8180-exec-5] org.hibernate.orm.sql.exec               : Skipping reading Query result cache data: cache-enabled = false, cache-mode = NORMAL
2026-08-31T12:56:34.974-04:00 TRACE 20072 --- [backend] [http-nio-8180-exec-5] o.h.s.r.j.i.DeferredResultSetAccess      : Executing query to retrieve ResultSet : select p1_0.id,p1_0.age,p1_0.breed,p1_0.name,p1_0.owner,p1_0.species from patient p1_0
2026-08-31T12:56:34.975-04:00 DEBUG 20072 --- [backend] [http-nio-8180-exec-5] org.hibernate.SQL                        : select p1_0.id,p1_0.age,p1_0.breed,p1_0.name,p1_0.owner,p1_0.species from patient p1_0
2026-08-31T12:56:34.976-04:00 TRACE 20072 --- [backend] [http-nio-8180-exec-5] o.h.r.j.i.ResourceRegistryStandardImpl   : Registering statement [HikariProxyPreparedStatement@1205137128 wrapping com.mysql.cj.jdbc.ClientPreparedStatement: select p1_0.id,p1_0.age,p1_0.breed,p1_0.name,p1_0.owner,p1_0.species from patient p1_0]
2026-08-31T12:56:34.976-04:00 TRACE 20072 --- [backend] [http-nio-8180-exec-5] o.h.e.jdbc.internal.JdbcCoordinatorImpl  : Registering last query statement [HikariProxyPreparedStatement@1205137128 wrapping com.mysql.cj.jdbc.ClientPreparedStatement: select p1_0.id,p1_0.age,p1_0.breed,p1_0.name,p1_0.owner,p1_0.species from patient p1_0]
2026-08-31T12:56:34.982-04:00 TRACE 20072 --- [backend] [http-nio-8180-exec-5] o.h.r.j.i.ResourceRegistryStandardImpl   : Registering result set [HikariProxyResultSet@748508642 wrapping com.mysql.cj.jdbc.result.ResultSetImpl@260d5429]
2026-08-31T12:56:34.983-04:00 TRACE 20072 --- [backend] [http-nio-8180-exec-5] org.hibernate.orm.results                : Registering initializer : EntityJoinedFetchInitializer(com.duoc.backend.patient.Patient(12))
2026-08-31T12:56:34.983-04:00 DEBUG 20072 --- [backend] [http-nio-8180-exec-5] org.hibernate.orm.results                : Initializer list:
	  com.duoc.backend.patient.Patient(12) -> EntityJoinedFetchInitializer(com.duoc.backend.patient.Patient(12))@1441568600 (SingleTableEntityPersister(com.duoc.backend.patient.Patient))

2026-08-31T12:56:34.983-04:00 TRACE 20072 --- [backend] [http-nio-8180-exec-5] org.hibernate.orm.jdbc.extract           : extracted value (1:BIGINT) -> [1]
2026-08-31T12:56:34.983-04:00 TRACE 20072 --- [backend] [http-nio-8180-exec-5] org.hibernate.orm.jdbc.extract           : extracted value (2:INTEGER) -> [3]
2026-08-31T12:56:34.983-04:00 TRACE 20072 --- [backend] [http-nio-8180-exec-5] org.hibernate.orm.jdbc.extract           : extracted value (3:VARCHAR) -> [Labrador]
2026-08-31T12:56:34.983-04:00 TRACE 20072 --- [backend] [http-nio-8180-exec-5] org.hibernate.orm.jdbc.extract           : extracted value (4:VARCHAR) -> [Luna]
2026-08-31T12:56:34.983-04:00 TRACE 20072 --- [backend] [http-nio-8180-exec-5] org.hibernate.orm.jdbc.extract           : extracted value (5:VARCHAR) -> [Ana Pérez]
2026-08-31T12:56:34.984-04:00 TRACE 20072 --- [backend] [http-nio-8180-exec-5] org.hibernate.orm.jdbc.extract           : extracted value (6:VARCHAR) -> [Perro]
2026-08-31T12:56:34.984-04:00 TRACE 20072 --- [backend] [http-nio-8180-exec-5] org.hibernate.orm.jdbc.extract           : extracted value (1:BIGINT) -> [2]
2026-08-31T12:56:34.984-04:00 TRACE 20072 --- [backend] [http-nio-8180-exec-5] org.hibernate.orm.jdbc.extract           : extracted value (2:INTEGER) -> [5]
2026-08-31T12:56:34.985-04:00 TRACE 20072 --- [backend] [http-nio-8180-exec-5] org.hibernate.orm.jdbc.extract           : extracted value (3:VARCHAR) -> [Siamés]
2026-08-31T12:56:34.985-04:00 TRACE 20072 --- [backend] [http-nio-8180-exec-5] org.hibernate.orm.jdbc.extract           : extracted value (4:VARCHAR) -> [Milo]
2026-08-31T12:56:34.985-04:00 TRACE 20072 --- [backend] [http-nio-8180-exec-5] org.hibernate.orm.jdbc.extract           : extracted value (5:VARCHAR) -> [Carlos Soto]
2026-08-31T12:56:34.985-04:00 TRACE 20072 --- [backend] [http-nio-8180-exec-5] org.hibernate.orm.jdbc.extract           : extracted value (6:VARCHAR) -> [Gato]
2026-08-31T12:56:34.985-04:00 TRACE 20072 --- [backend] [http-nio-8180-exec-5] o.h.r.j.i.ResourceRegistryStandardImpl   : Releasing result set [HikariProxyResultSet@748508642 wrapping com.mysql.cj.jdbc.result.ResultSetImpl@260d5429]
2026-08-31T12:56:34.985-04:00 TRACE 20072 --- [backend] [http-nio-8180-exec-5] o.h.r.j.i.ResourceRegistryStandardImpl   : Closing result set [HikariProxyResultSet@748508642 wrapping com.mysql.cj.jdbc.result.ResultSetImpl@260d5429]
2026-08-31T12:56:34.985-04:00 TRACE 20072 --- [backend] [http-nio-8180-exec-5] o.h.r.j.i.ResourceRegistryStandardImpl   : Releasing statement [HikariProxyPreparedStatement@1205137128 wrapping com.mysql.cj.jdbc.ClientPreparedStatement: select p1_0.id,p1_0.age,p1_0.breed,p1_0.name,p1_0.owner,p1_0.species from patient p1_0]
2026-08-31T12:56:34.985-04:00 TRACE 20072 --- [backend] [http-nio-8180-exec-5] o.h.r.j.i.ResourceRegistryStandardImpl   : Closing prepared statement [HikariProxyPreparedStatement@1205137128 wrapping com.mysql.cj.jdbc.ClientPreparedStatement: select p1_0.id,p1_0.age,p1_0.breed,p1_0.name,p1_0.owner,p1_0.species from patient p1_0]
2026-08-31T12:56:34.986-04:00 TRACE 20072 --- [backend] [http-nio-8180-exec-5] j.i.AbstractLogicalConnectionImplementor : LogicalConnection#afterStatement
2026-08-31T12:56:34.986-04:00 TRACE 20072 --- [backend] [http-nio-8180-exec-5] o.h.e.i.StatefulPersistenceContext       : Initializing non-lazy collections
2026-08-31T12:56:34.987-04:00 DEBUG 20072 --- [backend] [http-nio-8180-exec-5] o.h.e.t.internal.TransactionImpl         : committing
2026-08-31T12:56:34.987-04:00 TRACE 20072 --- [backend] [http-nio-8180-exec-5] cResourceLocalTransactionCoordinatorImpl : ResourceLocalTransactionCoordinatorImpl#beforeCompletionCallback
2026-08-31T12:56:34.987-04:00 TRACE 20072 --- [backend] [http-nio-8180-exec-5] org.hibernate.internal.SessionImpl       : SessionImpl#beforeTransactionCompletion()
2026-08-31T12:56:34.988-04:00 TRACE 20072 --- [backend] [http-nio-8180-exec-5] j.i.AbstractLogicalConnectionImplementor : LogicalConnection#beforeTransactionCompletion
2026-08-31T12:56:34.988-04:00 TRACE 20072 --- [backend] [http-nio-8180-exec-5] .t.i.SynchronizationRegistryStandardImpl : SynchronizationRegistryStandardImpl.notifySynchronizationsBeforeTransactionCompletion
2026-08-31T12:56:34.988-04:00 TRACE 20072 --- [backend] [http-nio-8180-exec-5] j.i.AbstractLogicalConnectionImplementor : Preparing to commit transaction via JDBC Connection.commit()
2026-08-31T12:56:34.990-04:00 TRACE 20072 --- [backend] [http-nio-8180-exec-5] j.i.AbstractLogicalConnectionImplementor : Transaction committed via JDBC Connection.commit()
2026-08-31T12:56:34.990-04:00 TRACE 20072 --- [backend] [http-nio-8180-exec-5] j.i.AbstractLogicalConnectionImplementor : re-enabling auto-commit on JDBC Connection after completion of JDBC-based transaction
2026-08-31T12:56:34.992-04:00 TRACE 20072 --- [backend] [http-nio-8180-exec-5] j.i.AbstractLogicalConnectionImplementor : LogicalConnection#afterTransaction
2026-08-31T12:56:34.992-04:00 TRACE 20072 --- [backend] [http-nio-8180-exec-5] o.h.r.j.i.ResourceRegistryStandardImpl   : Releasing JDBC resources
2026-08-31T12:56:34.992-04:00 TRACE 20072 --- [backend] [http-nio-8180-exec-5] cResourceLocalTransactionCoordinatorImpl : ResourceLocalTransactionCoordinatorImpl#afterCompletionCallback(true)
2026-08-31T12:56:34.992-04:00 TRACE 20072 --- [backend] [http-nio-8180-exec-5] .t.i.SynchronizationRegistryStandardImpl : SynchronizationRegistryStandardImpl.notifySynchronizationsAfterTransactionCompletion(3)
2026-08-31T12:56:34.992-04:00 TRACE 20072 --- [backend] [http-nio-8180-exec-5] org.hibernate.internal.SessionImpl       : SessionImpl#afterTransactionCompletion(successful=true, delayed=false)
2026-08-31T12:56:34.999-04:00 DEBUG 20072 --- [backend] [http-nio-8180-exec-5] m.m.a.RequestResponseBodyMethodProcessor : Using 'application/json', given [*/*] and supported [application/json, application/*+json]
2026-08-31T12:56:34.999-04:00 TRACE 20072 --- [backend] [http-nio-8180-exec-5] m.m.a.RequestResponseBodyMethodProcessor : Writing [[com.duoc.backend.patient.Patient@352f90a3, com.duoc.backend.patient.Patient@73dbe1a1]]
2026-08-31T12:56:35.000-04:00 TRACE 20072 --- [backend] [http-nio-8180-exec-5] o.s.web.servlet.DispatcherServlet        : No view rendering, null ModelAndView returned.
2026-08-31T12:56:35.000-04:00 TRACE 20072 --- [backend] [http-nio-8180-exec-5] org.hibernate.internal.SessionImpl       : Closing session [ced9c19a-dac5-4744-aecd-48bac9816726]
2026-08-31T12:56:35.001-04:00 TRACE 20072 --- [backend] [http-nio-8180-exec-5] o.h.e.jdbc.internal.JdbcCoordinatorImpl  : Closing JDBC container [org.hibernate.engine.jdbc.internal.JdbcCoordinatorImpl@e9ab0d1]
2026-08-31T12:56:35.001-04:00 TRACE 20072 --- [backend] [http-nio-8180-exec-5] o.h.r.j.i.ResourceRegistryStandardImpl   : Releasing JDBC resources
2026-08-31T12:56:35.001-04:00 TRACE 20072 --- [backend] [http-nio-8180-exec-5] o.h.r.j.i.LogicalConnectionManagedImpl   : Closing logical connection
2026-08-31T12:56:35.001-04:00 TRACE 20072 --- [backend] [http-nio-8180-exec-5] o.h.r.j.i.ResourceRegistryStandardImpl   : Releasing JDBC resources
2026-08-31T12:56:35.001-04:00 TRACE 20072 --- [backend] [http-nio-8180-exec-5] o.h.r.j.i.LogicalConnectionManagedImpl   : Logical connection closed
2026-08-31T12:56:35.001-04:00 DEBUG 20072 --- [backend] [http-nio-8180-exec-5] o.s.web.servlet.DispatcherServlet        : Completed 200 OK, headers={masked}
2026-08-31T12:56:50.131-04:00 DEBUG 20072 --- [backend] [HikariPool-1 housekeeper] com.zaxxer.hikari.pool.HikariPool        : HikariPool-1 - Pool stats (total=10, active=0, idle=10, waiting=0)
2026-08-31T12:56:50.132-04:00 DEBUG 20072 --- [backend] [HikariPool-1 housekeeper] com.zaxxer.hikari.pool.HikariPool        : HikariPool-1 - Fill pool skipped, pool has sufficient level or currently being filled.
2026-08-31T12:57:20.148-04:00 DEBUG 20072 --- [backend] [HikariPool-1 housekeeper] com.zaxxer.hikari.pool.HikariPool        : HikariPool-1 - Pool stats (total=10, active=0, idle=10, waiting=0)
2026-08-31T12:57:20.148-04:00 DEBUG 20072 --- [backend] [HikariPool-1 housekeeper] com.zaxxer.hikari.pool.HikariPool        : HikariPool-1 - Fill pool skipped, pool has sufficient level or currently being filled.
2026-08-31T12:57:50.156-04:00 DEBUG 20072 --- [backend] [HikariPool-1 housekeeper] com.zaxxer.hikari.pool.HikariPool        : HikariPool-1 - Pool stats (total=10, active=0, idle=10, waiting=0)
2026-08-31T12:57:50.158-04:00 DEBUG 20072 --- [backend] [HikariPool-1 housekeeper] com.zaxxer.hikari.pool.HikariPool        : HikariPool-1 - Fill pool skipped, pool has sufficient level or currently being filled.
2026-08-31T12:58:01.238-04:00 DEBUG 20072 --- [backend] [http-nio-8180-exec-4] o.s.security.web.FilterChainProxy        : Securing GET /
2026-08-31T12:58:01.238-04:00 DEBUG 20072 --- [backend] [http-nio-8180-exec-4] o.s.s.w.a.AnonymousAuthenticationFilter  : Set SecurityContextHolder to anonymous SecurityContext
2026-08-31T12:58:01.240-04:00 DEBUG 20072 --- [backend] [http-nio-8180-exec-4] o.s.s.w.s.HttpSessionRequestCache        : Saved request http://localhost:8180/?continue to session
2026-08-31T12:58:01.240-04:00 DEBUG 20072 --- [backend] [http-nio-8180-exec-4] o.s.s.w.a.Http403ForbiddenEntryPoint     : Pre-authenticated entry point called. Rejecting access
2026-08-31T12:58:01.241-04:00 TRACE 20072 --- [backend] [http-nio-8180-exec-4] s.w.s.m.m.a.RequestMappingHandlerMapping : 2 matching mappings: [{ [/error], produces [text/html]}, { [/error]}]
2026-08-31T12:58:01.241-04:00 DEBUG 20072 --- [backend] [http-nio-8180-exec-4] o.s.security.web.FilterChainProxy        : Securing GET /error
2026-08-31T12:58:01.241-04:00 DEBUG 20072 --- [backend] [http-nio-8180-exec-4] o.s.s.w.a.AnonymousAuthenticationFilter  : Set SecurityContextHolder to anonymous SecurityContext
2026-08-31T12:58:01.243-04:00 DEBUG 20072 --- [backend] [http-nio-8180-exec-4] o.s.s.w.s.HttpSessionRequestCache        : Saved request http://localhost:8180/error?continue to session
2026-08-31T12:58:01.244-04:00 DEBUG 20072 --- [backend] [http-nio-8180-exec-4] o.s.s.w.a.Http403ForbiddenEntryPoint     : Pre-authenticated entry point called. Rejecting access
2026-08-31T12:58:18.160-04:00 DEBUG 20072 --- [backend] [http-nio-8180-exec-8] o.s.security.web.FilterChainProxy        : Securing GET /login
2026-08-31T12:58:18.171-04:00 DEBUG 20072 --- [backend] [http-nio-8180-exec-8] o.s.security.web.FilterChainProxy        : Secured GET /login
2026-08-31T12:58:18.172-04:00 TRACE 20072 --- [backend] [http-nio-8180-exec-8] o.s.web.servlet.DispatcherServlet        : GET "/login", parameters={}, headers={masked} in DispatcherServlet 'dispatcherServlet'
2026-08-31T12:58:18.175-04:00  WARN 20072 --- [backend] [http-nio-8180-exec-8] .w.s.m.s.DefaultHandlerExceptionResolver : Resolved [org.springframework.web.HttpRequestMethodNotSupportedException: Request method 'GET' is not supported]
2026-08-31T12:58:18.175-04:00 TRACE 20072 --- [backend] [http-nio-8180-exec-8] o.s.web.servlet.DispatcherServlet        : No view rendering, null ModelAndView returned.
2026-08-31T12:58:18.175-04:00 DEBUG 20072 --- [backend] [http-nio-8180-exec-8] o.s.web.servlet.DispatcherServlet        : Completed 405 METHOD_NOT_ALLOWED, headers={masked}
2026-08-31T12:58:18.175-04:00 TRACE 20072 --- [backend] [http-nio-8180-exec-8] s.w.s.m.m.a.RequestMappingHandlerMapping : 2 matching mappings: [{ [/error]}, { [/error], produces [text/html]}]
2026-08-31T12:58:18.175-04:00 DEBUG 20072 --- [backend] [http-nio-8180-exec-8] o.s.security.web.FilterChainProxy        : Securing GET /error
2026-08-31T12:58:18.175-04:00 DEBUG 20072 --- [backend] [http-nio-8180-exec-8] o.s.s.w.a.AnonymousAuthenticationFilter  : Set SecurityContextHolder to anonymous SecurityContext
2026-08-31T12:58:18.179-04:00 DEBUG 20072 --- [backend] [http-nio-8180-exec-8] o.s.s.w.s.HttpSessionRequestCache        : Saved request http://localhost:8180/error?continue to session
2026-08-31T12:58:18.179-04:00 DEBUG 20072 --- [backend] [http-nio-8180-exec-8] o.s.s.w.a.Http403ForbiddenEntryPoint     : Pre-authenticated entry point called. Rejecting access
2026-08-31T12:58:20.170-04:00 DEBUG 20072 --- [backend] [HikariPool-1 housekeeper] com.zaxxer.hikari.pool.HikariPool        : HikariPool-1 - Pool stats (total=10, active=0, idle=10, waiting=0)
2026-08-31T12:58:20.171-04:00 DEBUG 20072 --- [backend] [HikariPool-1 housekeeper] com.zaxxer.hikari.pool.HikariPool        : HikariPool-1 - Fill pool skipped, pool has sufficient level or currently being filled.
2026-08-31T12:58:25.646-04:00 DEBUG 20072 --- [backend] [http-nio-8180-exec-6] o.s.security.web.FilterChainProxy        : Securing GET /login
2026-08-31T12:58:25.648-04:00 DEBUG 20072 --- [backend] [http-nio-8180-exec-6] o.s.security.web.FilterChainProxy        : Secured GET /login
2026-08-31T12:58:25.648-04:00 TRACE 20072 --- [backend] [http-nio-8180-exec-6] o.s.web.servlet.DispatcherServlet        : GET "/login", parameters={}, headers={masked} in DispatcherServlet 'dispatcherServlet'
2026-08-31T12:58:25.648-04:00  WARN 20072 --- [backend] [http-nio-8180-exec-6] .w.s.m.s.DefaultHandlerExceptionResolver : Resolved [org.springframework.web.HttpRequestMethodNotSupportedException: Request method 'GET' is not supported]
2026-08-31T12:58:25.648-04:00 TRACE 20072 --- [backend] [http-nio-8180-exec-6] o.s.web.servlet.DispatcherServlet        : No view rendering, null ModelAndView returned.
2026-08-31T12:58:25.648-04:00 DEBUG 20072 --- [backend] [http-nio-8180-exec-6] o.s.web.servlet.DispatcherServlet        : Completed 405 METHOD_NOT_ALLOWED, headers={masked}
2026-08-31T12:58:25.648-04:00 TRACE 20072 --- [backend] [http-nio-8180-exec-6] s.w.s.m.m.a.RequestMappingHandlerMapping : 2 matching mappings: [{ [/error]}, { [/error], produces [text/html]}]
2026-08-31T12:58:25.648-04:00 DEBUG 20072 --- [backend] [http-nio-8180-exec-6] o.s.security.web.FilterChainProxy        : Securing GET /error
2026-08-31T12:58:25.648-04:00 DEBUG 20072 --- [backend] [http-nio-8180-exec-6] o.s.s.w.a.AnonymousAuthenticationFilter  : Set SecurityContextHolder to anonymous SecurityContext
2026-08-31T12:58:25.648-04:00 DEBUG 20072 --- [backend] [http-nio-8180-exec-6] o.s.s.w.s.HttpSessionRequestCache        : Saved request http://localhost:8180/error?continue to session
2026-08-31T12:58:25.648-04:00 DEBUG 20072 --- [backend] [http-nio-8180-exec-6] o.s.s.w.a.Http403ForbiddenEntryPoint     : Pre-authenticated entry point called. Rejecting access
2026-08-31T12:58:26.466-04:00 DEBUG 20072 --- [backend] [http-nio-8180-exec-2] o.s.security.web.FilterChainProxy        : Securing GET /login
2026-08-31T12:58:26.467-04:00 DEBUG 20072 --- [backend] [http-nio-8180-exec-2] o.s.security.web.FilterChainProxy        : Secured GET /login
2026-08-31T12:58:26.468-04:00 TRACE 20072 --- [backend] [http-nio-8180-exec-2] o.s.web.servlet.DispatcherServlet        : GET "/login", parameters={}, headers={masked} in DispatcherServlet 'dispatcherServlet'
2026-08-31T12:58:26.468-04:00  WARN 20072 --- [backend] [http-nio-8180-exec-2] .w.s.m.s.DefaultHandlerExceptionResolver : Resolved [org.springframework.web.HttpRequestMethodNotSupportedException: Request method 'GET' is not supported]
2026-08-31T12:58:26.468-04:00 TRACE 20072 --- [backend] [http-nio-8180-exec-2] o.s.web.servlet.DispatcherServlet        : No view rendering, null ModelAndView returned.
2026-08-31T12:58:26.469-04:00 DEBUG 20072 --- [backend] [http-nio-8180-exec-2] o.s.web.servlet.DispatcherServlet        : Completed 405 METHOD_NOT_ALLOWED, headers={masked}
2026-08-31T12:58:26.469-04:00 TRACE 20072 --- [backend] [http-nio-8180-exec-2] s.w.s.m.m.a.RequestMappingHandlerMapping : 2 matching mappings: [{ [/error]}, { [/error], produces [text/html]}]
2026-08-31T12:58:26.469-04:00 DEBUG 20072 --- [backend] [http-nio-8180-exec-2] o.s.security.web.FilterChainProxy        : Securing GET /error
2026-08-31T12:58:26.469-04:00 DEBUG 20072 --- [backend] [http-nio-8180-exec-2] o.s.s.w.a.AnonymousAuthenticationFilter  : Set SecurityContextHolder to anonymous SecurityContext
2026-08-31T12:58:26.470-04:00 DEBUG 20072 --- [backend] [http-nio-8180-exec-2] o.s.s.w.s.HttpSessionRequestCache        : Saved request http://localhost:8180/error?continue to session
2026-08-31T12:58:26.470-04:00 DEBUG 20072 --- [backend] [http-nio-8180-exec-2] o.s.s.w.a.Http403ForbiddenEntryPoint     : Pre-authenticated entry point called. Rejecting access
2026-08-31T12:58:32.309-04:00 DEBUG 20072 --- [backend] [http-nio-8180-exec-10] o.s.security.web.FilterChainProxy        : Securing GET /login
2026-08-31T12:58:32.310-04:00 DEBUG 20072 --- [backend] [http-nio-8180-exec-10] o.s.security.web.FilterChainProxy        : Secured GET /login
2026-08-31T12:58:32.310-04:00 TRACE 20072 --- [backend] [http-nio-8180-exec-10] o.s.web.servlet.DispatcherServlet        : GET "/login", parameters={}, headers={masked} in DispatcherServlet 'dispatcherServlet'
2026-08-31T12:58:32.310-04:00  WARN 20072 --- [backend] [http-nio-8180-exec-10] .w.s.m.s.DefaultHandlerExceptionResolver : Resolved [org.springframework.web.HttpRequestMethodNotSupportedException: Request method 'GET' is not supported]
2026-08-31T12:58:32.310-04:00 TRACE 20072 --- [backend] [http-nio-8180-exec-10] o.s.web.servlet.DispatcherServlet        : No view rendering, null ModelAndView returned.
2026-08-31T12:58:32.310-04:00 DEBUG 20072 --- [backend] [http-nio-8180-exec-10] o.s.web.servlet.DispatcherServlet        : Completed 405 METHOD_NOT_ALLOWED, headers={masked}
2026-08-31T12:58:32.310-04:00 TRACE 20072 --- [backend] [http-nio-8180-exec-10] s.w.s.m.m.a.RequestMappingHandlerMapping : 2 matching mappings: [{ [/error]}, { [/error], produces [text/html]}]
2026-08-31T12:58:32.310-04:00 DEBUG 20072 --- [backend] [http-nio-8180-exec-10] o.s.security.web.FilterChainProxy        : Securing GET /error
2026-08-31T12:58:32.310-04:00 DEBUG 20072 --- [backend] [http-nio-8180-exec-10] o.s.s.w.a.AnonymousAuthenticationFilter  : Set SecurityContextHolder to anonymous SecurityContext
2026-08-31T12:58:32.310-04:00 DEBUG 20072 --- [backend] [http-nio-8180-exec-10] o.s.s.w.s.HttpSessionRequestCache        : Saved request http://localhost:8180/error?continue to session
2026-08-31T12:58:32.310-04:00 DEBUG 20072 --- [backend] [http-nio-8180-exec-10] o.s.s.w.a.Http403ForbiddenEntryPoint     : Pre-authenticated entry point called. Rejecting access
2026-08-31T12:58:37.193-04:00 DEBUG 20072 --- [backend] [http-nio-8180-exec-7] o.s.security.web.FilterChainProxy        : Securing POST /login
2026-08-31T12:58:37.194-04:00 DEBUG 20072 --- [backend] [http-nio-8180-exec-7] o.s.security.web.FilterChainProxy        : Secured POST /login
2026-08-31T12:58:37.194-04:00 TRACE 20072 --- [backend] [http-nio-8180-exec-7] o.s.web.servlet.DispatcherServlet        : POST "/login", parameters={}, headers={masked} in DispatcherServlet 'dispatcherServlet'
2026-08-31T12:58:37.194-04:00 TRACE 20072 --- [backend] [http-nio-8180-exec-7] s.w.s.m.m.a.RequestMappingHandlerMapping : Mapped to com.duoc.backend.LoginController#login(User)
2026-08-31T12:58:37.194-04:00 TRACE 20072 --- [backend] [http-nio-8180-exec-7] .i.SessionFactoryImpl$SessionBuilderImpl : Opening Hibernate Session.  tenant=null
2026-08-31T12:58:37.194-04:00 TRACE 20072 --- [backend] [http-nio-8180-exec-7] org.hibernate.internal.SessionImpl       : Opened Session [02a7a39a-4774-4473-bb8b-12cac5f903db] at timestamp: 1788195517194
2026-08-31T12:58:37.206-04:00 TRACE 20072 --- [backend] [http-nio-8180-exec-7] m.m.a.RequestResponseBodyMethodProcessor : Read "application/json;charset=UTF-8" to [com.duoc.backend.user.User@28388ab6]
2026-08-31T12:58:37.212-04:00 TRACE 20072 --- [backend] [http-nio-8180-exec-7] o.s.web.method.HandlerMethod             : Arguments: [com.duoc.backend.user.User@28388ab6]
2026-08-31T12:58:37.225-04:00 TRACE 20072 --- [backend] [http-nio-8180-exec-7] o.h.q.sqm.sql.BaseSqmToSqlAstConverter   : Resolving SqmRoot [com.duoc.backend.user.User] to TableGroup
2026-08-31T12:58:37.225-04:00 TRACE 20072 --- [backend] [http-nio-8180-exec-7] o.h.q.sqm.sql.BaseSqmToSqlAstConverter   : Resolving SqmRoot [com.duoc.backend.user.User] to TableGroup
2026-08-31T12:58:37.226-04:00 DEBUG 20072 --- [backend] [http-nio-8180-exec-7] org.hibernate.orm.sql.ast.create         : Created new SQL alias : u1_0
2026-08-31T12:58:37.226-04:00 TRACE 20072 --- [backend] [http-nio-8180-exec-7] o.h.q.sqm.sql.BaseSqmToSqlAstConverter   : Resolved SqmRoot [com.duoc.backend.user.User] to new TableGroup [StandardTableGroup(com.duoc.backend.user.User(2))]
2026-08-31T12:58:37.226-04:00 DEBUG 20072 --- [backend] [http-nio-8180-exec-7] org.hibernate.orm.sql.ast.create         : Registration of TableGroup [StandardTableGroup(com.duoc.backend.user.User(2))] with identifierForTableGroup [com.duoc.backend.user.User] for NavigablePath [com.duoc.backend.user.User] 
2026-08-31T12:58:37.227-04:00 TRACE 20072 --- [backend] [http-nio-8180-exec-7] o.h.q.sqm.sql.BaseSqmToSqlAstConverter   : Visiting explicit joins for `com.duoc.backend.user.User(2)`
2026-08-31T12:58:37.227-04:00 TRACE 20072 --- [backend] [http-nio-8180-exec-7] o.h.q.sqm.sql.BaseSqmToSqlAstConverter   : SqmRoot [com.duoc.backend.user.User] resolved to existing TableGroup [StandardTableGroup(com.duoc.backend.user.User(2))]
2026-08-31T12:58:37.232-04:00 TRACE 20072 --- [backend] [http-nio-8180-exec-7] o.h.p.entity.AbstractEntityPersister     : #findSubPart(`username`)
2026-08-31T12:58:37.232-04:00 DEBUG 20072 --- [backend] [http-nio-8180-exec-7] o.h.q.sqm.sql.BaseSqmToSqlAstConverter   : Determining mapping-model type for SqmParameter : org.hibernate.query.sqm.tree.expression.SqmJpaCriteriaParameterWrapper@7d81995b
2026-08-31T12:58:37.232-04:00 DEBUG 20072 --- [backend] [http-nio-8180-exec-7] o.h.q.sqm.sql.BaseSqmToSqlAstConverter   : Determining mapping-model type for SqmPath : SqmBasicValuedSimplePath(com.duoc.backend.user.User(2).username) 
2026-08-31T12:58:37.232-04:00 TRACE 20072 --- [backend] [http-nio-8180-exec-7] o.h.p.entity.AbstractEntityPersister     : #findSubPart(`username`)
2026-08-31T12:58:37.233-04:00 DEBUG 20072 --- [backend] [http-nio-8180-exec-7] org.hibernate.orm.results.graph.AST      : DomainResult Graph:
 \-EntityResultImpl [com.duoc.backend.user.User(2)]
 |  +-BasicFetch [com.duoc.backend.user.User(2).email]
 |  +-BasicFetch [com.duoc.backend.user.User(2).enabled]
 |  +-BasicFetch [com.duoc.backend.user.User(2).password]
 |  \-BasicFetch [com.duoc.backend.user.User(2).username]

2026-08-31T12:58:37.242-04:00 TRACE 20072 --- [backend] [http-nio-8180-exec-7] org.hibernate.orm.results.graph.AST      : Stack trace calling DomainResultGraphPrinter

java.lang.Exception: null
	at org.hibernate.sql.results.graph.DomainResultGraphPrinter.visitDomainResults(DomainResultGraphPrinter.java:70) ~[hibernate-core-6.6.11.Final.jar:6.6.11.Final]
	at org.hibernate.sql.results.graph.DomainResultGraphPrinter.logDomainResultGraph(DomainResultGraphPrinter.java:46) ~[hibernate-core-6.6.11.Final.jar:6.6.11.Final]
	at org.hibernate.sql.results.graph.DomainResultGraphPrinter.logDomainResultGraph(DomainResultGraphPrinter.java:37) ~[hibernate-core-6.6.11.Final.jar:6.6.11.Final]
	at org.hibernate.sql.ast.spi.AbstractSqlAstTranslator.translateSelect(AbstractSqlAstTranslator.java:877) ~[hibernate-core-6.6.11.Final.jar:6.6.11.Final]
	at org.hibernate.sql.ast.spi.AbstractSqlAstTranslator.translate(AbstractSqlAstTranslator.java:815) ~[hibernate-core-6.6.11.Final.jar:6.6.11.Final]
	at org.hibernate.query.sqm.internal.ConcreteSqmSelectQueryPlan.buildCacheableSqmInterpretation(ConcreteSqmSelectQueryPlan.java:510) ~[hibernate-core-6.6.11.Final.jar:6.6.11.Final]
	at org.hibernate.query.sqm.internal.ConcreteSqmSelectQueryPlan.withCacheableSqmInterpretation(ConcreteSqmSelectQueryPlan.java:388) ~[hibernate-core-6.6.11.Final.jar:6.6.11.Final]
	at org.hibernate.query.sqm.internal.ConcreteSqmSelectQueryPlan.performList(ConcreteSqmSelectQueryPlan.java:362) ~[hibernate-core-6.6.11.Final.jar:6.6.11.Final]
	at org.hibernate.query.sqm.internal.QuerySqmImpl.doList(QuerySqmImpl.java:380) ~[hibernate-core-6.6.11.Final.jar:6.6.11.Final]
	at org.hibernate.query.spi.AbstractSelectionQuery.list(AbstractSelectionQuery.java:143) ~[hibernate-core-6.6.11.Final.jar:6.6.11.Final]
	at org.hibernate.query.spi.AbstractSelectionQuery.getSingleResult(AbstractSelectionQuery.java:275) ~[hibernate-core-6.6.11.Final.jar:6.6.11.Final]
	at org.springframework.data.jpa.repository.query.JpaQueryExecution$SingleEntityExecution.doExecute(JpaQueryExecution.java:224) ~[spring-data-jpa-3.4.4.jar:3.4.4]
	at org.springframework.data.jpa.repository.query.JpaQueryExecution.execute(JpaQueryExecution.java:93) ~[spring-data-jpa-3.4.4.jar:3.4.4]
	at org.springframework.data.jpa.repository.query.AbstractJpaQuery.doExecute(AbstractJpaQuery.java:152) ~[spring-data-jpa-3.4.4.jar:3.4.4]
	at org.springframework.data.jpa.repository.query.AbstractJpaQuery.execute(AbstractJpaQuery.java:140) ~[spring-data-jpa-3.4.4.jar:3.4.4]
	at org.springframework.data.repository.core.support.RepositoryMethodInvoker.doInvoke(RepositoryMethodInvoker.java:170) ~[spring-data-commons-3.4.4.jar:3.4.4]
	at org.springframework.data.repository.core.support.RepositoryMethodInvoker.invoke(RepositoryMethodInvoker.java:158) ~[spring-data-commons-3.4.4.jar:3.4.4]
	at org.springframework.data.repository.core.support.QueryExecutorMethodInterceptor.doInvoke(QueryExecutorMethodInterceptor.java:170) ~[spring-data-commons-3.4.4.jar:3.4.4]
	at org.springframework.data.repository.core.support.QueryExecutorMethodInterceptor.invoke(QueryExecutorMethodInterceptor.java:149) ~[spring-data-commons-3.4.4.jar:3.4.4]
	at org.springframework.aop.framework.ReflectiveMethodInvocation.proceed(ReflectiveMethodInvocation.java:184) ~[spring-aop-6.2.5.jar:6.2.5]
	at org.springframework.transaction.interceptor.TransactionAspectSupport.invokeWithinTransaction(TransactionAspectSupport.java:380) ~[spring-tx-6.2.5.jar:6.2.5]
	at org.springframework.transaction.interceptor.TransactionInterceptor.invoke(TransactionInterceptor.java:119) ~[spring-tx-6.2.5.jar:6.2.5]
	at org.springframework.aop.framework.ReflectiveMethodInvocation.proceed(ReflectiveMethodInvocation.java:184) ~[spring-aop-6.2.5.jar:6.2.5]
	at org.springframework.dao.support.PersistenceExceptionTranslationInterceptor.invoke(PersistenceExceptionTranslationInterceptor.java:138) ~[spring-tx-6.2.5.jar:6.2.5]
	at org.springframework.aop.framework.ReflectiveMethodInvocation.proceed(ReflectiveMethodInvocation.java:184) ~[spring-aop-6.2.5.jar:6.2.5]
	at org.springframework.data.jpa.repository.support.CrudMethodMetadataPostProcessor$CrudMethodMetadataPopulatingMethodInterceptor.invoke(CrudMethodMetadataPostProcessor.java:136) ~[spring-data-jpa-3.4.4.jar:3.4.4]
	at org.springframework.aop.framework.ReflectiveMethodInvocation.proceed(ReflectiveMethodInvocation.java:184) ~[spring-aop-6.2.5.jar:6.2.5]
	at org.springframework.aop.framework.JdkDynamicAopProxy.invoke(JdkDynamicAopProxy.java:223) ~[spring-aop-6.2.5.jar:6.2.5]
	at jdk.proxy2/jdk.proxy2.$Proxy127.findByUsername(Unknown Source) ~[na:na]
	at com.duoc.backend.user.MyUserDetailsService.loadUserByUsername(MyUserDetailsService.java:30) ~[classes/:na]
	at com.duoc.backend.LoginController.login(LoginController.java:29) ~[classes/:na]
	at java.base/jdk.internal.reflect.NativeMethodAccessorImpl.invoke0(Native Method) ~[na:na]
	at java.base/jdk.internal.reflect.NativeMethodAccessorImpl.invoke(NativeMethodAccessorImpl.java:77) ~[na:na]
	at java.base/jdk.internal.reflect.DelegatingMethodAccessorImpl.invoke(DelegatingMethodAccessorImpl.java:43) ~[na:na]
	at java.base/java.lang.reflect.Method.invoke(Method.java:568) ~[na:na]
	at org.springframework.web.method.support.InvocableHandlerMethod.doInvoke(InvocableHandlerMethod.java:258) ~[spring-web-6.2.5.jar:6.2.5]
	at org.springframework.web.method.support.InvocableHandlerMethod.invokeForRequest(InvocableHandlerMethod.java:191) ~[spring-web-6.2.5.jar:6.2.5]
	at org.springframework.web.servlet.mvc.method.annotation.ServletInvocableHandlerMethod.invokeAndHandle(ServletInvocableHandlerMethod.java:118) ~[spring-webmvc-6.2.5.jar:6.2.5]
	at org.springframework.web.servlet.mvc.method.annotation.RequestMappingHandlerAdapter.invokeHandlerMethod(RequestMappingHandlerAdapter.java:986) ~[spring-webmvc-6.2.5.jar:6.2.5]
	at org.springframework.web.servlet.mvc.method.annotation.RequestMappingHandlerAdapter.handleInternal(RequestMappingHandlerAdapter.java:891) ~[spring-webmvc-6.2.5.jar:6.2.5]
	at org.springframework.web.servlet.mvc.method.AbstractHandlerMethodAdapter.handle(AbstractHandlerMethodAdapter.java:87) ~[spring-webmvc-6.2.5.jar:6.2.5]
	at org.springframework.web.servlet.DispatcherServlet.doDispatch(DispatcherServlet.java:1089) ~[spring-webmvc-6.2.5.jar:6.2.5]
	at org.springframework.web.servlet.DispatcherServlet.doService(DispatcherServlet.java:979) ~[spring-webmvc-6.2.5.jar:6.2.5]
	at org.springframework.web.servlet.FrameworkServlet.processRequest(FrameworkServlet.java:1014) ~[spring-webmvc-6.2.5.jar:6.2.5]
	at org.springframework.web.servlet.FrameworkServlet.doPost(FrameworkServlet.java:914) ~[spring-webmvc-6.2.5.jar:6.2.5]
	at jakarta.servlet.http.HttpServlet.service(HttpServlet.java:590) ~[tomcat-embed-core-10.1.39.jar:6.0]
	at org.springframework.web.servlet.FrameworkServlet.service(FrameworkServlet.java:885) ~[spring-webmvc-6.2.5.jar:6.2.5]
	at jakarta.servlet.http.HttpServlet.service(HttpServlet.java:658) ~[tomcat-embed-core-10.1.39.jar:6.0]
	at org.apache.catalina.core.ApplicationFilterChain.internalDoFilter(ApplicationFilterChain.java:195) ~[tomcat-embed-core-10.1.39.jar:10.1.39]
	at org.apache.catalina.core.ApplicationFilterChain.doFilter(ApplicationFilterChain.java:140) ~[tomcat-embed-core-10.1.39.jar:10.1.39]
	at org.apache.tomcat.websocket.server.WsFilter.doFilter(WsFilter.java:51) ~[tomcat-embed-websocket-10.1.39.jar:10.1.39]
	at org.apache.catalina.core.ApplicationFilterChain.internalDoFilter(ApplicationFilterChain.java:164) ~[tomcat-embed-core-10.1.39.jar:10.1.39]
	at org.apache.catalina.core.ApplicationFilterChain.doFilter(ApplicationFilterChain.java:140) ~[tomcat-embed-core-10.1.39.jar:10.1.39]
	at org.springframework.web.filter.OncePerRequestFilter.doFilter(OncePerRequestFilter.java:110) ~[spring-web-6.2.5.jar:6.2.5]
	at org.apache.catalina.core.ApplicationFilterChain.internalDoFilter(ApplicationFilterChain.java:164) ~[tomcat-embed-core-10.1.39.jar:10.1.39]
	at org.apache.catalina.core.ApplicationFilterChain.doFilter(ApplicationFilterChain.java:140) ~[tomcat-embed-core-10.1.39.jar:10.1.39]
	at org.springframework.web.filter.CompositeFilter$VirtualFilterChain.doFilter(CompositeFilter.java:108) ~[spring-web-6.2.5.jar:6.2.5]
	at org.springframework.security.web.FilterChainProxy.lambda$doFilterInternal$3(FilterChainProxy.java:231) ~[spring-security-web-6.4.4.jar:6.4.4]
	at org.springframework.security.web.FilterChainProxy$VirtualFilterChain.doFilter(FilterChainProxy.java:365) ~[spring-security-web-6.4.4.jar:6.4.4]
	at org.springframework.security.web.access.intercept.AuthorizationFilter.doFilter(AuthorizationFilter.java:101) ~[spring-security-web-6.4.4.jar:6.4.4]
	at org.springframework.security.web.FilterChainProxy$VirtualFilterChain.doFilter(FilterChainProxy.java:374) ~[spring-security-web-6.4.4.jar:6.4.4]
	at org.springframework.security.web.access.ExceptionTranslationFilter.doFilter(ExceptionTranslationFilter.java:126) ~[spring-security-web-6.4.4.jar:6.4.4]
	at org.springframework.security.web.access.ExceptionTranslationFilter.doFilter(ExceptionTranslationFilter.java:120) ~[spring-security-web-6.4.4.jar:6.4.4]
	at org.springframework.security.web.FilterChainProxy$VirtualFilterChain.doFilter(FilterChainProxy.java:374) ~[spring-security-web-6.4.4.jar:6.4.4]
	at org.springframework.security.web.authentication.AnonymousAuthenticationFilter.doFilter(AnonymousAuthenticationFilter.java:100) ~[spring-security-web-6.4.4.jar:6.4.4]
	at org.springframework.security.web.FilterChainProxy$VirtualFilterChain.doFilter(FilterChainProxy.java:374) ~[spring-security-web-6.4.4.jar:6.4.4]
	at org.springframework.security.web.servletapi.SecurityContextHolderAwareRequestFilter.doFilter(SecurityContextHolderAwareRequestFilter.java:179) ~[spring-security-web-6.4.4.jar:6.4.4]
	at org.springframework.security.web.FilterChainProxy$VirtualFilterChain.doFilter(FilterChainProxy.java:374) ~[spring-security-web-6.4.4.jar:6.4.4]
	at org.springframework.security.web.savedrequest.RequestCacheAwareFilter.doFilter(RequestCacheAwareFilter.java:63) ~[spring-security-web-6.4.4.jar:6.4.4]
	at org.springframework.security.web.FilterChainProxy$VirtualFilterChain.doFilter(FilterChainProxy.java:374) ~[spring-security-web-6.4.4.jar:6.4.4]
	at com.duoc.backend.JWTAuthorizationFilter.doFilterInternal(JWTAuthorizationFilter.java:70) ~[classes/:na]
	at org.springframework.web.filter.OncePerRequestFilter.doFilter(OncePerRequestFilter.java:116) ~[spring-web-6.2.5.jar:6.2.5]
	at org.springframework.security.web.FilterChainProxy$VirtualFilterChain.doFilter(FilterChainProxy.java:374) ~[spring-security-web-6.4.4.jar:6.4.4]
	at org.springframework.security.web.authentication.logout.LogoutFilter.doFilter(LogoutFilter.java:107) ~[spring-security-web-6.4.4.jar:6.4.4]
	at org.springframework.security.web.authentication.logout.LogoutFilter.doFilter(LogoutFilter.java:93) ~[spring-security-web-6.4.4.jar:6.4.4]
	at org.springframework.security.web.FilterChainProxy$VirtualFilterChain.doFilter(FilterChainProxy.java:374) ~[spring-security-web-6.4.4.jar:6.4.4]
	at org.springframework.security.web.header.HeaderWriterFilter.doHeadersAfter(HeaderWriterFilter.java:90) ~[spring-security-web-6.4.4.jar:6.4.4]
	at org.springframework.security.web.header.HeaderWriterFilter.doFilterInternal(HeaderWriterFilter.java:75) ~[spring-security-web-6.4.4.jar:6.4.4]
	at org.springframework.web.filter.OncePerRequestFilter.doFilter(OncePerRequestFilter.java:116) ~[spring-web-6.2.5.jar:6.2.5]
	at org.springframework.security.web.FilterChainProxy$VirtualFilterChain.doFilter(FilterChainProxy.java:374) ~[spring-security-web-6.4.4.jar:6.4.4]
	at org.springframework.security.web.context.SecurityContextHolderFilter.doFilter(SecurityContextHolderFilter.java:82) ~[spring-security-web-6.4.4.jar:6.4.4]
	at org.springframework.security.web.context.SecurityContextHolderFilter.doFilter(SecurityContextHolderFilter.java:69) ~[spring-security-web-6.4.4.jar:6.4.4]
	at org.springframework.security.web.FilterChainProxy$VirtualFilterChain.doFilter(FilterChainProxy.java:374) ~[spring-security-web-6.4.4.jar:6.4.4]
	at org.springframework.security.web.context.request.async.WebAsyncManagerIntegrationFilter.doFilterInternal(WebAsyncManagerIntegrationFilter.java:62) ~[spring-security-web-6.4.4.jar:6.4.4]
	at org.springframework.web.filter.OncePerRequestFilter.doFilter(OncePerRequestFilter.java:116) ~[spring-web-6.2.5.jar:6.2.5]
	at org.springframework.security.web.FilterChainProxy$VirtualFilterChain.doFilter(FilterChainProxy.java:374) ~[spring-security-web-6.4.4.jar:6.4.4]
	at org.springframework.security.web.session.DisableEncodeUrlFilter.doFilterInternal(DisableEncodeUrlFilter.java:42) ~[spring-security-web-6.4.4.jar:6.4.4]
	at org.springframework.web.filter.OncePerRequestFilter.doFilter(OncePerRequestFilter.java:116) ~[spring-web-6.2.5.jar:6.2.5]
	at org.springframework.security.web.FilterChainProxy$VirtualFilterChain.doFilter(FilterChainProxy.java:374) ~[spring-security-web-6.4.4.jar:6.4.4]
	at org.springframework.security.web.FilterChainProxy.doFilterInternal(FilterChainProxy.java:233) ~[spring-security-web-6.4.4.jar:6.4.4]
	at org.springframework.security.web.FilterChainProxy.doFilter(FilterChainProxy.java:191) ~[spring-security-web-6.4.4.jar:6.4.4]
	at org.springframework.web.filter.CompositeFilter$VirtualFilterChain.doFilter(CompositeFilter.java:113) ~[spring-web-6.2.5.jar:6.2.5]
	at org.springframework.web.servlet.handler.HandlerMappingIntrospector.lambda$createCacheFilter$3(HandlerMappingIntrospector.java:243) ~[spring-webmvc-6.2.5.jar:6.2.5]
	at org.springframework.web.filter.CompositeFilter$VirtualFilterChain.doFilter(CompositeFilter.java:113) ~[spring-web-6.2.5.jar:6.2.5]
	at org.springframework.web.filter.CompositeFilter.doFilter(CompositeFilter.java:74) ~[spring-web-6.2.5.jar:6.2.5]
	at org.springframework.security.config.annotation.web.configuration.WebMvcSecurityConfiguration$CompositeFilterChainProxy.doFilter(WebMvcSecurityConfiguration.java:238) ~[spring-security-config-6.4.4.jar:6.4.4]
	at org.springframework.web.filter.DelegatingFilterProxy.invokeDelegate(DelegatingFilterProxy.java:362) ~[spring-web-6.2.5.jar:6.2.5]
	at org.springframework.web.filter.DelegatingFilterProxy.doFilter(DelegatingFilterProxy.java:278) ~[spring-web-6.2.5.jar:6.2.5]
	at org.apache.catalina.core.ApplicationFilterChain.internalDoFilter(ApplicationFilterChain.java:164) ~[tomcat-embed-core-10.1.39.jar:10.1.39]
	at org.apache.catalina.core.ApplicationFilterChain.doFilter(ApplicationFilterChain.java:140) ~[tomcat-embed-core-10.1.39.jar:10.1.39]
	at org.springframework.web.filter.RequestContextFilter.doFilterInternal(RequestContextFilter.java:100) ~[spring-web-6.2.5.jar:6.2.5]
	at org.springframework.web.filter.OncePerRequestFilter.doFilter(OncePerRequestFilter.java:116) ~[spring-web-6.2.5.jar:6.2.5]
	at org.apache.catalina.core.ApplicationFilterChain.internalDoFilter(ApplicationFilterChain.java:164) ~[tomcat-embed-core-10.1.39.jar:10.1.39]
	at org.apache.catalina.core.ApplicationFilterChain.doFilter(ApplicationFilterChain.java:140) ~[tomcat-embed-core-10.1.39.jar:10.1.39]
	at org.springframework.web.filter.FormContentFilter.doFilterInternal(FormContentFilter.java:93) ~[spring-web-6.2.5.jar:6.2.5]
	at org.springframework.web.filter.OncePerRequestFilter.doFilter(OncePerRequestFilter.java:116) ~[spring-web-6.2.5.jar:6.2.5]
	at org.apache.catalina.core.ApplicationFilterChain.internalDoFilter(ApplicationFilterChain.java:164) ~[tomcat-embed-core-10.1.39.jar:10.1.39]
	at org.apache.catalina.core.ApplicationFilterChain.doFilter(ApplicationFilterChain.java:140) ~[tomcat-embed-core-10.1.39.jar:10.1.39]
	at org.springframework.web.filter.CharacterEncodingFilter.doFilterInternal(CharacterEncodingFilter.java:201) ~[spring-web-6.2.5.jar:6.2.5]
	at org.springframework.web.filter.OncePerRequestFilter.doFilter(OncePerRequestFilter.java:116) ~[spring-web-6.2.5.jar:6.2.5]
	at org.apache.catalina.core.ApplicationFilterChain.internalDoFilter(ApplicationFilterChain.java:164) ~[tomcat-embed-core-10.1.39.jar:10.1.39]
	at org.apache.catalina.core.ApplicationFilterChain.doFilter(ApplicationFilterChain.java:140) ~[tomcat-embed-core-10.1.39.jar:10.1.39]
	at org.apache.catalina.core.StandardWrapperValve.invoke(StandardWrapperValve.java:167) ~[tomcat-embed-core-10.1.39.jar:10.1.39]
	at org.apache.catalina.core.StandardContextValve.invoke(StandardContextValve.java:90) ~[tomcat-embed-core-10.1.39.jar:10.1.39]
	at org.apache.catalina.authenticator.AuthenticatorBase.invoke(AuthenticatorBase.java:483) ~[tomcat-embed-core-10.1.39.jar:10.1.39]
	at org.apache.catalina.core.StandardHostValve.invoke(StandardHostValve.java:115) ~[tomcat-embed-core-10.1.39.jar:10.1.39]
	at org.apache.catalina.valves.ErrorReportValve.invoke(ErrorReportValve.java:93) ~[tomcat-embed-core-10.1.39.jar:10.1.39]
	at org.apache.catalina.core.StandardEngineValve.invoke(StandardEngineValve.java:74) ~[tomcat-embed-core-10.1.39.jar:10.1.39]
	at org.apache.catalina.connector.CoyoteAdapter.service(CoyoteAdapter.java:344) ~[tomcat-embed-core-10.1.39.jar:10.1.39]
	at org.apache.coyote.http11.Http11Processor.service(Http11Processor.java:397) ~[tomcat-embed-core-10.1.39.jar:10.1.39]
	at org.apache.coyote.AbstractProcessorLight.process(AbstractProcessorLight.java:63) ~[tomcat-embed-core-10.1.39.jar:10.1.39]
	at org.apache.coyote.AbstractProtocol$ConnectionHandler.process(AbstractProtocol.java:905) ~[tomcat-embed-core-10.1.39.jar:10.1.39]
	at org.apache.tomcat.util.net.NioEndpoint$SocketProcessor.doRun(NioEndpoint.java:1743) ~[tomcat-embed-core-10.1.39.jar:10.1.39]
	at org.apache.tomcat.util.net.SocketProcessorBase.run(SocketProcessorBase.java:52) ~[tomcat-embed-core-10.1.39.jar:10.1.39]
	at org.apache.tomcat.util.threads.ThreadPoolExecutor.runWorker(ThreadPoolExecutor.java:1190) ~[tomcat-embed-core-10.1.39.jar:10.1.39]
	at org.apache.tomcat.util.threads.ThreadPoolExecutor$Worker.run(ThreadPoolExecutor.java:659) ~[tomcat-embed-core-10.1.39.jar:10.1.39]
	at org.apache.tomcat.util.threads.TaskThread$WrappingRunnable.run(TaskThread.java:63) ~[tomcat-embed-core-10.1.39.jar:10.1.39]
	at java.base/java.lang.Thread.run(Thread.java:842) ~[na:na]

2026-08-31T12:58:37.271-04:00 DEBUG 20072 --- [backend] [http-nio-8180-exec-7] org.hibernate.orm.sql.ast.tree           : SQL AST Tree:
    SelectStatement {
      FromClause {
        StandardTableGroup (u1 : com.duoc.backend.user.User(2)) {
          primaryTableReference : user as u1_0
        }
      }
    }

2026-08-31T12:58:37.290-04:00 DEBUG 20072 --- [backend] [http-nio-8180-exec-7] org.hibernate.orm.sql.exec               : Skipping reading Query result cache data: cache-enabled = false, cache-mode = NORMAL
2026-08-31T12:58:37.294-04:00 TRACE 20072 --- [backend] [http-nio-8180-exec-7] o.h.s.r.j.i.DeferredResultSetAccess      : Executing query to retrieve ResultSet : select u1_0.id,u1_0.email,u1_0.enabled,u1_0.password,u1_0.username from user u1_0 where u1_0.username=?
2026-08-31T12:58:37.295-04:00 DEBUG 20072 --- [backend] [http-nio-8180-exec-7] org.hibernate.SQL                        : select u1_0.id,u1_0.email,u1_0.enabled,u1_0.password,u1_0.username from user u1_0 where u1_0.username=?
2026-08-31T12:58:37.297-04:00 TRACE 20072 --- [backend] [http-nio-8180-exec-7] o.h.r.j.i.ResourceRegistryStandardImpl   : Registering statement [HikariProxyPreparedStatement@655028048 wrapping com.mysql.cj.jdbc.ClientPreparedStatement: select u1_0.id,u1_0.email,u1_0.enabled,u1_0.password,u1_0.username from user u1_0 where u1_0.username=** NOT SPECIFIED **]
2026-08-31T12:58:37.298-04:00 TRACE 20072 --- [backend] [http-nio-8180-exec-7] o.h.e.jdbc.internal.JdbcCoordinatorImpl  : Registering last query statement [HikariProxyPreparedStatement@655028048 wrapping com.mysql.cj.jdbc.ClientPreparedStatement: select u1_0.id,u1_0.email,u1_0.enabled,u1_0.password,u1_0.username from user u1_0 where u1_0.username=** NOT SPECIFIED **]
2026-08-31T12:58:37.298-04:00 TRACE 20072 --- [backend] [http-nio-8180-exec-7] org.hibernate.orm.jdbc.bind              : binding parameter (1:VARCHAR) <- [usuario2]
2026-08-31T12:58:37.320-04:00 TRACE 20072 --- [backend] [http-nio-8180-exec-7] o.h.r.j.i.ResourceRegistryStandardImpl   : Registering result set [HikariProxyResultSet@717211748 wrapping com.mysql.cj.jdbc.result.ResultSetImpl@119310e]
2026-08-31T12:58:37.321-04:00 TRACE 20072 --- [backend] [http-nio-8180-exec-7] org.hibernate.orm.results                : Registering initializer : EntityJoinedFetchInitializer(com.duoc.backend.user.User(2))
2026-08-31T12:58:37.321-04:00 DEBUG 20072 --- [backend] [http-nio-8180-exec-7] org.hibernate.orm.results                : Initializer list:
	  com.duoc.backend.user.User(2) -> EntityJoinedFetchInitializer(com.duoc.backend.user.User(2))@1350857278 (SingleTableEntityPersister(com.duoc.backend.user.User))

2026-08-31T12:58:37.321-04:00 TRACE 20072 --- [backend] [http-nio-8180-exec-7] org.hibernate.orm.jdbc.extract           : extracted value (1:INTEGER) -> [2]
2026-08-31T12:58:37.321-04:00 TRACE 20072 --- [backend] [http-nio-8180-exec-7] org.hibernate.orm.jdbc.extract           : extracted value (2:VARCHAR) -> [usuario2@correo.cl]
2026-08-31T12:58:37.321-04:00 TRACE 20072 --- [backend] [http-nio-8180-exec-7] org.hibernate.orm.jdbc.extract           : extracted value (3:BOOLEAN) -> [true]
2026-08-31T12:58:37.321-04:00 TRACE 20072 --- [backend] [http-nio-8180-exec-7] org.hibernate.orm.jdbc.extract           : extracted value (4:VARCHAR) -> [123456]
2026-08-31T12:58:37.321-04:00 TRACE 20072 --- [backend] [http-nio-8180-exec-7] org.hibernate.orm.jdbc.extract           : extracted value (5:VARCHAR) -> [usuario2]
2026-08-31T12:58:37.321-04:00 TRACE 20072 --- [backend] [http-nio-8180-exec-7] o.h.r.j.i.ResourceRegistryStandardImpl   : Releasing result set [HikariProxyResultSet@717211748 wrapping com.mysql.cj.jdbc.result.ResultSetImpl@119310e]
2026-08-31T12:58:37.322-04:00 TRACE 20072 --- [backend] [http-nio-8180-exec-7] o.h.r.j.i.ResourceRegistryStandardImpl   : Closing result set [HikariProxyResultSet@717211748 wrapping com.mysql.cj.jdbc.result.ResultSetImpl@119310e]
2026-08-31T12:58:37.322-04:00 TRACE 20072 --- [backend] [http-nio-8180-exec-7] o.h.r.j.i.ResourceRegistryStandardImpl   : Releasing statement [HikariProxyPreparedStatement@655028048 wrapping com.mysql.cj.jdbc.ClientPreparedStatement: select u1_0.id,u1_0.email,u1_0.enabled,u1_0.password,u1_0.username from user u1_0 where u1_0.username='usuario2']
2026-08-31T12:58:37.322-04:00 TRACE 20072 --- [backend] [http-nio-8180-exec-7] o.h.r.j.i.ResourceRegistryStandardImpl   : Closing prepared statement [HikariProxyPreparedStatement@655028048 wrapping com.mysql.cj.jdbc.ClientPreparedStatement: select u1_0.id,u1_0.email,u1_0.enabled,u1_0.password,u1_0.username from user u1_0 where u1_0.username='usuario2']
2026-08-31T12:58:37.322-04:00 TRACE 20072 --- [backend] [http-nio-8180-exec-7] j.i.AbstractLogicalConnectionImplementor : LogicalConnection#afterStatement
2026-08-31T12:58:37.322-04:00 TRACE 20072 --- [backend] [http-nio-8180-exec-7] o.h.e.i.StatefulPersistenceContext       : Initializing non-lazy collections
2026-08-31T12:58:37.322-04:00 TRACE 20072 --- [backend] [http-nio-8180-exec-7] j.i.AbstractLogicalConnectionImplementor : LogicalConnection#afterTransaction
2026-08-31T12:58:37.322-04:00 TRACE 20072 --- [backend] [http-nio-8180-exec-7] o.h.r.j.i.ResourceRegistryStandardImpl   : Releasing JDBC resources
2026-08-31T12:58:37.328-04:00 DEBUG 20072 --- [backend] [http-nio-8180-exec-7] m.m.a.RequestResponseBodyMethodProcessor : Using 'text/plain', given [*/*] and supported [text/plain, */*, application/json, application/*+json]
2026-08-31T12:58:37.328-04:00 TRACE 20072 --- [backend] [http-nio-8180-exec-7] m.m.a.RequestResponseBodyMethodProcessor : Writing ["Bearer eyJhbGciOiJIUzUxMiJ9.eyJhdXRob3JpdGllcyI6WyJST0xFX1VTRVIiXSwic3ViIjoidXN1YXJpbzIiLCJpYXQiOjE3ODgxOTU1MTcsImV4cCI6MTc4ODI4MTkxN30.gAGybSEDff0pT0KVpy5RJZmb_JegtrB5T0IaLLYzmPvlc81TIp0CWk-zAFAHJDIJpt5UlA6JtffkiVt0kHssWw"]
2026-08-31T12:58:37.330-04:00 TRACE 20072 --- [backend] [http-nio-8180-exec-7] o.s.web.servlet.DispatcherServlet        : No view rendering, null ModelAndView returned.
2026-08-31T12:58:37.330-04:00 TRACE 20072 --- [backend] [http-nio-8180-exec-7] org.hibernate.internal.SessionImpl       : Closing session [02a7a39a-4774-4473-bb8b-12cac5f903db]
2026-08-31T12:58:37.330-04:00 TRACE 20072 --- [backend] [http-nio-8180-exec-7] o.h.e.jdbc.internal.JdbcCoordinatorImpl  : Closing JDBC container [org.hibernate.engine.jdbc.internal.JdbcCoordinatorImpl@742c679d]
2026-08-31T12:58:37.330-04:00 TRACE 20072 --- [backend] [http-nio-8180-exec-7] o.h.r.j.i.ResourceRegistryStandardImpl   : Releasing JDBC resources
2026-08-31T12:58:37.330-04:00 TRACE 20072 --- [backend] [http-nio-8180-exec-7] o.h.r.j.i.LogicalConnectionManagedImpl   : Closing logical connection
2026-08-31T12:58:37.330-04:00 TRACE 20072 --- [backend] [http-nio-8180-exec-7] o.h.r.j.i.ResourceRegistryStandardImpl   : Releasing JDBC resources
2026-08-31T12:58:37.330-04:00 TRACE 20072 --- [backend] [http-nio-8180-exec-7] o.h.r.j.i.LogicalConnectionManagedImpl   : Logical connection closed
2026-08-31T12:58:37.330-04:00 DEBUG 20072 --- [backend] [http-nio-8180-exec-7] o.s.web.servlet.DispatcherServlet        : Completed 200 OK, headers={masked}
2026-08-31T12:58:46.954-04:00 DEBUG 20072 --- [backend] [http-nio-8180-exec-3] o.s.security.web.FilterChainProxy        : Securing POST /login
2026-08-31T12:58:46.955-04:00 DEBUG 20072 --- [backend] [http-nio-8180-exec-3] o.s.security.web.FilterChainProxy        : Secured POST /login
2026-08-31T12:58:46.955-04:00 TRACE 20072 --- [backend] [http-nio-8180-exec-3] o.s.web.servlet.DispatcherServlet        : POST "/login", parameters={}, headers={masked} in DispatcherServlet 'dispatcherServlet'
2026-08-31T12:58:46.955-04:00 TRACE 20072 --- [backend] [http-nio-8180-exec-3] s.w.s.m.m.a.RequestMappingHandlerMapping : Mapped to com.duoc.backend.LoginController#login(User)
2026-08-31T12:58:46.955-04:00 TRACE 20072 --- [backend] [http-nio-8180-exec-3] .i.SessionFactoryImpl$SessionBuilderImpl : Opening Hibernate Session.  tenant=null
2026-08-31T12:58:46.955-04:00 TRACE 20072 --- [backend] [http-nio-8180-exec-3] org.hibernate.internal.SessionImpl       : Opened Session [0bbb334f-8d8b-4095-ba72-5c2e58ace854] at timestamp: 1788195526955
2026-08-31T12:58:46.956-04:00 TRACE 20072 --- [backend] [http-nio-8180-exec-3] m.m.a.RequestResponseBodyMethodProcessor : Read "application/json;charset=UTF-8" to [com.duoc.backend.user.User@2974b3e1]
2026-08-31T12:58:46.956-04:00 TRACE 20072 --- [backend] [http-nio-8180-exec-3] o.s.web.method.HandlerMethod             : Arguments: [com.duoc.backend.user.User@2974b3e1]
2026-08-31T12:58:46.957-04:00 TRACE 20072 --- [backend] [http-nio-8180-exec-3] o.h.q.sqm.sql.BaseSqmToSqlAstConverter   : Resolving SqmRoot [com.duoc.backend.user.User] to TableGroup
2026-08-31T12:58:46.957-04:00 TRACE 20072 --- [backend] [http-nio-8180-exec-3] o.h.q.sqm.sql.BaseSqmToSqlAstConverter   : Resolving SqmRoot [com.duoc.backend.user.User] to TableGroup
2026-08-31T12:58:46.957-04:00 DEBUG 20072 --- [backend] [http-nio-8180-exec-3] org.hibernate.orm.sql.ast.create         : Created new SQL alias : u1_0
2026-08-31T12:58:46.957-04:00 TRACE 20072 --- [backend] [http-nio-8180-exec-3] o.h.q.sqm.sql.BaseSqmToSqlAstConverter   : Resolved SqmRoot [com.duoc.backend.user.User] to new TableGroup [StandardTableGroup(com.duoc.backend.user.User(2))]
2026-08-31T12:58:46.957-04:00 DEBUG 20072 --- [backend] [http-nio-8180-exec-3] org.hibernate.orm.sql.ast.create         : Registration of TableGroup [StandardTableGroup(com.duoc.backend.user.User(2))] with identifierForTableGroup [com.duoc.backend.user.User] for NavigablePath [com.duoc.backend.user.User] 
2026-08-31T12:58:46.957-04:00 TRACE 20072 --- [backend] [http-nio-8180-exec-3] o.h.q.sqm.sql.BaseSqmToSqlAstConverter   : Visiting explicit joins for `com.duoc.backend.user.User(2)`
2026-08-31T12:58:46.958-04:00 TRACE 20072 --- [backend] [http-nio-8180-exec-3] o.h.q.sqm.sql.BaseSqmToSqlAstConverter   : SqmRoot [com.duoc.backend.user.User] resolved to existing TableGroup [StandardTableGroup(com.duoc.backend.user.User(2))]
2026-08-31T12:58:46.958-04:00 TRACE 20072 --- [backend] [http-nio-8180-exec-3] o.h.p.entity.AbstractEntityPersister     : #findSubPart(`username`)
2026-08-31T12:58:46.958-04:00 DEBUG 20072 --- [backend] [http-nio-8180-exec-3] o.h.q.sqm.sql.BaseSqmToSqlAstConverter   : Determining mapping-model type for SqmParameter : org.hibernate.query.sqm.tree.expression.SqmJpaCriteriaParameterWrapper@bcbd824
2026-08-31T12:58:46.958-04:00 DEBUG 20072 --- [backend] [http-nio-8180-exec-3] o.h.q.sqm.sql.BaseSqmToSqlAstConverter   : Determining mapping-model type for SqmPath : SqmBasicValuedSimplePath(com.duoc.backend.user.User(2).username) 
2026-08-31T12:58:46.958-04:00 TRACE 20072 --- [backend] [http-nio-8180-exec-3] o.h.p.entity.AbstractEntityPersister     : #findSubPart(`username`)
2026-08-31T12:58:46.959-04:00 DEBUG 20072 --- [backend] [http-nio-8180-exec-3] org.hibernate.orm.results.graph.AST      : DomainResult Graph:
 \-EntityResultImpl [com.duoc.backend.user.User(2)]
 |  +-BasicFetch [com.duoc.backend.user.User(2).email]
 |  +-BasicFetch [com.duoc.backend.user.User(2).enabled]
 |  +-BasicFetch [com.duoc.backend.user.User(2).password]
 |  \-BasicFetch [com.duoc.backend.user.User(2).username]

2026-08-31T12:58:46.959-04:00 TRACE 20072 --- [backend] [http-nio-8180-exec-3] org.hibernate.orm.results.graph.AST      : Stack trace calling DomainResultGraphPrinter

java.lang.Exception: null
	at org.hibernate.sql.results.graph.DomainResultGraphPrinter.visitDomainResults(DomainResultGraphPrinter.java:70) ~[hibernate-core-6.6.11.Final.jar:6.6.11.Final]
	at org.hibernate.sql.results.graph.DomainResultGraphPrinter.logDomainResultGraph(DomainResultGraphPrinter.java:46) ~[hibernate-core-6.6.11.Final.jar:6.6.11.Final]
	at org.hibernate.sql.results.graph.DomainResultGraphPrinter.logDomainResultGraph(DomainResultGraphPrinter.java:37) ~[hibernate-core-6.6.11.Final.jar:6.6.11.Final]
	at org.hibernate.sql.ast.spi.AbstractSqlAstTranslator.translateSelect(AbstractSqlAstTranslator.java:877) ~[hibernate-core-6.6.11.Final.jar:6.6.11.Final]
	at org.hibernate.sql.ast.spi.AbstractSqlAstTranslator.translate(AbstractSqlAstTranslator.java:815) ~[hibernate-core-6.6.11.Final.jar:6.6.11.Final]
	at org.hibernate.query.sqm.internal.ConcreteSqmSelectQueryPlan.buildCacheableSqmInterpretation(ConcreteSqmSelectQueryPlan.java:510) ~[hibernate-core-6.6.11.Final.jar:6.6.11.Final]
	at org.hibernate.query.sqm.internal.ConcreteSqmSelectQueryPlan.withCacheableSqmInterpretation(ConcreteSqmSelectQueryPlan.java:388) ~[hibernate-core-6.6.11.Final.jar:6.6.11.Final]
	at org.hibernate.query.sqm.internal.ConcreteSqmSelectQueryPlan.performList(ConcreteSqmSelectQueryPlan.java:362) ~[hibernate-core-6.6.11.Final.jar:6.6.11.Final]
	at org.hibernate.query.sqm.internal.QuerySqmImpl.doList(QuerySqmImpl.java:380) ~[hibernate-core-6.6.11.Final.jar:6.6.11.Final]
	at org.hibernate.query.spi.AbstractSelectionQuery.list(AbstractSelectionQuery.java:143) ~[hibernate-core-6.6.11.Final.jar:6.6.11.Final]
	at org.hibernate.query.spi.AbstractSelectionQuery.getSingleResult(AbstractSelectionQuery.java:275) ~[hibernate-core-6.6.11.Final.jar:6.6.11.Final]
	at org.springframework.data.jpa.repository.query.JpaQueryExecution$SingleEntityExecution.doExecute(JpaQueryExecution.java:224) ~[spring-data-jpa-3.4.4.jar:3.4.4]
	at org.springframework.data.jpa.repository.query.JpaQueryExecution.execute(JpaQueryExecution.java:93) ~[spring-data-jpa-3.4.4.jar:3.4.4]
	at org.springframework.data.jpa.repository.query.AbstractJpaQuery.doExecute(AbstractJpaQuery.java:152) ~[spring-data-jpa-3.4.4.jar:3.4.4]
	at org.springframework.data.jpa.repository.query.AbstractJpaQuery.execute(AbstractJpaQuery.java:140) ~[spring-data-jpa-3.4.4.jar:3.4.4]
	at org.springframework.data.repository.core.support.RepositoryMethodInvoker.doInvoke(RepositoryMethodInvoker.java:170) ~[spring-data-commons-3.4.4.jar:3.4.4]
	at org.springframework.data.repository.core.support.RepositoryMethodInvoker.invoke(RepositoryMethodInvoker.java:158) ~[spring-data-commons-3.4.4.jar:3.4.4]
	at org.springframework.data.repository.core.support.QueryExecutorMethodInterceptor.doInvoke(QueryExecutorMethodInterceptor.java:170) ~[spring-data-commons-3.4.4.jar:3.4.4]
	at org.springframework.data.repository.core.support.QueryExecutorMethodInterceptor.invoke(QueryExecutorMethodInterceptor.java:149) ~[spring-data-commons-3.4.4.jar:3.4.4]
	at org.springframework.aop.framework.ReflectiveMethodInvocation.proceed(ReflectiveMethodInvocation.java:184) ~[spring-aop-6.2.5.jar:6.2.5]
	at org.springframework.transaction.interceptor.TransactionAspectSupport.invokeWithinTransaction(TransactionAspectSupport.java:380) ~[spring-tx-6.2.5.jar:6.2.5]
	at org.springframework.transaction.interceptor.TransactionInterceptor.invoke(TransactionInterceptor.java:119) ~[spring-tx-6.2.5.jar:6.2.5]
	at org.springframework.aop.framework.ReflectiveMethodInvocation.proceed(ReflectiveMethodInvocation.java:184) ~[spring-aop-6.2.5.jar:6.2.5]
	at org.springframework.dao.support.PersistenceExceptionTranslationInterceptor.invoke(PersistenceExceptionTranslationInterceptor.java:138) ~[spring-tx-6.2.5.jar:6.2.5]
	at org.springframework.aop.framework.ReflectiveMethodInvocation.proceed(ReflectiveMethodInvocation.java:184) ~[spring-aop-6.2.5.jar:6.2.5]
	at org.springframework.data.jpa.repository.support.CrudMethodMetadataPostProcessor$CrudMethodMetadataPopulatingMethodInterceptor.invoke(CrudMethodMetadataPostProcessor.java:136) ~[spring-data-jpa-3.4.4.jar:3.4.4]
	at org.springframework.aop.framework.ReflectiveMethodInvocation.proceed(ReflectiveMethodInvocation.java:184) ~[spring-aop-6.2.5.jar:6.2.5]
	at org.springframework.aop.framework.JdkDynamicAopProxy.invoke(JdkDynamicAopProxy.java:223) ~[spring-aop-6.2.5.jar:6.2.5]
	at jdk.proxy2/jdk.proxy2.$Proxy127.findByUsername(Unknown Source) ~[na:na]
	at com.duoc.backend.user.MyUserDetailsService.loadUserByUsername(MyUserDetailsService.java:30) ~[classes/:na]
	at com.duoc.backend.LoginController.login(LoginController.java:29) ~[classes/:na]
	at java.base/jdk.internal.reflect.NativeMethodAccessorImpl.invoke0(Native Method) ~[na:na]
	at java.base/jdk.internal.reflect.NativeMethodAccessorImpl.invoke(NativeMethodAccessorImpl.java:77) ~[na:na]
	at java.base/jdk.internal.reflect.DelegatingMethodAccessorImpl.invoke(DelegatingMethodAccessorImpl.java:43) ~[na:na]
	at java.base/java.lang.reflect.Method.invoke(Method.java:568) ~[na:na]
	at org.springframework.web.method.support.InvocableHandlerMethod.doInvoke(InvocableHandlerMethod.java:258) ~[spring-web-6.2.5.jar:6.2.5]
	at org.springframework.web.method.support.InvocableHandlerMethod.invokeForRequest(InvocableHandlerMethod.java:191) ~[spring-web-6.2.5.jar:6.2.5]
	at org.springframework.web.servlet.mvc.method.annotation.ServletInvocableHandlerMethod.invokeAndHandle(ServletInvocableHandlerMethod.java:118) ~[spring-webmvc-6.2.5.jar:6.2.5]
	at org.springframework.web.servlet.mvc.method.annotation.RequestMappingHandlerAdapter.invokeHandlerMethod(RequestMappingHandlerAdapter.java:986) ~[spring-webmvc-6.2.5.jar:6.2.5]
	at org.springframework.web.servlet.mvc.method.annotation.RequestMappingHandlerAdapter.handleInternal(RequestMappingHandlerAdapter.java:891) ~[spring-webmvc-6.2.5.jar:6.2.5]
	at org.springframework.web.servlet.mvc.method.AbstractHandlerMethodAdapter.handle(AbstractHandlerMethodAdapter.java:87) ~[spring-webmvc-6.2.5.jar:6.2.5]
	at org.springframework.web.servlet.DispatcherServlet.doDispatch(DispatcherServlet.java:1089) ~[spring-webmvc-6.2.5.jar:6.2.5]
	at org.springframework.web.servlet.DispatcherServlet.doService(DispatcherServlet.java:979) ~[spring-webmvc-6.2.5.jar:6.2.5]
	at org.springframework.web.servlet.FrameworkServlet.processRequest(FrameworkServlet.java:1014) ~[spring-webmvc-6.2.5.jar:6.2.5]
	at org.springframework.web.servlet.FrameworkServlet.doPost(FrameworkServlet.java:914) ~[spring-webmvc-6.2.5.jar:6.2.5]
	at jakarta.servlet.http.HttpServlet.service(HttpServlet.java:590) ~[tomcat-embed-core-10.1.39.jar:6.0]
	at org.springframework.web.servlet.FrameworkServlet.service(FrameworkServlet.java:885) ~[spring-webmvc-6.2.5.jar:6.2.5]
	at jakarta.servlet.http.HttpServlet.service(HttpServlet.java:658) ~[tomcat-embed-core-10.1.39.jar:6.0]
	at org.apache.catalina.core.ApplicationFilterChain.internalDoFilter(ApplicationFilterChain.java:195) ~[tomcat-embed-core-10.1.39.jar:10.1.39]
	at org.apache.catalina.core.ApplicationFilterChain.doFilter(ApplicationFilterChain.java:140) ~[tomcat-embed-core-10.1.39.jar:10.1.39]
	at org.apache.tomcat.websocket.server.WsFilter.doFilter(WsFilter.java:51) ~[tomcat-embed-websocket-10.1.39.jar:10.1.39]
	at org.apache.catalina.core.ApplicationFilterChain.internalDoFilter(ApplicationFilterChain.java:164) ~[tomcat-embed-core-10.1.39.jar:10.1.39]
	at org.apache.catalina.core.ApplicationFilterChain.doFilter(ApplicationFilterChain.java:140) ~[tomcat-embed-core-10.1.39.jar:10.1.39]
	at org.springframework.web.filter.OncePerRequestFilter.doFilter(OncePerRequestFilter.java:110) ~[spring-web-6.2.5.jar:6.2.5]
	at org.apache.catalina.core.ApplicationFilterChain.internalDoFilter(ApplicationFilterChain.java:164) ~[tomcat-embed-core-10.1.39.jar:10.1.39]
	at org.apache.catalina.core.ApplicationFilterChain.doFilter(ApplicationFilterChain.java:140) ~[tomcat-embed-core-10.1.39.jar:10.1.39]
	at org.springframework.web.filter.CompositeFilter$VirtualFilterChain.doFilter(CompositeFilter.java:108) ~[spring-web-6.2.5.jar:6.2.5]
	at org.springframework.security.web.FilterChainProxy.lambda$doFilterInternal$3(FilterChainProxy.java:231) ~[spring-security-web-6.4.4.jar:6.4.4]
	at org.springframework.security.web.FilterChainProxy$VirtualFilterChain.doFilter(FilterChainProxy.java:365) ~[spring-security-web-6.4.4.jar:6.4.4]
	at org.springframework.security.web.access.intercept.AuthorizationFilter.doFilter(AuthorizationFilter.java:101) ~[spring-security-web-6.4.4.jar:6.4.4]
	at org.springframework.security.web.FilterChainProxy$VirtualFilterChain.doFilter(FilterChainProxy.java:374) ~[spring-security-web-6.4.4.jar:6.4.4]
	at org.springframework.security.web.access.ExceptionTranslationFilter.doFilter(ExceptionTranslationFilter.java:126) ~[spring-security-web-6.4.4.jar:6.4.4]
	at org.springframework.security.web.access.ExceptionTranslationFilter.doFilter(ExceptionTranslationFilter.java:120) ~[spring-security-web-6.4.4.jar:6.4.4]
	at org.springframework.security.web.FilterChainProxy$VirtualFilterChain.doFilter(FilterChainProxy.java:374) ~[spring-security-web-6.4.4.jar:6.4.4]
	at org.springframework.security.web.authentication.AnonymousAuthenticationFilter.doFilter(AnonymousAuthenticationFilter.java:100) ~[spring-security-web-6.4.4.jar:6.4.4]
	at org.springframework.security.web.FilterChainProxy$VirtualFilterChain.doFilter(FilterChainProxy.java:374) ~[spring-security-web-6.4.4.jar:6.4.4]
	at org.springframework.security.web.servletapi.SecurityContextHolderAwareRequestFilter.doFilter(SecurityContextHolderAwareRequestFilter.java:179) ~[spring-security-web-6.4.4.jar:6.4.4]
	at org.springframework.security.web.FilterChainProxy$VirtualFilterChain.doFilter(FilterChainProxy.java:374) ~[spring-security-web-6.4.4.jar:6.4.4]
	at org.springframework.security.web.savedrequest.RequestCacheAwareFilter.doFilter(RequestCacheAwareFilter.java:63) ~[spring-security-web-6.4.4.jar:6.4.4]
	at org.springframework.security.web.FilterChainProxy$VirtualFilterChain.doFilter(FilterChainProxy.java:374) ~[spring-security-web-6.4.4.jar:6.4.4]
	at com.duoc.backend.JWTAuthorizationFilter.doFilterInternal(JWTAuthorizationFilter.java:70) ~[classes/:na]
	at org.springframework.web.filter.OncePerRequestFilter.doFilter(OncePerRequestFilter.java:116) ~[spring-web-6.2.5.jar:6.2.5]
	at org.springframework.security.web.FilterChainProxy$VirtualFilterChain.doFilter(FilterChainProxy.java:374) ~[spring-security-web-6.4.4.jar:6.4.4]
	at org.springframework.security.web.authentication.logout.LogoutFilter.doFilter(LogoutFilter.java:107) ~[spring-security-web-6.4.4.jar:6.4.4]
	at org.springframework.security.web.authentication.logout.LogoutFilter.doFilter(LogoutFilter.java:93) ~[spring-security-web-6.4.4.jar:6.4.4]
	at org.springframework.security.web.FilterChainProxy$VirtualFilterChain.doFilter(FilterChainProxy.java:374) ~[spring-security-web-6.4.4.jar:6.4.4]
	at org.springframework.security.web.header.HeaderWriterFilter.doHeadersAfter(HeaderWriterFilter.java:90) ~[spring-security-web-6.4.4.jar:6.4.4]
	at org.springframework.security.web.header.HeaderWriterFilter.doFilterInternal(HeaderWriterFilter.java:75) ~[spring-security-web-6.4.4.jar:6.4.4]
	at org.springframework.web.filter.OncePerRequestFilter.doFilter(OncePerRequestFilter.java:116) ~[spring-web-6.2.5.jar:6.2.5]
	at org.springframework.security.web.FilterChainProxy$VirtualFilterChain.doFilter(FilterChainProxy.java:374) ~[spring-security-web-6.4.4.jar:6.4.4]
	at org.springframework.security.web.context.SecurityContextHolderFilter.doFilter(SecurityContextHolderFilter.java:82) ~[spring-security-web-6.4.4.jar:6.4.4]
	at org.springframework.security.web.context.SecurityContextHolderFilter.doFilter(SecurityContextHolderFilter.java:69) ~[spring-security-web-6.4.4.jar:6.4.4]
	at org.springframework.security.web.FilterChainProxy$VirtualFilterChain.doFilter(FilterChainProxy.java:374) ~[spring-security-web-6.4.4.jar:6.4.4]
	at org.springframework.security.web.context.request.async.WebAsyncManagerIntegrationFilter.doFilterInternal(WebAsyncManagerIntegrationFilter.java:62) ~[spring-security-web-6.4.4.jar:6.4.4]
	at org.springframework.web.filter.OncePerRequestFilter.doFilter(OncePerRequestFilter.java:116) ~[spring-web-6.2.5.jar:6.2.5]
	at org.springframework.security.web.FilterChainProxy$VirtualFilterChain.doFilter(FilterChainProxy.java:374) ~[spring-security-web-6.4.4.jar:6.4.4]
	at org.springframework.security.web.session.DisableEncodeUrlFilter.doFilterInternal(DisableEncodeUrlFilter.java:42) ~[spring-security-web-6.4.4.jar:6.4.4]
	at org.springframework.web.filter.OncePerRequestFilter.doFilter(OncePerRequestFilter.java:116) ~[spring-web-6.2.5.jar:6.2.5]
	at org.springframework.security.web.FilterChainProxy$VirtualFilterChain.doFilter(FilterChainProxy.java:374) ~[spring-security-web-6.4.4.jar:6.4.4]
	at org.springframework.security.web.FilterChainProxy.doFilterInternal(FilterChainProxy.java:233) ~[spring-security-web-6.4.4.jar:6.4.4]
	at org.springframework.security.web.FilterChainProxy.doFilter(FilterChainProxy.java:191) ~[spring-security-web-6.4.4.jar:6.4.4]
	at org.springframework.web.filter.CompositeFilter$VirtualFilterChain.doFilter(CompositeFilter.java:113) ~[spring-web-6.2.5.jar:6.2.5]
	at org.springframework.web.servlet.handler.HandlerMappingIntrospector.lambda$createCacheFilter$3(HandlerMappingIntrospector.java:243) ~[spring-webmvc-6.2.5.jar:6.2.5]
	at org.springframework.web.filter.CompositeFilter$VirtualFilterChain.doFilter(CompositeFilter.java:113) ~[spring-web-6.2.5.jar:6.2.5]
	at org.springframework.web.filter.CompositeFilter.doFilter(CompositeFilter.java:74) ~[spring-web-6.2.5.jar:6.2.5]
	at org.springframework.security.config.annotation.web.configuration.WebMvcSecurityConfiguration$CompositeFilterChainProxy.doFilter(WebMvcSecurityConfiguration.java:238) ~[spring-security-config-6.4.4.jar:6.4.4]
	at org.springframework.web.filter.DelegatingFilterProxy.invokeDelegate(DelegatingFilterProxy.java:362) ~[spring-web-6.2.5.jar:6.2.5]
	at org.springframework.web.filter.DelegatingFilterProxy.doFilter(DelegatingFilterProxy.java:278) ~[spring-web-6.2.5.jar:6.2.5]
	at org.apache.catalina.core.ApplicationFilterChain.internalDoFilter(ApplicationFilterChain.java:164) ~[tomcat-embed-core-10.1.39.jar:10.1.39]
	at org.apache.catalina.core.ApplicationFilterChain.doFilter(ApplicationFilterChain.java:140) ~[tomcat-embed-core-10.1.39.jar:10.1.39]
	at org.springframework.web.filter.RequestContextFilter.doFilterInternal(RequestContextFilter.java:100) ~[spring-web-6.2.5.jar:6.2.5]
	at org.springframework.web.filter.OncePerRequestFilter.doFilter(OncePerRequestFilter.java:116) ~[spring-web-6.2.5.jar:6.2.5]
	at org.apache.catalina.core.ApplicationFilterChain.internalDoFilter(ApplicationFilterChain.java:164) ~[tomcat-embed-core-10.1.39.jar:10.1.39]
	at org.apache.catalina.core.ApplicationFilterChain.doFilter(ApplicationFilterChain.java:140) ~[tomcat-embed-core-10.1.39.jar:10.1.39]
	at org.springframework.web.filter.FormContentFilter.doFilterInternal(FormContentFilter.java:93) ~[spring-web-6.2.5.jar:6.2.5]
	at org.springframework.web.filter.OncePerRequestFilter.doFilter(OncePerRequestFilter.java:116) ~[spring-web-6.2.5.jar:6.2.5]
	at org.apache.catalina.core.ApplicationFilterChain.internalDoFilter(ApplicationFilterChain.java:164) ~[tomcat-embed-core-10.1.39.jar:10.1.39]
	at org.apache.catalina.core.ApplicationFilterChain.doFilter(ApplicationFilterChain.java:140) ~[tomcat-embed-core-10.1.39.jar:10.1.39]
	at org.springframework.web.filter.CharacterEncodingFilter.doFilterInternal(CharacterEncodingFilter.java:201) ~[spring-web-6.2.5.jar:6.2.5]
	at org.springframework.web.filter.OncePerRequestFilter.doFilter(OncePerRequestFilter.java:116) ~[spring-web-6.2.5.jar:6.2.5]
	at org.apache.catalina.core.ApplicationFilterChain.internalDoFilter(ApplicationFilterChain.java:164) ~[tomcat-embed-core-10.1.39.jar:10.1.39]
	at org.apache.catalina.core.ApplicationFilterChain.doFilter(ApplicationFilterChain.java:140) ~[tomcat-embed-core-10.1.39.jar:10.1.39]
	at org.apache.catalina.core.StandardWrapperValve.invoke(StandardWrapperValve.java:167) ~[tomcat-embed-core-10.1.39.jar:10.1.39]
	at org.apache.catalina.core.StandardContextValve.invoke(StandardContextValve.java:90) ~[tomcat-embed-core-10.1.39.jar:10.1.39]
	at org.apache.catalina.authenticator.AuthenticatorBase.invoke(AuthenticatorBase.java:483) ~[tomcat-embed-core-10.1.39.jar:10.1.39]
	at org.apache.catalina.core.StandardHostValve.invoke(StandardHostValve.java:115) ~[tomcat-embed-core-10.1.39.jar:10.1.39]
	at org.apache.catalina.valves.ErrorReportValve.invoke(ErrorReportValve.java:93) ~[tomcat-embed-core-10.1.39.jar:10.1.39]
	at org.apache.catalina.core.StandardEngineValve.invoke(StandardEngineValve.java:74) ~[tomcat-embed-core-10.1.39.jar:10.1.39]
	at org.apache.catalina.connector.CoyoteAdapter.service(CoyoteAdapter.java:344) ~[tomcat-embed-core-10.1.39.jar:10.1.39]
	at org.apache.coyote.http11.Http11Processor.service(Http11Processor.java:397) ~[tomcat-embed-core-10.1.39.jar:10.1.39]
	at org.apache.coyote.AbstractProcessorLight.process(AbstractProcessorLight.java:63) ~[tomcat-embed-core-10.1.39.jar:10.1.39]
	at org.apache.coyote.AbstractProtocol$ConnectionHandler.process(AbstractProtocol.java:905) ~[tomcat-embed-core-10.1.39.jar:10.1.39]
	at org.apache.tomcat.util.net.NioEndpoint$SocketProcessor.doRun(NioEndpoint.java:1743) ~[tomcat-embed-core-10.1.39.jar:10.1.39]
	at org.apache.tomcat.util.net.SocketProcessorBase.run(SocketProcessorBase.java:52) ~[tomcat-embed-core-10.1.39.jar:10.1.39]
	at org.apache.tomcat.util.threads.ThreadPoolExecutor.runWorker(ThreadPoolExecutor.java:1190) ~[tomcat-embed-core-10.1.39.jar:10.1.39]
	at org.apache.tomcat.util.threads.ThreadPoolExecutor$Worker.run(ThreadPoolExecutor.java:659) ~[tomcat-embed-core-10.1.39.jar:10.1.39]
	at org.apache.tomcat.util.threads.TaskThread$WrappingRunnable.run(TaskThread.java:63) ~[tomcat-embed-core-10.1.39.jar:10.1.39]
	at java.base/java.lang.Thread.run(Thread.java:842) ~[na:na]

2026-08-31T12:58:46.961-04:00 DEBUG 20072 --- [backend] [http-nio-8180-exec-3] org.hibernate.orm.sql.ast.tree           : SQL AST Tree:
    SelectStatement {
      FromClause {
        StandardTableGroup (u1 : com.duoc.backend.user.User(2)) {
          primaryTableReference : user as u1_0
        }
      }
    }

2026-08-31T12:58:46.961-04:00 DEBUG 20072 --- [backend] [http-nio-8180-exec-3] org.hibernate.orm.sql.exec               : Skipping reading Query result cache data: cache-enabled = false, cache-mode = NORMAL
2026-08-31T12:58:46.961-04:00 TRACE 20072 --- [backend] [http-nio-8180-exec-3] o.h.s.r.j.i.DeferredResultSetAccess      : Executing query to retrieve ResultSet : select u1_0.id,u1_0.email,u1_0.enabled,u1_0.password,u1_0.username from user u1_0 where u1_0.username=?
2026-08-31T12:58:46.962-04:00 DEBUG 20072 --- [backend] [http-nio-8180-exec-3] org.hibernate.SQL                        : select u1_0.id,u1_0.email,u1_0.enabled,u1_0.password,u1_0.username from user u1_0 where u1_0.username=?
2026-08-31T12:58:46.963-04:00 TRACE 20072 --- [backend] [http-nio-8180-exec-3] o.h.r.j.i.ResourceRegistryStandardImpl   : Registering statement [HikariProxyPreparedStatement@137044934 wrapping com.mysql.cj.jdbc.ClientPreparedStatement: select u1_0.id,u1_0.email,u1_0.enabled,u1_0.password,u1_0.username from user u1_0 where u1_0.username=** NOT SPECIFIED **]
2026-08-31T12:58:46.964-04:00 TRACE 20072 --- [backend] [http-nio-8180-exec-3] o.h.e.jdbc.internal.JdbcCoordinatorImpl  : Registering last query statement [HikariProxyPreparedStatement@137044934 wrapping com.mysql.cj.jdbc.ClientPreparedStatement: select u1_0.id,u1_0.email,u1_0.enabled,u1_0.password,u1_0.username from user u1_0 where u1_0.username=** NOT SPECIFIED **]
2026-08-31T12:58:46.964-04:00 TRACE 20072 --- [backend] [http-nio-8180-exec-3] org.hibernate.orm.jdbc.bind              : binding parameter (1:VARCHAR) <- [prueba]
2026-08-31T12:58:46.966-04:00 TRACE 20072 --- [backend] [http-nio-8180-exec-3] o.h.r.j.i.ResourceRegistryStandardImpl   : Registering result set [HikariProxyResultSet@2098998543 wrapping com.mysql.cj.jdbc.result.ResultSetImpl@30c44710]
2026-08-31T12:58:46.966-04:00 TRACE 20072 --- [backend] [http-nio-8180-exec-3] org.hibernate.orm.results                : Registering initializer : EntityJoinedFetchInitializer(com.duoc.backend.user.User(2))
2026-08-31T12:58:46.967-04:00 DEBUG 20072 --- [backend] [http-nio-8180-exec-3] org.hibernate.orm.results                : Initializer list:
	  com.duoc.backend.user.User(2) -> EntityJoinedFetchInitializer(com.duoc.backend.user.User(2))@1260296790 (SingleTableEntityPersister(com.duoc.backend.user.User))

2026-08-31T12:58:46.967-04:00 TRACE 20072 --- [backend] [http-nio-8180-exec-3] org.hibernate.orm.jdbc.extract           : extracted value (1:INTEGER) -> [1]
2026-08-31T12:58:46.970-04:00 TRACE 20072 --- [backend] [http-nio-8180-exec-3] org.hibernate.orm.jdbc.extract           : extracted value (2:VARCHAR) -> [prueba@correo.cl]
2026-08-31T12:58:46.970-04:00 TRACE 20072 --- [backend] [http-nio-8180-exec-3] org.hibernate.orm.jdbc.extract           : extracted value (3:BOOLEAN) -> [true]
2026-08-31T12:58:46.970-04:00 TRACE 20072 --- [backend] [http-nio-8180-exec-3] org.hibernate.orm.jdbc.extract           : extracted value (4:VARCHAR) -> [123456]
2026-08-31T12:58:46.971-04:00 TRACE 20072 --- [backend] [http-nio-8180-exec-3] org.hibernate.orm.jdbc.extract           : extracted value (5:VARCHAR) -> [prueba]
2026-08-31T12:58:46.971-04:00 TRACE 20072 --- [backend] [http-nio-8180-exec-3] o.h.r.j.i.ResourceRegistryStandardImpl   : Releasing result set [HikariProxyResultSet@2098998543 wrapping com.mysql.cj.jdbc.result.ResultSetImpl@30c44710]
2026-08-31T12:58:46.972-04:00 TRACE 20072 --- [backend] [http-nio-8180-exec-3] o.h.r.j.i.ResourceRegistryStandardImpl   : Closing result set [HikariProxyResultSet@2098998543 wrapping com.mysql.cj.jdbc.result.ResultSetImpl@30c44710]
2026-08-31T12:58:46.972-04:00 TRACE 20072 --- [backend] [http-nio-8180-exec-3] o.h.r.j.i.ResourceRegistryStandardImpl   : Releasing statement [HikariProxyPreparedStatement@137044934 wrapping com.mysql.cj.jdbc.ClientPreparedStatement: select u1_0.id,u1_0.email,u1_0.enabled,u1_0.password,u1_0.username from user u1_0 where u1_0.username='prueba']
2026-08-31T12:58:46.972-04:00 TRACE 20072 --- [backend] [http-nio-8180-exec-3] o.h.r.j.i.ResourceRegistryStandardImpl   : Closing prepared statement [HikariProxyPreparedStatement@137044934 wrapping com.mysql.cj.jdbc.ClientPreparedStatement: select u1_0.id,u1_0.email,u1_0.enabled,u1_0.password,u1_0.username from user u1_0 where u1_0.username='prueba']
2026-08-31T12:58:46.972-04:00 TRACE 20072 --- [backend] [http-nio-8180-exec-3] j.i.AbstractLogicalConnectionImplementor : LogicalConnection#afterStatement
2026-08-31T12:58:46.972-04:00 TRACE 20072 --- [backend] [http-nio-8180-exec-3] o.h.e.i.StatefulPersistenceContext       : Initializing non-lazy collections
2026-08-31T12:58:46.972-04:00 TRACE 20072 --- [backend] [http-nio-8180-exec-3] j.i.AbstractLogicalConnectionImplementor : LogicalConnection#afterTransaction
2026-08-31T12:58:46.972-04:00 TRACE 20072 --- [backend] [http-nio-8180-exec-3] o.h.r.j.i.ResourceRegistryStandardImpl   : Releasing JDBC resources
2026-08-31T12:58:46.973-04:00 DEBUG 20072 --- [backend] [http-nio-8180-exec-3] m.m.a.RequestResponseBodyMethodProcessor : Using 'text/plain', given [*/*] and supported [text/plain, */*, application/json, application/*+json]
2026-08-31T12:58:46.973-04:00 TRACE 20072 --- [backend] [http-nio-8180-exec-3] m.m.a.RequestResponseBodyMethodProcessor : Writing ["Bearer eyJhbGciOiJIUzUxMiJ9.eyJhdXRob3JpdGllcyI6WyJST0xFX1VTRVIiXSwic3ViIjoicHJ1ZWJhIiwiaWF0IjoxNzg4MTk1NTI2LCJleHAiOjE3ODgyODE5MjZ9.0o5oO6J5bb6Is15sjZTgW1CY6dUm07yY8Q2g76xuhAatgLGWPUXl3pAaX2ww9ohT_hztQ4qvAodMtn2VZHlp4A"]
2026-08-31T12:58:46.974-04:00 TRACE 20072 --- [backend] [http-nio-8180-exec-3] o.s.web.servlet.DispatcherServlet        : No view rendering, null ModelAndView returned.
2026-08-31T12:58:46.974-04:00 TRACE 20072 --- [backend] [http-nio-8180-exec-3] org.hibernate.internal.SessionImpl       : Closing session [0bbb334f-8d8b-4095-ba72-5c2e58ace854]
2026-08-31T12:58:46.974-04:00 TRACE 20072 --- [backend] [http-nio-8180-exec-3] o.h.e.jdbc.internal.JdbcCoordinatorImpl  : Closing JDBC container [org.hibernate.engine.jdbc.internal.JdbcCoordinatorImpl@2b8f5813]
2026-08-31T12:58:46.974-04:00 TRACE 20072 --- [backend] [http-nio-8180-exec-3] o.h.r.j.i.ResourceRegistryStandardImpl   : Releasing JDBC resources
2026-08-31T12:58:46.974-04:00 TRACE 20072 --- [backend] [http-nio-8180-exec-3] o.h.r.j.i.LogicalConnectionManagedImpl   : Closing logical connection
2026-08-31T12:58:46.974-04:00 TRACE 20072 --- [backend] [http-nio-8180-exec-3] o.h.r.j.i.ResourceRegistryStandardImpl   : Releasing JDBC resources
2026-08-31T12:58:46.974-04:00 TRACE 20072 --- [backend] [http-nio-8180-exec-3] o.h.r.j.i.LogicalConnectionManagedImpl   : Logical connection closed
2026-08-31T12:58:46.975-04:00 DEBUG 20072 --- [backend] [http-nio-8180-exec-3] o.s.web.servlet.DispatcherServlet        : Completed 200 OK, headers={masked}
2026-08-31T12:58:50.175-04:00 DEBUG 20072 --- [backend] [HikariPool-1 housekeeper] com.zaxxer.hikari.pool.HikariPool        : HikariPool-1 - Pool stats (total=10, active=0, idle=10, waiting=0)
2026-08-31T12:58:50.175-04:00 DEBUG 20072 --- [backend] [HikariPool-1 housekeeper] com.zaxxer.hikari.pool.HikariPool        : HikariPool-1 - Fill pool skipped, pool has sufficient level or currently being filled.
2026-08-31T12:59:20.189-04:00 DEBUG 20072 --- [backend] [HikariPool-1 housekeeper] com.zaxxer.hikari.pool.HikariPool        : HikariPool-1 - Pool stats (total=10, active=0, idle=10, waiting=0)
2026-08-31T12:59:20.189-04:00 DEBUG 20072 --- [backend] [HikariPool-1 housekeeper] com.zaxxer.hikari.pool.HikariPool        : HikariPool-1 - Fill pool skipped, pool has sufficient level or currently being filled.
2026-08-31T12:59:50.198-04:00 DEBUG 20072 --- [backend] [HikariPool-1 housekeeper] com.zaxxer.hikari.pool.HikariPool        : HikariPool-1 - Pool stats (total=10, active=0, idle=10, waiting=0)
2026-08-31T12:59:50.198-04:00 DEBUG 20072 --- [backend] [HikariPool-1 housekeeper] com.zaxxer.hikari.pool.HikariPool        : HikariPool-1 - Fill pool skipped, pool has sufficient level or currently being filled.
2026-08-31T13:00:20.214-04:00 DEBUG 20072 --- [backend] [HikariPool-1 housekeeper] com.zaxxer.hikari.pool.HikariPool        : HikariPool-1 - Pool stats (total=10, active=0, idle=10, waiting=0)
2026-08-31T13:00:20.214-04:00 DEBUG 20072 --- [backend] [HikariPool-1 housekeeper] com.zaxxer.hikari.pool.HikariPool        : HikariPool-1 - Fill pool skipped, pool has sufficient level or currently being filled.
2026-08-31T13:00:50.228-04:00 DEBUG 20072 --- [backend] [HikariPool-1 housekeeper] com.zaxxer.hikari.pool.HikariPool        : HikariPool-1 - Pool stats (total=10, active=0, idle=10, waiting=0)
2026-08-31T13:00:50.228-04:00 DEBUG 20072 --- [backend] [HikariPool-1 housekeeper] com.zaxxer.hikari.pool.HikariPool        : HikariPool-1 - Fill pool skipped, pool has sufficient level or currently being filled.
2026-08-31T13:01:20.234-04:00 DEBUG 20072 --- [backend] [HikariPool-1 housekeeper] com.zaxxer.hikari.pool.HikariPool        : HikariPool-1 - Pool stats (total=10, active=0, idle=10, waiting=0)
2026-08-31T13:01:20.234-04:00 DEBUG 20072 --- [backend] [HikariPool-1 housekeeper] com.zaxxer.hikari.pool.HikariPool        : HikariPool-1 - Fill pool skipped, pool has sufficient level or currently being filled.
2026-08-31T13:01:50.240-04:00 DEBUG 20072 --- [backend] [HikariPool-1 housekeeper] com.zaxxer.hikari.pool.HikariPool        : HikariPool-1 - Pool stats (total=10, active=0, idle=10, waiting=0)
2026-08-31T13:01:50.240-04:00 DEBUG 20072 --- [backend] [HikariPool-1 housekeeper] com.zaxxer.hikari.pool.HikariPool        : HikariPool-1 - Fill pool skipped, pool has sufficient level or currently being filled.
2026-08-31T13:02:20.240-04:00 DEBUG 20072 --- [backend] [HikariPool-1 housekeeper] com.zaxxer.hikari.pool.HikariPool        : HikariPool-1 - Pool stats (total=10, active=0, idle=10, waiting=0)
2026-08-31T13:02:20.240-04:00 DEBUG 20072 --- [backend] [HikariPool-1 housekeeper] com.zaxxer.hikari.pool.HikariPool        : HikariPool-1 - Fill pool skipped, pool has sufficient level or currently being filled.
2026-08-31T13:02:50.249-04:00 DEBUG 20072 --- [backend] [HikariPool-1 housekeeper] com.zaxxer.hikari.pool.HikariPool        : HikariPool-1 - Pool stats (total=10, active=0, idle=10, waiting=0)
2026-08-31T13:02:50.249-04:00 DEBUG 20072 --- [backend] [HikariPool-1 housekeeper] com.zaxxer.hikari.pool.HikariPool        : HikariPool-1 - Fill pool skipped, pool has sufficient level or currently being filled.
2026-08-31T13:03:20.252-04:00 DEBUG 20072 --- [backend] [HikariPool-1 housekeeper] com.zaxxer.hikari.pool.HikariPool        : HikariPool-1 - Pool stats (total=10, active=0, idle=10, waiting=0)
2026-08-31T13:03:20.252-04:00 DEBUG 20072 --- [backend] [HikariPool-1 housekeeper] com.zaxxer.hikari.pool.HikariPool        : HikariPool-1 - Fill pool skipped, pool has sufficient level or currently being filled.
2026-08-31T13:03:50.267-04:00 DEBUG 20072 --- [backend] [HikariPool-1 housekeeper] com.zaxxer.hikari.pool.HikariPool        : HikariPool-1 - Pool stats (total=10, active=0, idle=10, waiting=0)
2026-08-31T13:03:50.267-04:00 DEBUG 20072 --- [backend] [HikariPool-1 housekeeper] com.zaxxer.hikari.pool.HikariPool        : HikariPool-1 - Fill pool skipped, pool has sufficient level or currently being filled.
2026-08-31T13:04:20.276-04:00 DEBUG 20072 --- [backend] [HikariPool-1 housekeeper] com.zaxxer.hikari.pool.HikariPool        : HikariPool-1 - Pool stats (total=10, active=0, idle=10, waiting=0)
2026-08-31T13:04:20.276-04:00 DEBUG 20072 --- [backend] [HikariPool-1 housekeeper] com.zaxxer.hikari.pool.HikariPool        : HikariPool-1 - Fill pool skipped, pool has sufficient level or currently being filled.
2026-08-31T13:04:50.289-04:00 DEBUG 20072 --- [backend] [HikariPool-1 housekeeper] com.zaxxer.hikari.pool.HikariPool        : HikariPool-1 - Pool stats (total=10, active=0, idle=10, waiting=0)
2026-08-31T13:04:50.289-04:00 DEBUG 20072 --- [backend] [HikariPool-1 housekeeper] com.zaxxer.hikari.pool.HikariPool        : HikariPool-1 - Fill pool skipped, pool has sufficient level or currently being filled.
2026-08-31T13:05:20.294-04:00 DEBUG 20072 --- [backend] [HikariPool-1 housekeeper] com.zaxxer.hikari.pool.HikariPool        : HikariPool-1 - Pool stats (total=10, active=0, idle=10, waiting=0)
2026-08-31T13:05:20.294-04:00 DEBUG 20072 --- [backend] [HikariPool-1 housekeeper] com.zaxxer.hikari.pool.HikariPool        : HikariPool-1 - Fill pool skipped, pool has sufficient level or currently being filled.
2026-08-31T13:05:50.309-04:00 DEBUG 20072 --- [backend] [HikariPool-1 housekeeper] com.zaxxer.hikari.pool.HikariPool        : HikariPool-1 - Pool stats (total=10, active=0, idle=10, waiting=0)
2026-08-31T13:05:50.309-04:00 DEBUG 20072 --- [backend] [HikariPool-1 housekeeper] com.zaxxer.hikari.pool.HikariPool        : HikariPool-1 - Fill pool skipped, pool has sufficient level or currently being filled.
2026-08-31T13:06:20.317-04:00 DEBUG 20072 --- [backend] [HikariPool-1 housekeeper] com.zaxxer.hikari.pool.HikariPool        : HikariPool-1 - Pool stats (total=10, active=0, idle=10, waiting=0)
2026-08-31T13:06:20.317-04:00 DEBUG 20072 --- [backend] [HikariPool-1 housekeeper] com.zaxxer.hikari.pool.HikariPool        : HikariPool-1 - Fill pool skipped, pool has sufficient level or currently being filled.
2026-08-31T13:06:50.324-04:00 DEBUG 20072 --- [backend] [HikariPool-1 housekeeper] com.zaxxer.hikari.pool.HikariPool        : HikariPool-1 - Pool stats (total=10, active=0, idle=10, waiting=0)
2026-08-31T13:06:50.324-04:00 DEBUG 20072 --- [backend] [HikariPool-1 housekeeper] com.zaxxer.hikari.pool.HikariPool        : HikariPool-1 - Fill pool skipped, pool has sufficient level or currently being filled.
2026-08-31T13:07:20.336-04:00 DEBUG 20072 --- [backend] [HikariPool-1 housekeeper] com.zaxxer.hikari.pool.HikariPool        : HikariPool-1 - Pool stats (total=10, active=0, idle=10, waiting=0)
2026-08-31T13:07:20.336-04:00 DEBUG 20072 --- [backend] [HikariPool-1 housekeeper] com.zaxxer.hikari.pool.HikariPool        : HikariPool-1 - Fill pool skipped, pool has sufficient level or currently being filled.
2026-08-31T13:07:50.341-04:00 DEBUG 20072 --- [backend] [HikariPool-1 housekeeper] com.zaxxer.hikari.pool.HikariPool        : HikariPool-1 - Pool stats (total=10, active=0, idle=10, waiting=0)
2026-08-31T13:07:50.341-04:00 DEBUG 20072 --- [backend] [HikariPool-1 housekeeper] com.zaxxer.hikari.pool.HikariPool        : HikariPool-1 - Fill pool skipped, pool has sufficient level or currently being filled.
2026-08-31T13:08:20.349-04:00 DEBUG 20072 --- [backend] [HikariPool-1 housekeeper] com.zaxxer.hikari.pool.HikariPool        : HikariPool-1 - Pool stats (total=10, active=0, idle=10, waiting=0)
2026-08-31T13:08:20.349-04:00 DEBUG 20072 --- [backend] [HikariPool-1 housekeeper] com.zaxxer.hikari.pool.HikariPool        : HikariPool-1 - Fill pool skipped, pool has sufficient level or currently being filled.
2026-08-31T13:08:50.354-04:00 DEBUG 20072 --- [backend] [HikariPool-1 housekeeper] com.zaxxer.hikari.pool.HikariPool        : HikariPool-1 - Pool stats (total=10, active=0, idle=10, waiting=0)
2026-08-31T13:08:50.354-04:00 DEBUG 20072 --- [backend] [HikariPool-1 housekeeper] com.zaxxer.hikari.pool.HikariPool        : HikariPool-1 - Fill pool skipped, pool has sufficient level or currently being filled.
2026-08-31T13:09:20.357-04:00 DEBUG 20072 --- [backend] [HikariPool-1 housekeeper] com.zaxxer.hikari.pool.HikariPool        : HikariPool-1 - Pool stats (total=10, active=0, idle=10, waiting=0)
2026-08-31T13:09:20.357-04:00 DEBUG 20072 --- [backend] [HikariPool-1 housekeeper] com.zaxxer.hikari.pool.HikariPool        : HikariPool-1 - Fill pool skipped, pool has sufficient level or currently being filled.
2026-08-31T13:09:50.362-04:00 DEBUG 20072 --- [backend] [HikariPool-1 housekeeper] com.zaxxer.hikari.pool.HikariPool        : HikariPool-1 - Pool stats (total=10, active=0, idle=10, waiting=0)
2026-08-31T13:09:50.362-04:00 DEBUG 20072 --- [backend] [HikariPool-1 housekeeper] com.zaxxer.hikari.pool.HikariPool        : HikariPool-1 - Fill pool skipped, pool has sufficient level or currently being filled.
2026-08-31T13:10:20.369-04:00 DEBUG 20072 --- [backend] [HikariPool-1 housekeeper] com.zaxxer.hikari.pool.HikariPool        : HikariPool-1 - Pool stats (total=10, active=0, idle=10, waiting=0)
2026-08-31T13:10:20.369-04:00 DEBUG 20072 --- [backend] [HikariPool-1 housekeeper] com.zaxxer.hikari.pool.HikariPool        : HikariPool-1 - Fill pool skipped, pool has sufficient level or currently being filled.
2026-08-31T13:10:50.372-04:00 DEBUG 20072 --- [backend] [HikariPool-1 housekeeper] com.zaxxer.hikari.pool.HikariPool        : HikariPool-1 - Pool stats (total=10, active=0, idle=10, waiting=0)
2026-08-31T13:10:50.372-04:00 DEBUG 20072 --- [backend] [HikariPool-1 housekeeper] com.zaxxer.hikari.pool.HikariPool        : HikariPool-1 - Fill pool skipped, pool has sufficient level or currently being filled.
2026-08-31T13:11:20.381-04:00 DEBUG 20072 --- [backend] [HikariPool-1 housekeeper] com.zaxxer.hikari.pool.HikariPool        : HikariPool-1 - Pool stats (total=10, active=0, idle=10, waiting=0)
2026-08-31T13:11:20.381-04:00 DEBUG 20072 --- [backend] [HikariPool-1 housekeeper] com.zaxxer.hikari.pool.HikariPool        : HikariPool-1 - Fill pool skipped, pool has sufficient level or currently being filled.
2026-08-31T13:11:50.396-04:00 DEBUG 20072 --- [backend] [HikariPool-1 housekeeper] com.zaxxer.hikari.pool.HikariPool        : HikariPool-1 - Pool stats (total=10, active=0, idle=10, waiting=0)
2026-08-31T13:11:50.396-04:00 DEBUG 20072 --- [backend] [HikariPool-1 housekeeper] com.zaxxer.hikari.pool.HikariPool        : HikariPool-1 - Fill pool skipped, pool has sufficient level or currently being filled.
2026-08-31T13:12:20.397-04:00 DEBUG 20072 --- [backend] [HikariPool-1 housekeeper] com.zaxxer.hikari.pool.HikariPool        : HikariPool-1 - Pool stats (total=10, active=0, idle=10, waiting=0)
2026-08-31T13:12:20.397-04:00 DEBUG 20072 --- [backend] [HikariPool-1 housekeeper] com.zaxxer.hikari.pool.HikariPool        : HikariPool-1 - Fill pool skipped, pool has sufficient level or currently being filled.
2026-08-31T13:12:50.412-04:00 DEBUG 20072 --- [backend] [HikariPool-1 housekeeper] com.zaxxer.hikari.pool.HikariPool        : HikariPool-1 - Pool stats (total=10, active=0, idle=10, waiting=0)
2026-08-31T13:12:50.412-04:00 DEBUG 20072 --- [backend] [HikariPool-1 housekeeper] com.zaxxer.hikari.pool.HikariPool        : HikariPool-1 - Fill pool skipped, pool has sufficient level or currently being filled.
2026-08-31T13:13:20.426-04:00 DEBUG 20072 --- [backend] [HikariPool-1 housekeeper] com.zaxxer.hikari.pool.HikariPool        : HikariPool-1 - Pool stats (total=10, active=0, idle=10, waiting=0)
2026-08-31T13:13:20.426-04:00 DEBUG 20072 --- [backend] [HikariPool-1 housekeeper] com.zaxxer.hikari.pool.HikariPool        : HikariPool-1 - Fill pool skipped, pool has sufficient level or currently being filled.
2026-08-31T13:13:50.442-04:00 DEBUG 20072 --- [backend] [HikariPool-1 housekeeper] com.zaxxer.hikari.pool.HikariPool        : HikariPool-1 - Pool stats (total=10, active=0, idle=10, waiting=0)
2026-08-31T13:13:50.443-04:00 DEBUG 20072 --- [backend] [HikariPool-1 housekeeper] com.zaxxer.hikari.pool.HikariPool        : HikariPool-1 - Fill pool skipped, pool has sufficient level or currently being filled.
2026-08-31T13:14:20.448-04:00 DEBUG 20072 --- [backend] [HikariPool-1 housekeeper] com.zaxxer.hikari.pool.HikariPool        : HikariPool-1 - Pool stats (total=10, active=0, idle=10, waiting=0)
2026-08-31T13:14:20.448-04:00 DEBUG 20072 --- [backend] [HikariPool-1 housekeeper] com.zaxxer.hikari.pool.HikariPool        : HikariPool-1 - Fill pool skipped, pool has sufficient level or currently being filled.
2026-08-31T13:14:50.455-04:00 DEBUG 20072 --- [backend] [HikariPool-1 housekeeper] com.zaxxer.hikari.pool.HikariPool        : HikariPool-1 - Pool stats (total=10, active=0, idle=10, waiting=0)
2026-08-31T13:14:50.455-04:00 DEBUG 20072 --- [backend] [HikariPool-1 housekeeper] com.zaxxer.hikari.pool.HikariPool        : HikariPool-1 - Fill pool skipped, pool has sufficient level or currently being filled.
2026-08-31T13:15:20.471-04:00 DEBUG 20072 --- [backend] [HikariPool-1 housekeeper] com.zaxxer.hikari.pool.HikariPool        : HikariPool-1 - Pool stats (total=10, active=0, idle=10, waiting=0)
2026-08-31T13:15:20.471-04:00 DEBUG 20072 --- [backend] [HikariPool-1 housekeeper] com.zaxxer.hikari.pool.HikariPool        : HikariPool-1 - Fill pool skipped, pool has sufficient level or currently being filled.
2026-08-31T13:15:50.476-04:00 DEBUG 20072 --- [backend] [HikariPool-1 housekeeper] com.zaxxer.hikari.pool.HikariPool        : HikariPool-1 - Pool stats (total=10, active=0, idle=10, waiting=0)
2026-08-31T13:15:50.477-04:00 DEBUG 20072 --- [backend] [HikariPool-1 housekeeper] com.zaxxer.hikari.pool.HikariPool        : HikariPool-1 - Fill pool skipped, pool has sufficient level or currently being filled.
2026-08-31T13:16:20.491-04:00 DEBUG 20072 --- [backend] [HikariPool-1 housekeeper] com.zaxxer.hikari.pool.HikariPool        : HikariPool-1 - Pool stats (total=10, active=0, idle=10, waiting=0)
2026-08-31T13:16:20.491-04:00 DEBUG 20072 --- [backend] [HikariPool-1 housekeeper] com.zaxxer.hikari.pool.HikariPool        : HikariPool-1 - Fill pool skipped, pool has sufficient level or currently being filled.
2026-08-31T13:16:50.501-04:00 DEBUG 20072 --- [backend] [HikariPool-1 housekeeper] com.zaxxer.hikari.pool.HikariPool        : HikariPool-1 - Pool stats (total=10, active=0, idle=10, waiting=0)
2026-08-31T13:16:50.501-04:00 DEBUG 20072 --- [backend] [HikariPool-1 housekeeper] com.zaxxer.hikari.pool.HikariPool        : HikariPool-1 - Fill pool skipped, pool has sufficient level or currently being filled.
2026-08-31T13:17:20.513-04:00 DEBUG 20072 --- [backend] [HikariPool-1 housekeeper] com.zaxxer.hikari.pool.HikariPool        : HikariPool-1 - Pool stats (total=10, active=0, idle=10, waiting=0)
2026-08-31T13:17:20.513-04:00 DEBUG 20072 --- [backend] [HikariPool-1 housekeeper] com.zaxxer.hikari.pool.HikariPool        : HikariPool-1 - Fill pool skipped, pool has sufficient level or currently being filled.
2026-08-31T13:17:50.521-04:00 DEBUG 20072 --- [backend] [HikariPool-1 housekeeper] com.zaxxer.hikari.pool.HikariPool        : HikariPool-1 - Pool stats (total=10, active=0, idle=10, waiting=0)
2026-08-31T13:17:50.521-04:00 DEBUG 20072 --- [backend] [HikariPool-1 housekeeper] com.zaxxer.hikari.pool.HikariPool        : HikariPool-1 - Fill pool skipped, pool has sufficient level or currently being filled.
2026-08-31T13:18:20.533-04:00 DEBUG 20072 --- [backend] [HikariPool-1 housekeeper] com.zaxxer.hikari.pool.HikariPool        : HikariPool-1 - Pool stats (total=10, active=0, idle=10, waiting=0)
2026-08-31T13:18:20.533-04:00 DEBUG 20072 --- [backend] [HikariPool-1 housekeeper] com.zaxxer.hikari.pool.HikariPool        : HikariPool-1 - Fill pool skipped, pool has sufficient level or currently being filled.
2026-08-31T13:18:50.541-04:00 DEBUG 20072 --- [backend] [HikariPool-1 housekeeper] com.zaxxer.hikari.pool.HikariPool        : HikariPool-1 - Pool stats (total=10, active=0, idle=10, waiting=0)
2026-08-31T13:18:50.541-04:00 DEBUG 20072 --- [backend] [HikariPool-1 housekeeper] com.zaxxer.hikari.pool.HikariPool        : HikariPool-1 - Fill pool skipped, pool has sufficient level or currently being filled.
2026-08-31T13:19:20.552-04:00 DEBUG 20072 --- [backend] [HikariPool-1 housekeeper] com.zaxxer.hikari.pool.HikariPool        : HikariPool-1 - Pool stats (total=10, active=0, idle=10, waiting=0)
2026-08-31T13:19:20.552-04:00 DEBUG 20072 --- [backend] [HikariPool-1 housekeeper] com.zaxxer.hikari.pool.HikariPool        : HikariPool-1 - Fill pool skipped, pool has sufficient level or currently being filled.
2026-08-31T13:19:50.553-04:00 DEBUG 20072 --- [backend] [HikariPool-1 housekeeper] com.zaxxer.hikari.pool.HikariPool        : HikariPool-1 - Pool stats (total=10, active=0, idle=10, waiting=0)
2026-08-31T13:19:50.553-04:00 DEBUG 20072 --- [backend] [HikariPool-1 housekeeper] com.zaxxer.hikari.pool.HikariPool        : HikariPool-1 - Fill pool skipped, pool has sufficient level or currently being filled.
2026-08-31T13:20:20.554-04:00 DEBUG 20072 --- [backend] [HikariPool-1 housekeeper] com.zaxxer.hikari.pool.HikariPool        : HikariPool-1 - Pool stats (total=10, active=0, idle=10, waiting=0)
2026-08-31T13:20:20.554-04:00 DEBUG 20072 --- [backend] [HikariPool-1 housekeeper] com.zaxxer.hikari.pool.HikariPool        : HikariPool-1 - Fill pool skipped, pool has sufficient level or currently being filled.
2026-08-31T13:20:50.560-04:00 DEBUG 20072 --- [backend] [HikariPool-1 housekeeper] com.zaxxer.hikari.pool.HikariPool        : HikariPool-1 - Pool stats (total=10, active=0, idle=10, waiting=0)
2026-08-31T13:20:50.560-04:00 DEBUG 20072 --- [backend] [HikariPool-1 housekeeper] com.zaxxer.hikari.pool.HikariPool        : HikariPool-1 - Fill pool skipped, pool has sufficient level or currently being filled.
2026-08-31T13:21:20.571-04:00 DEBUG 20072 --- [backend] [HikariPool-1 housekeeper] com.zaxxer.hikari.pool.HikariPool        : HikariPool-1 - Pool stats (total=10, active=0, idle=10, waiting=0)
2026-08-31T13:21:20.571-04:00 DEBUG 20072 --- [backend] [HikariPool-1 housekeeper] com.zaxxer.hikari.pool.HikariPool        : HikariPool-1 - Fill pool skipped, pool has sufficient level or currently being filled.
2026-08-31T13:21:50.579-04:00 DEBUG 20072 --- [backend] [HikariPool-1 housekeeper] com.zaxxer.hikari.pool.HikariPool        : HikariPool-1 - Pool stats (total=10, active=0, idle=10, waiting=0)
2026-08-31T13:21:50.579-04:00 DEBUG 20072 --- [backend] [HikariPool-1 housekeeper] com.zaxxer.hikari.pool.HikariPool        : HikariPool-1 - Fill pool skipped, pool has sufficient level or currently being filled.
2026-08-31T13:22:20.592-04:00 DEBUG 20072 --- [backend] [HikariPool-1 housekeeper] com.zaxxer.hikari.pool.HikariPool        : HikariPool-1 - Pool stats (total=10, active=0, idle=10, waiting=0)
2026-08-31T13:22:20.592-04:00 DEBUG 20072 --- [backend] [HikariPool-1 housekeeper] com.zaxxer.hikari.pool.HikariPool        : HikariPool-1 - Fill pool skipped, pool has sufficient level or currently being filled.
2026-08-31T13:22:50.604-04:00 DEBUG 20072 --- [backend] [HikariPool-1 housekeeper] com.zaxxer.hikari.pool.HikariPool        : HikariPool-1 - Pool stats (total=10, active=0, idle=10, waiting=0)
2026-08-31T13:22:50.604-04:00 DEBUG 20072 --- [backend] [HikariPool-1 housekeeper] com.zaxxer.hikari.pool.HikariPool        : HikariPool-1 - Fill pool skipped, pool has sufficient level or currently being filled.
2026-08-31T13:23:09.236-04:00 DEBUG 20072 --- [backend] [HikariPool-1 connection closer] com.zaxxer.hikari.pool.PoolBase          : HikariPool-1 - Closing connection com.mysql.cj.jdbc.ConnectionImpl@6233b585: (connection has passed maxLifetime)
2026-08-31T13:23:09.266-04:00 DEBUG 20072 --- [backend] [HikariPool-1 connection adder] com.zaxxer.hikari.pool.HikariPool        : HikariPool-1 - Added connection com.mysql.cj.jdbc.ConnectionImpl@483d3a74
2026-08-31T13:23:09.298-04:00 DEBUG 20072 --- [backend] [HikariPool-1 connection adder] com.zaxxer.hikari.pool.HikariPool        : HikariPool-1 - Connection not added, stats (total=10, active=0, idle=10, waiting=0)
2026-08-31T13:23:09.877-04:00 DEBUG 20072 --- [backend] [HikariPool-1 connection closer] com.zaxxer.hikari.pool.PoolBase          : HikariPool-1 - Closing connection com.mysql.cj.jdbc.ConnectionImpl@16f346b0: (connection has passed maxLifetime)
2026-08-31T13:23:09.896-04:00 DEBUG 20072 --- [backend] [HikariPool-1 connection adder] com.zaxxer.hikari.pool.HikariPool        : HikariPool-1 - Added connection com.mysql.cj.jdbc.ConnectionImpl@900304f
2026-08-31T13:23:09.939-04:00 DEBUG 20072 --- [backend] [HikariPool-1 connection adder] com.zaxxer.hikari.pool.HikariPool        : HikariPool-1 - Connection not added, stats (total=10, active=0, idle=10, waiting=0)
2026-08-31T13:23:20.607-04:00 DEBUG 20072 --- [backend] [HikariPool-1 housekeeper] com.zaxxer.hikari.pool.HikariPool        : HikariPool-1 - Pool stats (total=10, active=0, idle=10, waiting=0)
2026-08-31T13:23:20.607-04:00 DEBUG 20072 --- [backend] [HikariPool-1 housekeeper] com.zaxxer.hikari.pool.HikariPool        : HikariPool-1 - Fill pool skipped, pool has sufficient level or currently being filled.
2026-08-31T13:23:26.273-04:00 DEBUG 20072 --- [backend] [HikariPool-1 connection closer] com.zaxxer.hikari.pool.PoolBase          : HikariPool-1 - Closing connection com.mysql.cj.jdbc.ConnectionImpl@5fe83e83: (connection has passed maxLifetime)
2026-08-31T13:23:26.295-04:00 DEBUG 20072 --- [backend] [HikariPool-1 connection adder] com.zaxxer.hikari.pool.HikariPool        : HikariPool-1 - Added connection com.mysql.cj.jdbc.ConnectionImpl@6e8b6485
2026-08-31T13:23:26.335-04:00 DEBUG 20072 --- [backend] [HikariPool-1 connection adder] com.zaxxer.hikari.pool.HikariPool        : HikariPool-1 - Connection not added, stats (total=10, active=0, idle=10, waiting=0)
2026-08-31T13:23:26.693-04:00 DEBUG 20072 --- [backend] [HikariPool-1 connection closer] com.zaxxer.hikari.pool.PoolBase          : HikariPool-1 - Closing connection com.mysql.cj.jdbc.ConnectionImpl@437ef796: (connection has passed maxLifetime)
2026-08-31T13:23:26.715-04:00 DEBUG 20072 --- [backend] [HikariPool-1 connection adder] com.zaxxer.hikari.pool.HikariPool        : HikariPool-1 - Added connection com.mysql.cj.jdbc.ConnectionImpl@2fb66ebe
2026-08-31T13:23:26.756-04:00 DEBUG 20072 --- [backend] [HikariPool-1 connection adder] com.zaxxer.hikari.pool.HikariPool        : HikariPool-1 - Connection not added, stats (total=10, active=0, idle=10, waiting=0)
2026-08-31T13:23:27.614-04:00 DEBUG 20072 --- [backend] [HikariPool-1 connection closer] com.zaxxer.hikari.pool.PoolBase          : HikariPool-1 - Closing connection com.mysql.cj.jdbc.ConnectionImpl@243fdad: (connection has passed maxLifetime)
2026-08-31T13:23:27.637-04:00 DEBUG 20072 --- [backend] [HikariPool-1 connection adder] com.zaxxer.hikari.pool.HikariPool        : HikariPool-1 - Added connection com.mysql.cj.jdbc.ConnectionImpl@1e530062
2026-08-31T13:23:27.676-04:00 DEBUG 20072 --- [backend] [HikariPool-1 connection adder] com.zaxxer.hikari.pool.HikariPool        : HikariPool-1 - Connection not added, stats (total=10, active=0, idle=10, waiting=0)
2026-08-31T13:23:32.826-04:00 DEBUG 20072 --- [backend] [HikariPool-1 connection closer] com.zaxxer.hikari.pool.PoolBase          : HikariPool-1 - Closing connection com.mysql.cj.jdbc.ConnectionImpl@626c02e2: (connection has passed maxLifetime)
2026-08-31T13:23:32.843-04:00 DEBUG 20072 --- [backend] [HikariPool-1 connection adder] com.zaxxer.hikari.pool.HikariPool        : HikariPool-1 - Added connection com.mysql.cj.jdbc.ConnectionImpl@20ec1528
2026-08-31T13:23:32.888-04:00 DEBUG 20072 --- [backend] [HikariPool-1 connection adder] com.zaxxer.hikari.pool.HikariPool        : HikariPool-1 - Connection not added, stats (total=10, active=0, idle=10, waiting=0)
2026-08-31T13:23:34.710-04:00 DEBUG 20072 --- [backend] [HikariPool-1 connection closer] com.zaxxer.hikari.pool.PoolBase          : HikariPool-1 - Closing connection com.mysql.cj.jdbc.ConnectionImpl@306800c5: (connection has passed maxLifetime)
2026-08-31T13:23:34.733-04:00 DEBUG 20072 --- [backend] [HikariPool-1 connection adder] com.zaxxer.hikari.pool.HikariPool        : HikariPool-1 - Added connection com.mysql.cj.jdbc.ConnectionImpl@61d11f13
2026-08-31T13:23:34.773-04:00 DEBUG 20072 --- [backend] [HikariPool-1 connection adder] com.zaxxer.hikari.pool.HikariPool        : HikariPool-1 - Connection not added, stats (total=10, active=0, idle=10, waiting=0)
2026-08-31T13:23:41.118-04:00 DEBUG 20072 --- [backend] [HikariPool-1 connection closer] com.zaxxer.hikari.pool.PoolBase          : HikariPool-1 - Closing connection com.mysql.cj.jdbc.ConnectionImpl@66221c27: (connection has passed maxLifetime)
2026-08-31T13:23:41.142-04:00 DEBUG 20072 --- [backend] [HikariPool-1 connection adder] com.zaxxer.hikari.pool.HikariPool        : HikariPool-1 - Added connection com.mysql.cj.jdbc.ConnectionImpl@2b29ac37
2026-08-31T13:23:41.179-04:00 DEBUG 20072 --- [backend] [HikariPool-1 connection adder] com.zaxxer.hikari.pool.HikariPool        : HikariPool-1 - Connection not added, stats (total=10, active=0, idle=10, waiting=0)
2026-08-31T13:23:46.659-04:00 DEBUG 20072 --- [backend] [HikariPool-1 connection closer] com.zaxxer.hikari.pool.PoolBase          : HikariPool-1 - Closing connection com.mysql.cj.jdbc.ConnectionImpl@338b5b02: (connection has passed maxLifetime)
2026-08-31T13:23:46.679-04:00 DEBUG 20072 --- [backend] [HikariPool-1 connection adder] com.zaxxer.hikari.pool.HikariPool        : HikariPool-1 - Added connection com.mysql.cj.jdbc.ConnectionImpl@30d84df3
2026-08-31T13:23:46.721-04:00 DEBUG 20072 --- [backend] [HikariPool-1 connection adder] com.zaxxer.hikari.pool.HikariPool        : HikariPool-1 - Connection not added, stats (total=10, active=0, idle=10, waiting=0)
2026-08-31T13:23:47.718-04:00 DEBUG 20072 --- [backend] [HikariPool-1 connection closer] com.zaxxer.hikari.pool.PoolBase          : HikariPool-1 - Closing connection com.mysql.cj.jdbc.ConnectionImpl@695c5452: (connection has passed maxLifetime)
2026-08-31T13:23:47.741-04:00 DEBUG 20072 --- [backend] [HikariPool-1 connection adder] com.zaxxer.hikari.pool.HikariPool        : HikariPool-1 - Added connection com.mysql.cj.jdbc.ConnectionImpl@71e547c8
2026-08-31T13:23:47.780-04:00 DEBUG 20072 --- [backend] [HikariPool-1 connection adder] com.zaxxer.hikari.pool.HikariPool        : HikariPool-1 - Connection not added, stats (total=10, active=0, idle=10, waiting=0)
2026-08-31T13:23:50.612-04:00 DEBUG 20072 --- [backend] [HikariPool-1 housekeeper] com.zaxxer.hikari.pool.HikariPool        : HikariPool-1 - Pool stats (total=10, active=0, idle=10, waiting=0)
2026-08-31T13:23:50.612-04:00 DEBUG 20072 --- [backend] [HikariPool-1 housekeeper] com.zaxxer.hikari.pool.HikariPool        : HikariPool-1 - Fill pool skipped, pool has sufficient level or currently being filled.
2026-08-31T13:24:20.614-04:00 DEBUG 20072 --- [backend] [HikariPool-1 housekeeper] com.zaxxer.hikari.pool.HikariPool        : HikariPool-1 - Pool stats (total=10, active=0, idle=10, waiting=0)
2026-08-31T13:24:20.614-04:00 DEBUG 20072 --- [backend] [HikariPool-1 housekeeper] com.zaxxer.hikari.pool.HikariPool        : HikariPool-1 - Fill pool skipped, pool has sufficient level or currently being filled.
2026-08-31T13:24:50.618-04:00 DEBUG 20072 --- [backend] [HikariPool-1 housekeeper] com.zaxxer.hikari.pool.HikariPool        : HikariPool-1 - Pool stats (total=10, active=0, idle=10, waiting=0)
2026-08-31T13:24:50.618-04:00 DEBUG 20072 --- [backend] [HikariPool-1 housekeeper] com.zaxxer.hikari.pool.HikariPool        : HikariPool-1 - Fill pool skipped, pool has sufficient level or currently being filled.
2026-08-31T13:25:20.621-04:00 DEBUG 20072 --- [backend] [HikariPool-1 housekeeper] com.zaxxer.hikari.pool.HikariPool        : HikariPool-1 - Pool stats (total=10, active=0, idle=10, waiting=0)
2026-08-31T13:25:20.621-04:00 DEBUG 20072 --- [backend] [HikariPool-1 housekeeper] com.zaxxer.hikari.pool.HikariPool        : HikariPool-1 - Fill pool skipped, pool has sufficient level or currently being filled.
2026-08-31T13:25:50.626-04:00 DEBUG 20072 --- [backend] [HikariPool-1 housekeeper] com.zaxxer.hikari.pool.HikariPool        : HikariPool-1 - Pool stats (total=10, active=0, idle=10, waiting=0)
2026-08-31T13:25:50.626-04:00 DEBUG 20072 --- [backend] [HikariPool-1 housekeeper] com.zaxxer.hikari.pool.HikariPool        : HikariPool-1 - Fill pool skipped, pool has sufficient level or currently being filled.
2026-08-31T13:26:20.627-04:00 DEBUG 20072 --- [backend] [HikariPool-1 housekeeper] com.zaxxer.hikari.pool.HikariPool        : HikariPool-1 - Pool stats (total=10, active=0, idle=10, waiting=0)
2026-08-31T13:26:20.627-04:00 DEBUG 20072 --- [backend] [HikariPool-1 housekeeper] com.zaxxer.hikari.pool.HikariPool        : HikariPool-1 - Fill pool skipped, pool has sufficient level or currently being filled.
2026-08-31T13:26:50.630-04:00 DEBUG 20072 --- [backend] [HikariPool-1 housekeeper] com.zaxxer.hikari.pool.HikariPool        : HikariPool-1 - Pool stats (total=10, active=0, idle=10, waiting=0)
2026-08-31T13:26:50.630-04:00 DEBUG 20072 --- [backend] [HikariPool-1 housekeeper] com.zaxxer.hikari.pool.HikariPool        : HikariPool-1 - Fill pool skipped, pool has sufficient level or currently being filled.
2026-08-31T13:27:20.642-04:00 DEBUG 20072 --- [backend] [HikariPool-1 housekeeper] com.zaxxer.hikari.pool.HikariPool        : HikariPool-1 - Pool stats (total=10, active=0, idle=10, waiting=0)
2026-08-31T13:27:20.642-04:00 DEBUG 20072 --- [backend] [HikariPool-1 housekeeper] com.zaxxer.hikari.pool.HikariPool        : HikariPool-1 - Fill pool skipped, pool has sufficient level or currently being filled.
2026-08-31T13:27:50.657-04:00 DEBUG 20072 --- [backend] [HikariPool-1 housekeeper] com.zaxxer.hikari.pool.HikariPool        : HikariPool-1 - Pool stats (total=10, active=0, idle=10, waiting=0)
2026-08-31T13:27:50.657-04:00 DEBUG 20072 --- [backend] [HikariPool-1 housekeeper] com.zaxxer.hikari.pool.HikariPool        : HikariPool-1 - Fill pool skipped, pool has sufficient level or currently being filled.
2026-08-31T13:28:20.657-04:00 DEBUG 20072 --- [backend] [HikariPool-1 housekeeper] com.zaxxer.hikari.pool.HikariPool        : HikariPool-1 - Pool stats (total=10, active=0, idle=10, waiting=0)
2026-08-31T13:28:20.657-04:00 DEBUG 20072 --- [backend] [HikariPool-1 housekeeper] com.zaxxer.hikari.pool.HikariPool        : HikariPool-1 - Fill pool skipped, pool has sufficient level or currently being filled.
2026-08-31T13:28:50.661-04:00 DEBUG 20072 --- [backend] [HikariPool-1 housekeeper] com.zaxxer.hikari.pool.HikariPool        : HikariPool-1 - Pool stats (total=10, active=0, idle=10, waiting=0)
2026-08-31T13:28:50.661-04:00 DEBUG 20072 --- [backend] [HikariPool-1 housekeeper] com.zaxxer.hikari.pool.HikariPool        : HikariPool-1 - Fill pool skipped, pool has sufficient level or currently being filled.
2026-08-31T13:29:20.672-04:00 DEBUG 20072 --- [backend] [HikariPool-1 housekeeper] com.zaxxer.hikari.pool.HikariPool        : HikariPool-1 - Pool stats (total=10, active=0, idle=10, waiting=0)
2026-08-31T13:29:20.672-04:00 DEBUG 20072 --- [backend] [HikariPool-1 housekeeper] com.zaxxer.hikari.pool.HikariPool        : HikariPool-1 - Fill pool skipped, pool has sufficient level or currently being filled.
2026-08-31T13:29:50.685-04:00 DEBUG 20072 --- [backend] [HikariPool-1 housekeeper] com.zaxxer.hikari.pool.HikariPool        : HikariPool-1 - Pool stats (total=10, active=0, idle=10, waiting=0)
2026-08-31T13:29:50.685-04:00 DEBUG 20072 --- [backend] [HikariPool-1 housekeeper] com.zaxxer.hikari.pool.HikariPool        : HikariPool-1 - Fill pool skipped, pool has sufficient level or currently being filled.
2026-08-31T13:30:20.692-04:00 DEBUG 20072 --- [backend] [HikariPool-1 housekeeper] com.zaxxer.hikari.pool.HikariPool        : HikariPool-1 - Pool stats (total=10, active=0, idle=10, waiting=0)
2026-08-31T13:30:20.692-04:00 DEBUG 20072 --- [backend] [HikariPool-1 housekeeper] com.zaxxer.hikari.pool.HikariPool        : HikariPool-1 - Fill pool skipped, pool has sufficient level or currently being filled.
2026-08-31T13:30:50.696-04:00 DEBUG 20072 --- [backend] [HikariPool-1 housekeeper] com.zaxxer.hikari.pool.HikariPool        : HikariPool-1 - Pool stats (total=10, active=0, idle=10, waiting=0)
2026-08-31T13:30:50.696-04:00 DEBUG 20072 --- [backend] [HikariPool-1 housekeeper] com.zaxxer.hikari.pool.HikariPool        : HikariPool-1 - Fill pool skipped, pool has sufficient level or currently being filled.
2026-08-31T13:39:42.856-04:00  WARN 20072 --- [backend] [HikariPool-1 housekeeper] com.zaxxer.hikari.pool.HikariPool        : HikariPool-1 - Thread starvation or clock leap detected (housekeeper delta=8m52s193ms9µs400ns).
2026-08-31T13:39:42.858-04:00 DEBUG 20072 --- [backend] [HikariPool-1 housekeeper] com.zaxxer.hikari.pool.HikariPool        : HikariPool-1 - Pool stats (total=10, active=0, idle=10, waiting=0)
2026-08-31T13:39:42.861-04:00 DEBUG 20072 --- [backend] [HikariPool-1 housekeeper] com.zaxxer.hikari.pool.HikariPool        : HikariPool-1 - Fill pool skipped, pool has sufficient level or currently being filled.
2026-08-31T13:40:12.872-04:00 DEBUG 20072 --- [backend] [HikariPool-1 housekeeper] com.zaxxer.hikari.pool.HikariPool        : HikariPool-1 - Pool stats (total=10, active=0, idle=10, waiting=0)
2026-08-31T13:40:12.872-04:00 DEBUG 20072 --- [backend] [HikariPool-1 housekeeper] com.zaxxer.hikari.pool.HikariPool        : HikariPool-1 - Fill pool skipped, pool has sufficient level or currently being filled.
2026-08-31T13:40:42.878-04:00 DEBUG 20072 --- [backend] [HikariPool-1 housekeeper] com.zaxxer.hikari.pool.HikariPool        : HikariPool-1 - Pool stats (total=10, active=0, idle=10, waiting=0)
2026-08-31T13:40:42.879-04:00 DEBUG 20072 --- [backend] [HikariPool-1 housekeeper] com.zaxxer.hikari.pool.HikariPool        : HikariPool-1 - Fill pool skipped, pool has sufficient level or currently being filled.
2026-08-31T13:41:12.883-04:00 DEBUG 20072 --- [backend] [HikariPool-1 housekeeper] com.zaxxer.hikari.pool.HikariPool        : HikariPool-1 - Pool stats (total=10, active=0, idle=10, waiting=0)
2026-08-31T13:41:12.883-04:00 DEBUG 20072 --- [backend] [HikariPool-1 housekeeper] com.zaxxer.hikari.pool.HikariPool        : HikariPool-1 - Fill pool skipped, pool has sufficient level or currently being filled.
2026-08-31T13:41:30.866-04:00 DEBUG 20072 --- [backend] [http-nio-8180-exec-4] o.s.security.web.FilterChainProxy        : Securing POST /login
2026-08-31T13:41:30.867-04:00 DEBUG 20072 --- [backend] [http-nio-8180-exec-4] o.s.security.web.FilterChainProxy        : Secured POST /login
2026-08-31T13:41:30.867-04:00 TRACE 20072 --- [backend] [http-nio-8180-exec-4] o.s.web.servlet.DispatcherServlet        : POST "/login", parameters={}, headers={masked} in DispatcherServlet 'dispatcherServlet'
2026-08-31T13:41:30.868-04:00 TRACE 20072 --- [backend] [http-nio-8180-exec-4] s.w.s.m.m.a.RequestMappingHandlerMapping : Mapped to com.duoc.backend.LoginController#login(User)
2026-08-31T13:41:30.868-04:00 TRACE 20072 --- [backend] [http-nio-8180-exec-4] .i.SessionFactoryImpl$SessionBuilderImpl : Opening Hibernate Session.  tenant=null
2026-08-31T13:41:30.868-04:00 TRACE 20072 --- [backend] [http-nio-8180-exec-4] org.hibernate.internal.SessionImpl       : Opened Session [da5b03a1-5417-4369-8d7d-1cd1bc9850a5] at timestamp: 1788198090868
2026-08-31T13:41:30.869-04:00 TRACE 20072 --- [backend] [http-nio-8180-exec-4] m.m.a.RequestResponseBodyMethodProcessor : Read "application/json;charset=UTF-8" to [com.duoc.backend.user.User@2f297968]
2026-08-31T13:41:30.870-04:00 TRACE 20072 --- [backend] [http-nio-8180-exec-4] o.s.web.method.HandlerMethod             : Arguments: [com.duoc.backend.user.User@2f297968]
2026-08-31T13:41:30.871-04:00 TRACE 20072 --- [backend] [http-nio-8180-exec-4] o.h.q.sqm.sql.BaseSqmToSqlAstConverter   : Resolving SqmRoot [com.duoc.backend.user.User] to TableGroup
2026-08-31T13:41:30.871-04:00 TRACE 20072 --- [backend] [http-nio-8180-exec-4] o.h.q.sqm.sql.BaseSqmToSqlAstConverter   : Resolving SqmRoot [com.duoc.backend.user.User] to TableGroup
2026-08-31T13:41:30.872-04:00 DEBUG 20072 --- [backend] [http-nio-8180-exec-4] org.hibernate.orm.sql.ast.create         : Created new SQL alias : u1_0
2026-08-31T13:41:30.876-04:00 TRACE 20072 --- [backend] [http-nio-8180-exec-4] o.h.q.sqm.sql.BaseSqmToSqlAstConverter   : Resolved SqmRoot [com.duoc.backend.user.User] to new TableGroup [StandardTableGroup(com.duoc.backend.user.User(2))]
2026-08-31T13:41:30.877-04:00 DEBUG 20072 --- [backend] [http-nio-8180-exec-4] org.hibernate.orm.sql.ast.create         : Registration of TableGroup [StandardTableGroup(com.duoc.backend.user.User(2))] with identifierForTableGroup [com.duoc.backend.user.User] for NavigablePath [com.duoc.backend.user.User] 
2026-08-31T13:41:30.878-04:00 TRACE 20072 --- [backend] [http-nio-8180-exec-4] o.h.q.sqm.sql.BaseSqmToSqlAstConverter   : Visiting explicit joins for `com.duoc.backend.user.User(2)`
2026-08-31T13:41:30.878-04:00 TRACE 20072 --- [backend] [http-nio-8180-exec-4] o.h.q.sqm.sql.BaseSqmToSqlAstConverter   : SqmRoot [com.duoc.backend.user.User] resolved to existing TableGroup [StandardTableGroup(com.duoc.backend.user.User(2))]
2026-08-31T13:41:30.878-04:00 TRACE 20072 --- [backend] [http-nio-8180-exec-4] o.h.p.entity.AbstractEntityPersister     : #findSubPart(`username`)
2026-08-31T13:41:30.880-04:00 DEBUG 20072 --- [backend] [http-nio-8180-exec-4] o.h.q.sqm.sql.BaseSqmToSqlAstConverter   : Determining mapping-model type for SqmParameter : org.hibernate.query.sqm.tree.expression.SqmJpaCriteriaParameterWrapper@49e3422e
2026-08-31T13:41:30.881-04:00 DEBUG 20072 --- [backend] [http-nio-8180-exec-4] o.h.q.sqm.sql.BaseSqmToSqlAstConverter   : Determining mapping-model type for SqmPath : SqmBasicValuedSimplePath(com.duoc.backend.user.User(2).username) 
2026-08-31T13:41:30.881-04:00 TRACE 20072 --- [backend] [http-nio-8180-exec-4] o.h.p.entity.AbstractEntityPersister     : #findSubPart(`username`)
2026-08-31T13:41:30.882-04:00 DEBUG 20072 --- [backend] [http-nio-8180-exec-4] org.hibernate.orm.results.graph.AST      : DomainResult Graph:
 \-EntityResultImpl [com.duoc.backend.user.User(2)]
 |  +-BasicFetch [com.duoc.backend.user.User(2).email]
 |  +-BasicFetch [com.duoc.backend.user.User(2).enabled]
 |  +-BasicFetch [com.duoc.backend.user.User(2).password]
 |  \-BasicFetch [com.duoc.backend.user.User(2).username]

2026-08-31T13:41:30.882-04:00 TRACE 20072 --- [backend] [http-nio-8180-exec-4] org.hibernate.orm.results.graph.AST      : Stack trace calling DomainResultGraphPrinter

java.lang.Exception: null
	at org.hibernate.sql.results.graph.DomainResultGraphPrinter.visitDomainResults(DomainResultGraphPrinter.java:70) ~[hibernate-core-6.6.11.Final.jar:6.6.11.Final]
	at org.hibernate.sql.results.graph.DomainResultGraphPrinter.logDomainResultGraph(DomainResultGraphPrinter.java:46) ~[hibernate-core-6.6.11.Final.jar:6.6.11.Final]
	at org.hibernate.sql.results.graph.DomainResultGraphPrinter.logDomainResultGraph(DomainResultGraphPrinter.java:37) ~[hibernate-core-6.6.11.Final.jar:6.6.11.Final]
	at org.hibernate.sql.ast.spi.AbstractSqlAstTranslator.translateSelect(AbstractSqlAstTranslator.java:877) ~[hibernate-core-6.6.11.Final.jar:6.6.11.Final]
	at org.hibernate.sql.ast.spi.AbstractSqlAstTranslator.translate(AbstractSqlAstTranslator.java:815) ~[hibernate-core-6.6.11.Final.jar:6.6.11.Final]
	at org.hibernate.query.sqm.internal.ConcreteSqmSelectQueryPlan.buildCacheableSqmInterpretation(ConcreteSqmSelectQueryPlan.java:510) ~[hibernate-core-6.6.11.Final.jar:6.6.11.Final]
	at org.hibernate.query.sqm.internal.ConcreteSqmSelectQueryPlan.withCacheableSqmInterpretation(ConcreteSqmSelectQueryPlan.java:388) ~[hibernate-core-6.6.11.Final.jar:6.6.11.Final]
	at org.hibernate.query.sqm.internal.ConcreteSqmSelectQueryPlan.performList(ConcreteSqmSelectQueryPlan.java:362) ~[hibernate-core-6.6.11.Final.jar:6.6.11.Final]
	at org.hibernate.query.sqm.internal.QuerySqmImpl.doList(QuerySqmImpl.java:380) ~[hibernate-core-6.6.11.Final.jar:6.6.11.Final]
	at org.hibernate.query.spi.AbstractSelectionQuery.list(AbstractSelectionQuery.java:143) ~[hibernate-core-6.6.11.Final.jar:6.6.11.Final]
	at org.hibernate.query.spi.AbstractSelectionQuery.getSingleResult(AbstractSelectionQuery.java:275) ~[hibernate-core-6.6.11.Final.jar:6.6.11.Final]
	at org.springframework.data.jpa.repository.query.JpaQueryExecution$SingleEntityExecution.doExecute(JpaQueryExecution.java:224) ~[spring-data-jpa-3.4.4.jar:3.4.4]
	at org.springframework.data.jpa.repository.query.JpaQueryExecution.execute(JpaQueryExecution.java:93) ~[spring-data-jpa-3.4.4.jar:3.4.4]
	at org.springframework.data.jpa.repository.query.AbstractJpaQuery.doExecute(AbstractJpaQuery.java:152) ~[spring-data-jpa-3.4.4.jar:3.4.4]
	at org.springframework.data.jpa.repository.query.AbstractJpaQuery.execute(AbstractJpaQuery.java:140) ~[spring-data-jpa-3.4.4.jar:3.4.4]
	at org.springframework.data.repository.core.support.RepositoryMethodInvoker.doInvoke(RepositoryMethodInvoker.java:170) ~[spring-data-commons-3.4.4.jar:3.4.4]
	at org.springframework.data.repository.core.support.RepositoryMethodInvoker.invoke(RepositoryMethodInvoker.java:158) ~[spring-data-commons-3.4.4.jar:3.4.4]
	at org.springframework.data.repository.core.support.QueryExecutorMethodInterceptor.doInvoke(QueryExecutorMethodInterceptor.java:170) ~[spring-data-commons-3.4.4.jar:3.4.4]
	at org.springframework.data.repository.core.support.QueryExecutorMethodInterceptor.invoke(QueryExecutorMethodInterceptor.java:149) ~[spring-data-commons-3.4.4.jar:3.4.4]
	at org.springframework.aop.framework.ReflectiveMethodInvocation.proceed(ReflectiveMethodInvocation.java:184) ~[spring-aop-6.2.5.jar:6.2.5]
	at org.springframework.transaction.interceptor.TransactionAspectSupport.invokeWithinTransaction(TransactionAspectSupport.java:380) ~[spring-tx-6.2.5.jar:6.2.5]
	at org.springframework.transaction.interceptor.TransactionInterceptor.invoke(TransactionInterceptor.java:119) ~[spring-tx-6.2.5.jar:6.2.5]
	at org.springframework.aop.framework.ReflectiveMethodInvocation.proceed(ReflectiveMethodInvocation.java:184) ~[spring-aop-6.2.5.jar:6.2.5]
	at org.springframework.dao.support.PersistenceExceptionTranslationInterceptor.invoke(PersistenceExceptionTranslationInterceptor.java:138) ~[spring-tx-6.2.5.jar:6.2.5]
	at org.springframework.aop.framework.ReflectiveMethodInvocation.proceed(ReflectiveMethodInvocation.java:184) ~[spring-aop-6.2.5.jar:6.2.5]
	at org.springframework.data.jpa.repository.support.CrudMethodMetadataPostProcessor$CrudMethodMetadataPopulatingMethodInterceptor.invoke(CrudMethodMetadataPostProcessor.java:136) ~[spring-data-jpa-3.4.4.jar:3.4.4]
	at org.springframework.aop.framework.ReflectiveMethodInvocation.proceed(ReflectiveMethodInvocation.java:184) ~[spring-aop-6.2.5.jar:6.2.5]
	at org.springframework.aop.framework.JdkDynamicAopProxy.invoke(JdkDynamicAopProxy.java:223) ~[spring-aop-6.2.5.jar:6.2.5]
	at jdk.proxy2/jdk.proxy2.$Proxy127.findByUsername(Unknown Source) ~[na:na]
	at com.duoc.backend.user.MyUserDetailsService.loadUserByUsername(MyUserDetailsService.java:30) ~[classes/:na]
	at com.duoc.backend.LoginController.login(LoginController.java:29) ~[classes/:na]
	at java.base/jdk.internal.reflect.NativeMethodAccessorImpl.invoke0(Native Method) ~[na:na]
	at java.base/jdk.internal.reflect.NativeMethodAccessorImpl.invoke(NativeMethodAccessorImpl.java:77) ~[na:na]
	at java.base/jdk.internal.reflect.DelegatingMethodAccessorImpl.invoke(DelegatingMethodAccessorImpl.java:43) ~[na:na]
	at java.base/java.lang.reflect.Method.invoke(Method.java:568) ~[na:na]
	at org.springframework.web.method.support.InvocableHandlerMethod.doInvoke(InvocableHandlerMethod.java:258) ~[spring-web-6.2.5.jar:6.2.5]
	at org.springframework.web.method.support.InvocableHandlerMethod.invokeForRequest(InvocableHandlerMethod.java:191) ~[spring-web-6.2.5.jar:6.2.5]
	at org.springframework.web.servlet.mvc.method.annotation.ServletInvocableHandlerMethod.invokeAndHandle(ServletInvocableHandlerMethod.java:118) ~[spring-webmvc-6.2.5.jar:6.2.5]
	at org.springframework.web.servlet.mvc.method.annotation.RequestMappingHandlerAdapter.invokeHandlerMethod(RequestMappingHandlerAdapter.java:986) ~[spring-webmvc-6.2.5.jar:6.2.5]
	at org.springframework.web.servlet.mvc.method.annotation.RequestMappingHandlerAdapter.handleInternal(RequestMappingHandlerAdapter.java:891) ~[spring-webmvc-6.2.5.jar:6.2.5]
	at org.springframework.web.servlet.mvc.method.AbstractHandlerMethodAdapter.handle(AbstractHandlerMethodAdapter.java:87) ~[spring-webmvc-6.2.5.jar:6.2.5]
	at org.springframework.web.servlet.DispatcherServlet.doDispatch(DispatcherServlet.java:1089) ~[spring-webmvc-6.2.5.jar:6.2.5]
	at org.springframework.web.servlet.DispatcherServlet.doService(DispatcherServlet.java:979) ~[spring-webmvc-6.2.5.jar:6.2.5]
	at org.springframework.web.servlet.FrameworkServlet.processRequest(FrameworkServlet.java:1014) ~[spring-webmvc-6.2.5.jar:6.2.5]
	at org.springframework.web.servlet.FrameworkServlet.doPost(FrameworkServlet.java:914) ~[spring-webmvc-6.2.5.jar:6.2.5]
	at jakarta.servlet.http.HttpServlet.service(HttpServlet.java:590) ~[tomcat-embed-core-10.1.39.jar:6.0]
	at org.springframework.web.servlet.FrameworkServlet.service(FrameworkServlet.java:885) ~[spring-webmvc-6.2.5.jar:6.2.5]
	at jakarta.servlet.http.HttpServlet.service(HttpServlet.java:658) ~[tomcat-embed-core-10.1.39.jar:6.0]
	at org.apache.catalina.core.ApplicationFilterChain.internalDoFilter(ApplicationFilterChain.java:195) ~[tomcat-embed-core-10.1.39.jar:10.1.39]
	at org.apache.catalina.core.ApplicationFilterChain.doFilter(ApplicationFilterChain.java:140) ~[tomcat-embed-core-10.1.39.jar:10.1.39]
	at org.apache.tomcat.websocket.server.WsFilter.doFilter(WsFilter.java:51) ~[tomcat-embed-websocket-10.1.39.jar:10.1.39]
	at org.apache.catalina.core.ApplicationFilterChain.internalDoFilter(ApplicationFilterChain.java:164) ~[tomcat-embed-core-10.1.39.jar:10.1.39]
	at org.apache.catalina.core.ApplicationFilterChain.doFilter(ApplicationFilterChain.java:140) ~[tomcat-embed-core-10.1.39.jar:10.1.39]
	at org.springframework.web.filter.OncePerRequestFilter.doFilter(OncePerRequestFilter.java:110) ~[spring-web-6.2.5.jar:6.2.5]
	at org.apache.catalina.core.ApplicationFilterChain.internalDoFilter(ApplicationFilterChain.java:164) ~[tomcat-embed-core-10.1.39.jar:10.1.39]
	at org.apache.catalina.core.ApplicationFilterChain.doFilter(ApplicationFilterChain.java:140) ~[tomcat-embed-core-10.1.39.jar:10.1.39]
	at org.springframework.web.filter.CompositeFilter$VirtualFilterChain.doFilter(CompositeFilter.java:108) ~[spring-web-6.2.5.jar:6.2.5]
	at org.springframework.security.web.FilterChainProxy.lambda$doFilterInternal$3(FilterChainProxy.java:231) ~[spring-security-web-6.4.4.jar:6.4.4]
	at org.springframework.security.web.FilterChainProxy$VirtualFilterChain.doFilter(FilterChainProxy.java:365) ~[spring-security-web-6.4.4.jar:6.4.4]
	at org.springframework.security.web.access.intercept.AuthorizationFilter.doFilter(AuthorizationFilter.java:101) ~[spring-security-web-6.4.4.jar:6.4.4]
	at org.springframework.security.web.FilterChainProxy$VirtualFilterChain.doFilter(FilterChainProxy.java:374) ~[spring-security-web-6.4.4.jar:6.4.4]
	at org.springframework.security.web.access.ExceptionTranslationFilter.doFilter(ExceptionTranslationFilter.java:126) ~[spring-security-web-6.4.4.jar:6.4.4]
	at org.springframework.security.web.access.ExceptionTranslationFilter.doFilter(ExceptionTranslationFilter.java:120) ~[spring-security-web-6.4.4.jar:6.4.4]
	at org.springframework.security.web.FilterChainProxy$VirtualFilterChain.doFilter(FilterChainProxy.java:374) ~[spring-security-web-6.4.4.jar:6.4.4]
	at org.springframework.security.web.authentication.AnonymousAuthenticationFilter.doFilter(AnonymousAuthenticationFilter.java:100) ~[spring-security-web-6.4.4.jar:6.4.4]
	at org.springframework.security.web.FilterChainProxy$VirtualFilterChain.doFilter(FilterChainProxy.java:374) ~[spring-security-web-6.4.4.jar:6.4.4]
	at org.springframework.security.web.servletapi.SecurityContextHolderAwareRequestFilter.doFilter(SecurityContextHolderAwareRequestFilter.java:179) ~[spring-security-web-6.4.4.jar:6.4.4]
	at org.springframework.security.web.FilterChainProxy$VirtualFilterChain.doFilter(FilterChainProxy.java:374) ~[spring-security-web-6.4.4.jar:6.4.4]
	at org.springframework.security.web.savedrequest.RequestCacheAwareFilter.doFilter(RequestCacheAwareFilter.java:63) ~[spring-security-web-6.4.4.jar:6.4.4]
	at org.springframework.security.web.FilterChainProxy$VirtualFilterChain.doFilter(FilterChainProxy.java:374) ~[spring-security-web-6.4.4.jar:6.4.4]
	at com.duoc.backend.JWTAuthorizationFilter.doFilterInternal(JWTAuthorizationFilter.java:70) ~[classes/:na]
	at org.springframework.web.filter.OncePerRequestFilter.doFilter(OncePerRequestFilter.java:116) ~[spring-web-6.2.5.jar:6.2.5]
	at org.springframework.security.web.FilterChainProxy$VirtualFilterChain.doFilter(FilterChainProxy.java:374) ~[spring-security-web-6.4.4.jar:6.4.4]
	at org.springframework.security.web.authentication.logout.LogoutFilter.doFilter(LogoutFilter.java:107) ~[spring-security-web-6.4.4.jar:6.4.4]
	at org.springframework.security.web.authentication.logout.LogoutFilter.doFilter(LogoutFilter.java:93) ~[spring-security-web-6.4.4.jar:6.4.4]
	at org.springframework.security.web.FilterChainProxy$VirtualFilterChain.doFilter(FilterChainProxy.java:374) ~[spring-security-web-6.4.4.jar:6.4.4]
	at org.springframework.security.web.header.HeaderWriterFilter.doHeadersAfter(HeaderWriterFilter.java:90) ~[spring-security-web-6.4.4.jar:6.4.4]
	at org.springframework.security.web.header.HeaderWriterFilter.doFilterInternal(HeaderWriterFilter.java:75) ~[spring-security-web-6.4.4.jar:6.4.4]
	at org.springframework.web.filter.OncePerRequestFilter.doFilter(OncePerRequestFilter.java:116) ~[spring-web-6.2.5.jar:6.2.5]
	at org.springframework.security.web.FilterChainProxy$VirtualFilterChain.doFilter(FilterChainProxy.java:374) ~[spring-security-web-6.4.4.jar:6.4.4]
	at org.springframework.security.web.context.SecurityContextHolderFilter.doFilter(SecurityContextHolderFilter.java:82) ~[spring-security-web-6.4.4.jar:6.4.4]
	at org.springframework.security.web.context.SecurityContextHolderFilter.doFilter(SecurityContextHolderFilter.java:69) ~[spring-security-web-6.4.4.jar:6.4.4]
	at org.springframework.security.web.FilterChainProxy$VirtualFilterChain.doFilter(FilterChainProxy.java:374) ~[spring-security-web-6.4.4.jar:6.4.4]
	at org.springframework.security.web.context.request.async.WebAsyncManagerIntegrationFilter.doFilterInternal(WebAsyncManagerIntegrationFilter.java:62) ~[spring-security-web-6.4.4.jar:6.4.4]
	at org.springframework.web.filter.OncePerRequestFilter.doFilter(OncePerRequestFilter.java:116) ~[spring-web-6.2.5.jar:6.2.5]
	at org.springframework.security.web.FilterChainProxy$VirtualFilterChain.doFilter(FilterChainProxy.java:374) ~[spring-security-web-6.4.4.jar:6.4.4]
	at org.springframework.security.web.session.DisableEncodeUrlFilter.doFilterInternal(DisableEncodeUrlFilter.java:42) ~[spring-security-web-6.4.4.jar:6.4.4]
	at org.springframework.web.filter.OncePerRequestFilter.doFilter(OncePerRequestFilter.java:116) ~[spring-web-6.2.5.jar:6.2.5]
	at org.springframework.security.web.FilterChainProxy$VirtualFilterChain.doFilter(FilterChainProxy.java:374) ~[spring-security-web-6.4.4.jar:6.4.4]
	at org.springframework.security.web.FilterChainProxy.doFilterInternal(FilterChainProxy.java:233) ~[spring-security-web-6.4.4.jar:6.4.4]
	at org.springframework.security.web.FilterChainProxy.doFilter(FilterChainProxy.java:191) ~[spring-security-web-6.4.4.jar:6.4.4]
	at org.springframework.web.filter.CompositeFilter$VirtualFilterChain.doFilter(CompositeFilter.java:113) ~[spring-web-6.2.5.jar:6.2.5]
	at org.springframework.web.servlet.handler.HandlerMappingIntrospector.lambda$createCacheFilter$3(HandlerMappingIntrospector.java:243) ~[spring-webmvc-6.2.5.jar:6.2.5]
	at org.springframework.web.filter.CompositeFilter$VirtualFilterChain.doFilter(CompositeFilter.java:113) ~[spring-web-6.2.5.jar:6.2.5]
	at org.springframework.web.filter.CompositeFilter.doFilter(CompositeFilter.java:74) ~[spring-web-6.2.5.jar:6.2.5]
	at org.springframework.security.config.annotation.web.configuration.WebMvcSecurityConfiguration$CompositeFilterChainProxy.doFilter(WebMvcSecurityConfiguration.java:238) ~[spring-security-config-6.4.4.jar:6.4.4]
	at org.springframework.web.filter.DelegatingFilterProxy.invokeDelegate(DelegatingFilterProxy.java:362) ~[spring-web-6.2.5.jar:6.2.5]
	at org.springframework.web.filter.DelegatingFilterProxy.doFilter(DelegatingFilterProxy.java:278) ~[spring-web-6.2.5.jar:6.2.5]
	at org.apache.catalina.core.ApplicationFilterChain.internalDoFilter(ApplicationFilterChain.java:164) ~[tomcat-embed-core-10.1.39.jar:10.1.39]
	at org.apache.catalina.core.ApplicationFilterChain.doFilter(ApplicationFilterChain.java:140) ~[tomcat-embed-core-10.1.39.jar:10.1.39]
	at org.springframework.web.filter.RequestContextFilter.doFilterInternal(RequestContextFilter.java:100) ~[spring-web-6.2.5.jar:6.2.5]
	at org.springframework.web.filter.OncePerRequestFilter.doFilter(OncePerRequestFilter.java:116) ~[spring-web-6.2.5.jar:6.2.5]
	at org.apache.catalina.core.ApplicationFilterChain.internalDoFilter(ApplicationFilterChain.java:164) ~[tomcat-embed-core-10.1.39.jar:10.1.39]
	at org.apache.catalina.core.ApplicationFilterChain.doFilter(ApplicationFilterChain.java:140) ~[tomcat-embed-core-10.1.39.jar:10.1.39]
	at org.springframework.web.filter.FormContentFilter.doFilterInternal(FormContentFilter.java:93) ~[spring-web-6.2.5.jar:6.2.5]
	at org.springframework.web.filter.OncePerRequestFilter.doFilter(OncePerRequestFilter.java:116) ~[spring-web-6.2.5.jar:6.2.5]
	at org.apache.catalina.core.ApplicationFilterChain.internalDoFilter(ApplicationFilterChain.java:164) ~[tomcat-embed-core-10.1.39.jar:10.1.39]
	at org.apache.catalina.core.ApplicationFilterChain.doFilter(ApplicationFilterChain.java:140) ~[tomcat-embed-core-10.1.39.jar:10.1.39]
	at org.springframework.web.filter.CharacterEncodingFilter.doFilterInternal(CharacterEncodingFilter.java:201) ~[spring-web-6.2.5.jar:6.2.5]
	at org.springframework.web.filter.OncePerRequestFilter.doFilter(OncePerRequestFilter.java:116) ~[spring-web-6.2.5.jar:6.2.5]
	at org.apache.catalina.core.ApplicationFilterChain.internalDoFilter(ApplicationFilterChain.java:164) ~[tomcat-embed-core-10.1.39.jar:10.1.39]
	at org.apache.catalina.core.ApplicationFilterChain.doFilter(ApplicationFilterChain.java:140) ~[tomcat-embed-core-10.1.39.jar:10.1.39]
	at org.apache.catalina.core.StandardWrapperValve.invoke(StandardWrapperValve.java:167) ~[tomcat-embed-core-10.1.39.jar:10.1.39]
	at org.apache.catalina.core.StandardContextValve.invoke(StandardContextValve.java:90) ~[tomcat-embed-core-10.1.39.jar:10.1.39]
	at org.apache.catalina.authenticator.AuthenticatorBase.invoke(AuthenticatorBase.java:483) ~[tomcat-embed-core-10.1.39.jar:10.1.39]
	at org.apache.catalina.core.StandardHostValve.invoke(StandardHostValve.java:115) ~[tomcat-embed-core-10.1.39.jar:10.1.39]
	at org.apache.catalina.valves.ErrorReportValve.invoke(ErrorReportValve.java:93) ~[tomcat-embed-core-10.1.39.jar:10.1.39]
	at org.apache.catalina.core.StandardEngineValve.invoke(StandardEngineValve.java:74) ~[tomcat-embed-core-10.1.39.jar:10.1.39]
	at org.apache.catalina.connector.CoyoteAdapter.service(CoyoteAdapter.java:344) ~[tomcat-embed-core-10.1.39.jar:10.1.39]
	at org.apache.coyote.http11.Http11Processor.service(Http11Processor.java:397) ~[tomcat-embed-core-10.1.39.jar:10.1.39]
	at org.apache.coyote.AbstractProcessorLight.process(AbstractProcessorLight.java:63) ~[tomcat-embed-core-10.1.39.jar:10.1.39]
	at org.apache.coyote.AbstractProtocol$ConnectionHandler.process(AbstractProtocol.java:905) ~[tomcat-embed-core-10.1.39.jar:10.1.39]
	at org.apache.tomcat.util.net.NioEndpoint$SocketProcessor.doRun(NioEndpoint.java:1743) ~[tomcat-embed-core-10.1.39.jar:10.1.39]
	at org.apache.tomcat.util.net.SocketProcessorBase.run(SocketProcessorBase.java:52) ~[tomcat-embed-core-10.1.39.jar:10.1.39]
	at org.apache.tomcat.util.threads.ThreadPoolExecutor.runWorker(ThreadPoolExecutor.java:1190) ~[tomcat-embed-core-10.1.39.jar:10.1.39]
	at org.apache.tomcat.util.threads.ThreadPoolExecutor$Worker.run(ThreadPoolExecutor.java:659) ~[tomcat-embed-core-10.1.39.jar:10.1.39]
	at org.apache.tomcat.util.threads.TaskThread$WrappingRunnable.run(TaskThread.java:63) ~[tomcat-embed-core-10.1.39.jar:10.1.39]
	at java.base/java.lang.Thread.run(Thread.java:842) ~[na:na]

2026-08-31T13:41:30.884-04:00 DEBUG 20072 --- [backend] [http-nio-8180-exec-4] org.hibernate.orm.sql.ast.tree           : SQL AST Tree:
    SelectStatement {
      FromClause {
        StandardTableGroup (u1 : com.duoc.backend.user.User(2)) {
          primaryTableReference : user as u1_0
        }
      }
    }

2026-08-31T13:41:30.885-04:00 DEBUG 20072 --- [backend] [http-nio-8180-exec-4] org.hibernate.orm.sql.exec               : Skipping reading Query result cache data: cache-enabled = false, cache-mode = NORMAL
2026-08-31T13:41:30.885-04:00 TRACE 20072 --- [backend] [http-nio-8180-exec-4] o.h.s.r.j.i.DeferredResultSetAccess      : Executing query to retrieve ResultSet : select u1_0.id,u1_0.email,u1_0.enabled,u1_0.password,u1_0.username from user u1_0 where u1_0.username=?
2026-08-31T13:41:30.885-04:00 DEBUG 20072 --- [backend] [http-nio-8180-exec-4] org.hibernate.SQL                        : select u1_0.id,u1_0.email,u1_0.enabled,u1_0.password,u1_0.username from user u1_0 where u1_0.username=?
2026-08-31T13:41:30.887-04:00 TRACE 20072 --- [backend] [http-nio-8180-exec-4] o.h.r.j.i.ResourceRegistryStandardImpl   : Registering statement [HikariProxyPreparedStatement@140375258 wrapping com.mysql.cj.jdbc.ClientPreparedStatement: select u1_0.id,u1_0.email,u1_0.enabled,u1_0.password,u1_0.username from user u1_0 where u1_0.username=** NOT SPECIFIED **]
2026-08-31T13:41:30.889-04:00 TRACE 20072 --- [backend] [http-nio-8180-exec-4] o.h.e.jdbc.internal.JdbcCoordinatorImpl  : Registering last query statement [HikariProxyPreparedStatement@140375258 wrapping com.mysql.cj.jdbc.ClientPreparedStatement: select u1_0.id,u1_0.email,u1_0.enabled,u1_0.password,u1_0.username from user u1_0 where u1_0.username=** NOT SPECIFIED **]
2026-08-31T13:41:30.890-04:00 TRACE 20072 --- [backend] [http-nio-8180-exec-4] org.hibernate.orm.jdbc.bind              : binding parameter (1:VARCHAR) <- [prueba]
2026-08-31T13:41:30.902-04:00 TRACE 20072 --- [backend] [http-nio-8180-exec-4] o.h.r.j.i.ResourceRegistryStandardImpl   : Registering result set [HikariProxyResultSet@1644298753 wrapping com.mysql.cj.jdbc.result.ResultSetImpl@a08b79d]
2026-08-31T13:41:30.903-04:00 TRACE 20072 --- [backend] [http-nio-8180-exec-4] org.hibernate.orm.results                : Registering initializer : EntityJoinedFetchInitializer(com.duoc.backend.user.User(2))
2026-08-31T13:41:30.903-04:00 DEBUG 20072 --- [backend] [http-nio-8180-exec-4] org.hibernate.orm.results                : Initializer list:
	  com.duoc.backend.user.User(2) -> EntityJoinedFetchInitializer(com.duoc.backend.user.User(2))@817090690 (SingleTableEntityPersister(com.duoc.backend.user.User))

2026-08-31T13:41:30.906-04:00 TRACE 20072 --- [backend] [http-nio-8180-exec-4] org.hibernate.orm.jdbc.extract           : extracted value (1:INTEGER) -> [1]
2026-08-31T13:41:30.907-04:00 TRACE 20072 --- [backend] [http-nio-8180-exec-4] org.hibernate.orm.jdbc.extract           : extracted value (2:VARCHAR) -> [prueba@correo.cl]
2026-08-31T13:41:30.907-04:00 TRACE 20072 --- [backend] [http-nio-8180-exec-4] org.hibernate.orm.jdbc.extract           : extracted value (3:BOOLEAN) -> [true]
2026-08-31T13:41:30.908-04:00 TRACE 20072 --- [backend] [http-nio-8180-exec-4] org.hibernate.orm.jdbc.extract           : extracted value (4:VARCHAR) -> [123456]
2026-08-31T13:41:30.908-04:00 TRACE 20072 --- [backend] [http-nio-8180-exec-4] org.hibernate.orm.jdbc.extract           : extracted value (5:VARCHAR) -> [prueba]
2026-08-31T13:41:30.909-04:00 TRACE 20072 --- [backend] [http-nio-8180-exec-4] o.h.r.j.i.ResourceRegistryStandardImpl   : Releasing result set [HikariProxyResultSet@1644298753 wrapping com.mysql.cj.jdbc.result.ResultSetImpl@a08b79d]
2026-08-31T13:41:30.909-04:00 TRACE 20072 --- [backend] [http-nio-8180-exec-4] o.h.r.j.i.ResourceRegistryStandardImpl   : Closing result set [HikariProxyResultSet@1644298753 wrapping com.mysql.cj.jdbc.result.ResultSetImpl@a08b79d]
2026-08-31T13:41:30.910-04:00 TRACE 20072 --- [backend] [http-nio-8180-exec-4] o.h.r.j.i.ResourceRegistryStandardImpl   : Releasing statement [HikariProxyPreparedStatement@140375258 wrapping com.mysql.cj.jdbc.ClientPreparedStatement: select u1_0.id,u1_0.email,u1_0.enabled,u1_0.password,u1_0.username from user u1_0 where u1_0.username='prueba']
2026-08-31T13:41:30.911-04:00 TRACE 20072 --- [backend] [http-nio-8180-exec-4] o.h.r.j.i.ResourceRegistryStandardImpl   : Closing prepared statement [HikariProxyPreparedStatement@140375258 wrapping com.mysql.cj.jdbc.ClientPreparedStatement: select u1_0.id,u1_0.email,u1_0.enabled,u1_0.password,u1_0.username from user u1_0 where u1_0.username='prueba']
2026-08-31T13:41:30.912-04:00 TRACE 20072 --- [backend] [http-nio-8180-exec-4] j.i.AbstractLogicalConnectionImplementor : LogicalConnection#afterStatement
2026-08-31T13:41:30.912-04:00 TRACE 20072 --- [backend] [http-nio-8180-exec-4] o.h.e.i.StatefulPersistenceContext       : Initializing non-lazy collections
2026-08-31T13:41:30.912-04:00 TRACE 20072 --- [backend] [http-nio-8180-exec-4] j.i.AbstractLogicalConnectionImplementor : LogicalConnection#afterTransaction
2026-08-31T13:41:30.912-04:00 TRACE 20072 --- [backend] [http-nio-8180-exec-4] o.h.r.j.i.ResourceRegistryStandardImpl   : Releasing JDBC resources
2026-08-31T13:41:30.913-04:00 DEBUG 20072 --- [backend] [http-nio-8180-exec-4] m.m.a.RequestResponseBodyMethodProcessor : Using 'text/plain', given [*/*] and supported [text/plain, */*, application/json, application/*+json]
2026-08-31T13:41:30.913-04:00 TRACE 20072 --- [backend] [http-nio-8180-exec-4] m.m.a.RequestResponseBodyMethodProcessor : Writing ["Bearer eyJhbGciOiJIUzUxMiJ9.eyJhdXRob3JpdGllcyI6WyJST0xFX1VTRVIiXSwic3ViIjoicHJ1ZWJhIiwiaWF0IjoxNzg4MTk4MDkwLCJleHAiOjE3ODgyODQ0OTB9.li4rzz7i66zgtGffNV1tYTyQV959tTBW6SB-bQQ5AkJlaKzp80mCG-m7bwFPDVpAFIPryDeLq2YaETTDjtt_KA"]
2026-08-31T13:41:30.914-04:00 TRACE 20072 --- [backend] [http-nio-8180-exec-4] o.s.web.servlet.DispatcherServlet        : No view rendering, null ModelAndView returned.
2026-08-31T13:41:30.914-04:00 TRACE 20072 --- [backend] [http-nio-8180-exec-4] org.hibernate.internal.SessionImpl       : Closing session [da5b03a1-5417-4369-8d7d-1cd1bc9850a5]
2026-08-31T13:41:30.914-04:00 TRACE 20072 --- [backend] [http-nio-8180-exec-4] o.h.e.jdbc.internal.JdbcCoordinatorImpl  : Closing JDBC container [org.hibernate.engine.jdbc.internal.JdbcCoordinatorImpl@254f1b84]
2026-08-31T13:41:30.915-04:00 TRACE 20072 --- [backend] [http-nio-8180-exec-4] o.h.r.j.i.ResourceRegistryStandardImpl   : Releasing JDBC resources
2026-08-31T13:41:30.915-04:00 TRACE 20072 --- [backend] [http-nio-8180-exec-4] o.h.r.j.i.LogicalConnectionManagedImpl   : Closing logical connection
2026-08-31T13:41:30.915-04:00 TRACE 20072 --- [backend] [http-nio-8180-exec-4] o.h.r.j.i.ResourceRegistryStandardImpl   : Releasing JDBC resources
2026-08-31T13:41:30.915-04:00 TRACE 20072 --- [backend] [http-nio-8180-exec-4] o.h.r.j.i.LogicalConnectionManagedImpl   : Logical connection closed
2026-08-31T13:41:30.915-04:00 DEBUG 20072 --- [backend] [http-nio-8180-exec-4] o.s.web.servlet.DispatcherServlet        : Completed 200 OK, headers={masked}
2026-08-31T13:41:42.900-04:00 DEBUG 20072 --- [backend] [HikariPool-1 housekeeper] com.zaxxer.hikari.pool.HikariPool        : HikariPool-1 - Pool stats (total=10, active=0, idle=10, waiting=0)
2026-08-31T13:41:42.900-04:00 DEBUG 20072 --- [backend] [HikariPool-1 housekeeper] com.zaxxer.hikari.pool.HikariPool        : HikariPool-1 - Fill pool skipped, pool has sufficient level or currently being filled.
2026-08-31T13:41:47.808-04:00 DEBUG 20072 --- [backend] [http-nio-8180-exec-8] o.s.security.web.FilterChainProxy        : Securing POST /login
2026-08-31T13:41:47.847-04:00 DEBUG 20072 --- [backend] [http-nio-8180-exec-8] o.s.security.web.FilterChainProxy        : Secured POST /login
2026-08-31T13:41:47.848-04:00 TRACE 20072 --- [backend] [http-nio-8180-exec-8] o.s.web.servlet.DispatcherServlet        : POST "/login", parameters={}, headers={masked} in DispatcherServlet 'dispatcherServlet'
2026-08-31T13:41:47.849-04:00 TRACE 20072 --- [backend] [http-nio-8180-exec-8] s.w.s.m.m.a.RequestMappingHandlerMapping : Mapped to com.duoc.backend.LoginController#login(User)
2026-08-31T13:41:47.849-04:00 TRACE 20072 --- [backend] [http-nio-8180-exec-8] .i.SessionFactoryImpl$SessionBuilderImpl : Opening Hibernate Session.  tenant=null
2026-08-31T13:41:47.850-04:00 TRACE 20072 --- [backend] [http-nio-8180-exec-8] org.hibernate.internal.SessionImpl       : Opened Session [06b71f8d-8f5a-47d4-aef9-06e338e191b0] at timestamp: 1788198107850
2026-08-31T13:41:47.851-04:00 TRACE 20072 --- [backend] [http-nio-8180-exec-8] m.m.a.RequestResponseBodyMethodProcessor : Read "application/json;charset=UTF-8" to [com.duoc.backend.user.User@12bb51ee]
2026-08-31T13:41:47.851-04:00 TRACE 20072 --- [backend] [http-nio-8180-exec-8] o.s.web.method.HandlerMethod             : Arguments: [com.duoc.backend.user.User@12bb51ee]
2026-08-31T13:41:47.854-04:00 TRACE 20072 --- [backend] [http-nio-8180-exec-8] o.h.q.sqm.sql.BaseSqmToSqlAstConverter   : Resolving SqmRoot [com.duoc.backend.user.User] to TableGroup
2026-08-31T13:41:47.854-04:00 TRACE 20072 --- [backend] [http-nio-8180-exec-8] o.h.q.sqm.sql.BaseSqmToSqlAstConverter   : Resolving SqmRoot [com.duoc.backend.user.User] to TableGroup
2026-08-31T13:41:47.855-04:00 DEBUG 20072 --- [backend] [http-nio-8180-exec-8] org.hibernate.orm.sql.ast.create         : Created new SQL alias : u1_0
2026-08-31T13:41:47.856-04:00 TRACE 20072 --- [backend] [http-nio-8180-exec-8] o.h.q.sqm.sql.BaseSqmToSqlAstConverter   : Resolved SqmRoot [com.duoc.backend.user.User] to new TableGroup [StandardTableGroup(com.duoc.backend.user.User(2))]
2026-08-31T13:41:47.856-04:00 DEBUG 20072 --- [backend] [http-nio-8180-exec-8] org.hibernate.orm.sql.ast.create         : Registration of TableGroup [StandardTableGroup(com.duoc.backend.user.User(2))] with identifierForTableGroup [com.duoc.backend.user.User] for NavigablePath [com.duoc.backend.user.User] 
2026-08-31T13:41:47.856-04:00 TRACE 20072 --- [backend] [http-nio-8180-exec-8] o.h.q.sqm.sql.BaseSqmToSqlAstConverter   : Visiting explicit joins for `com.duoc.backend.user.User(2)`
2026-08-31T13:41:47.856-04:00 TRACE 20072 --- [backend] [http-nio-8180-exec-8] o.h.q.sqm.sql.BaseSqmToSqlAstConverter   : SqmRoot [com.duoc.backend.user.User] resolved to existing TableGroup [StandardTableGroup(com.duoc.backend.user.User(2))]
2026-08-31T13:41:47.857-04:00 TRACE 20072 --- [backend] [http-nio-8180-exec-8] o.h.p.entity.AbstractEntityPersister     : #findSubPart(`username`)
2026-08-31T13:41:47.857-04:00 DEBUG 20072 --- [backend] [http-nio-8180-exec-8] o.h.q.sqm.sql.BaseSqmToSqlAstConverter   : Determining mapping-model type for SqmParameter : org.hibernate.query.sqm.tree.expression.SqmJpaCriteriaParameterWrapper@4b253756
2026-08-31T13:41:47.857-04:00 DEBUG 20072 --- [backend] [http-nio-8180-exec-8] o.h.q.sqm.sql.BaseSqmToSqlAstConverter   : Determining mapping-model type for SqmPath : SqmBasicValuedSimplePath(com.duoc.backend.user.User(2).username) 
2026-08-31T13:41:47.857-04:00 TRACE 20072 --- [backend] [http-nio-8180-exec-8] o.h.p.entity.AbstractEntityPersister     : #findSubPart(`username`)
2026-08-31T13:41:47.857-04:00 DEBUG 20072 --- [backend] [http-nio-8180-exec-8] org.hibernate.orm.results.graph.AST      : DomainResult Graph:
 \-EntityResultImpl [com.duoc.backend.user.User(2)]
 |  +-BasicFetch [com.duoc.backend.user.User(2).email]
 |  +-BasicFetch [com.duoc.backend.user.User(2).enabled]
 |  +-BasicFetch [com.duoc.backend.user.User(2).password]
 |  \-BasicFetch [com.duoc.backend.user.User(2).username]

2026-08-31T13:41:47.858-04:00 TRACE 20072 --- [backend] [http-nio-8180-exec-8] org.hibernate.orm.results.graph.AST      : Stack trace calling DomainResultGraphPrinter

java.lang.Exception: null
	at org.hibernate.sql.results.graph.DomainResultGraphPrinter.visitDomainResults(DomainResultGraphPrinter.java:70) ~[hibernate-core-6.6.11.Final.jar:6.6.11.Final]
	at org.hibernate.sql.results.graph.DomainResultGraphPrinter.logDomainResultGraph(DomainResultGraphPrinter.java:46) ~[hibernate-core-6.6.11.Final.jar:6.6.11.Final]
	at org.hibernate.sql.results.graph.DomainResultGraphPrinter.logDomainResultGraph(DomainResultGraphPrinter.java:37) ~[hibernate-core-6.6.11.Final.jar:6.6.11.Final]
	at org.hibernate.sql.ast.spi.AbstractSqlAstTranslator.translateSelect(AbstractSqlAstTranslator.java:877) ~[hibernate-core-6.6.11.Final.jar:6.6.11.Final]
	at org.hibernate.sql.ast.spi.AbstractSqlAstTranslator.translate(AbstractSqlAstTranslator.java:815) ~[hibernate-core-6.6.11.Final.jar:6.6.11.Final]
	at org.hibernate.query.sqm.internal.ConcreteSqmSelectQueryPlan.buildCacheableSqmInterpretation(ConcreteSqmSelectQueryPlan.java:510) ~[hibernate-core-6.6.11.Final.jar:6.6.11.Final]
	at org.hibernate.query.sqm.internal.ConcreteSqmSelectQueryPlan.withCacheableSqmInterpretation(ConcreteSqmSelectQueryPlan.java:388) ~[hibernate-core-6.6.11.Final.jar:6.6.11.Final]
	at org.hibernate.query.sqm.internal.ConcreteSqmSelectQueryPlan.performList(ConcreteSqmSelectQueryPlan.java:362) ~[hibernate-core-6.6.11.Final.jar:6.6.11.Final]
	at org.hibernate.query.sqm.internal.QuerySqmImpl.doList(QuerySqmImpl.java:380) ~[hibernate-core-6.6.11.Final.jar:6.6.11.Final]
	at org.hibernate.query.spi.AbstractSelectionQuery.list(AbstractSelectionQuery.java:143) ~[hibernate-core-6.6.11.Final.jar:6.6.11.Final]
	at org.hibernate.query.spi.AbstractSelectionQuery.getSingleResult(AbstractSelectionQuery.java:275) ~[hibernate-core-6.6.11.Final.jar:6.6.11.Final]
	at org.springframework.data.jpa.repository.query.JpaQueryExecution$SingleEntityExecution.doExecute(JpaQueryExecution.java:224) ~[spring-data-jpa-3.4.4.jar:3.4.4]
	at org.springframework.data.jpa.repository.query.JpaQueryExecution.execute(JpaQueryExecution.java:93) ~[spring-data-jpa-3.4.4.jar:3.4.4]
	at org.springframework.data.jpa.repository.query.AbstractJpaQuery.doExecute(AbstractJpaQuery.java:152) ~[spring-data-jpa-3.4.4.jar:3.4.4]
	at org.springframework.data.jpa.repository.query.AbstractJpaQuery.execute(AbstractJpaQuery.java:140) ~[spring-data-jpa-3.4.4.jar:3.4.4]
	at org.springframework.data.repository.core.support.RepositoryMethodInvoker.doInvoke(RepositoryMethodInvoker.java:170) ~[spring-data-commons-3.4.4.jar:3.4.4]
	at org.springframework.data.repository.core.support.RepositoryMethodInvoker.invoke(RepositoryMethodInvoker.java:158) ~[spring-data-commons-3.4.4.jar:3.4.4]
	at org.springframework.data.repository.core.support.QueryExecutorMethodInterceptor.doInvoke(QueryExecutorMethodInterceptor.java:170) ~[spring-data-commons-3.4.4.jar:3.4.4]
	at org.springframework.data.repository.core.support.QueryExecutorMethodInterceptor.invoke(QueryExecutorMethodInterceptor.java:149) ~[spring-data-commons-3.4.4.jar:3.4.4]
	at org.springframework.aop.framework.ReflectiveMethodInvocation.proceed(ReflectiveMethodInvocation.java:184) ~[spring-aop-6.2.5.jar:6.2.5]
	at org.springframework.transaction.interceptor.TransactionAspectSupport.invokeWithinTransaction(TransactionAspectSupport.java:380) ~[spring-tx-6.2.5.jar:6.2.5]
	at org.springframework.transaction.interceptor.TransactionInterceptor.invoke(TransactionInterceptor.java:119) ~[spring-tx-6.2.5.jar:6.2.5]
	at org.springframework.aop.framework.ReflectiveMethodInvocation.proceed(ReflectiveMethodInvocation.java:184) ~[spring-aop-6.2.5.jar:6.2.5]
	at org.springframework.dao.support.PersistenceExceptionTranslationInterceptor.invoke(PersistenceExceptionTranslationInterceptor.java:138) ~[spring-tx-6.2.5.jar:6.2.5]
	at org.springframework.aop.framework.ReflectiveMethodInvocation.proceed(ReflectiveMethodInvocation.java:184) ~[spring-aop-6.2.5.jar:6.2.5]
	at org.springframework.data.jpa.repository.support.CrudMethodMetadataPostProcessor$CrudMethodMetadataPopulatingMethodInterceptor.invoke(CrudMethodMetadataPostProcessor.java:136) ~[spring-data-jpa-3.4.4.jar:3.4.4]
	at org.springframework.aop.framework.ReflectiveMethodInvocation.proceed(ReflectiveMethodInvocation.java:184) ~[spring-aop-6.2.5.jar:6.2.5]
	at org.springframework.aop.framework.JdkDynamicAopProxy.invoke(JdkDynamicAopProxy.java:223) ~[spring-aop-6.2.5.jar:6.2.5]
	at jdk.proxy2/jdk.proxy2.$Proxy127.findByUsername(Unknown Source) ~[na:na]
	at com.duoc.backend.user.MyUserDetailsService.loadUserByUsername(MyUserDetailsService.java:30) ~[classes/:na]
	at com.duoc.backend.LoginController.login(LoginController.java:29) ~[classes/:na]
	at java.base/jdk.internal.reflect.NativeMethodAccessorImpl.invoke0(Native Method) ~[na:na]
	at java.base/jdk.internal.reflect.NativeMethodAccessorImpl.invoke(NativeMethodAccessorImpl.java:77) ~[na:na]
	at java.base/jdk.internal.reflect.DelegatingMethodAccessorImpl.invoke(DelegatingMethodAccessorImpl.java:43) ~[na:na]
	at java.base/java.lang.reflect.Method.invoke(Method.java:568) ~[na:na]
	at org.springframework.web.method.support.InvocableHandlerMethod.doInvoke(InvocableHandlerMethod.java:258) ~[spring-web-6.2.5.jar:6.2.5]
	at org.springframework.web.method.support.InvocableHandlerMethod.invokeForRequest(InvocableHandlerMethod.java:191) ~[spring-web-6.2.5.jar:6.2.5]
	at org.springframework.web.servlet.mvc.method.annotation.ServletInvocableHandlerMethod.invokeAndHandle(ServletInvocableHandlerMethod.java:118) ~[spring-webmvc-6.2.5.jar:6.2.5]
	at org.springframework.web.servlet.mvc.method.annotation.RequestMappingHandlerAdapter.invokeHandlerMethod(RequestMappingHandlerAdapter.java:986) ~[spring-webmvc-6.2.5.jar:6.2.5]
	at org.springframework.web.servlet.mvc.method.annotation.RequestMappingHandlerAdapter.handleInternal(RequestMappingHandlerAdapter.java:891) ~[spring-webmvc-6.2.5.jar:6.2.5]
	at org.springframework.web.servlet.mvc.method.AbstractHandlerMethodAdapter.handle(AbstractHandlerMethodAdapter.java:87) ~[spring-webmvc-6.2.5.jar:6.2.5]
	at org.springframework.web.servlet.DispatcherServlet.doDispatch(DispatcherServlet.java:1089) ~[spring-webmvc-6.2.5.jar:6.2.5]
	at org.springframework.web.servlet.DispatcherServlet.doService(DispatcherServlet.java:979) ~[spring-webmvc-6.2.5.jar:6.2.5]
	at org.springframework.web.servlet.FrameworkServlet.processRequest(FrameworkServlet.java:1014) ~[spring-webmvc-6.2.5.jar:6.2.5]
	at org.springframework.web.servlet.FrameworkServlet.doPost(FrameworkServlet.java:914) ~[spring-webmvc-6.2.5.jar:6.2.5]
	at jakarta.servlet.http.HttpServlet.service(HttpServlet.java:590) ~[tomcat-embed-core-10.1.39.jar:6.0]
	at org.springframework.web.servlet.FrameworkServlet.service(FrameworkServlet.java:885) ~[spring-webmvc-6.2.5.jar:6.2.5]
	at jakarta.servlet.http.HttpServlet.service(HttpServlet.java:658) ~[tomcat-embed-core-10.1.39.jar:6.0]
	at org.apache.catalina.core.ApplicationFilterChain.internalDoFilter(ApplicationFilterChain.java:195) ~[tomcat-embed-core-10.1.39.jar:10.1.39]
	at org.apache.catalina.core.ApplicationFilterChain.doFilter(ApplicationFilterChain.java:140) ~[tomcat-embed-core-10.1.39.jar:10.1.39]
	at org.apache.tomcat.websocket.server.WsFilter.doFilter(WsFilter.java:51) ~[tomcat-embed-websocket-10.1.39.jar:10.1.39]
	at org.apache.catalina.core.ApplicationFilterChain.internalDoFilter(ApplicationFilterChain.java:164) ~[tomcat-embed-core-10.1.39.jar:10.1.39]
	at org.apache.catalina.core.ApplicationFilterChain.doFilter(ApplicationFilterChain.java:140) ~[tomcat-embed-core-10.1.39.jar:10.1.39]
	at org.springframework.web.filter.OncePerRequestFilter.doFilter(OncePerRequestFilter.java:110) ~[spring-web-6.2.5.jar:6.2.5]
	at org.apache.catalina.core.ApplicationFilterChain.internalDoFilter(ApplicationFilterChain.java:164) ~[tomcat-embed-core-10.1.39.jar:10.1.39]
	at org.apache.catalina.core.ApplicationFilterChain.doFilter(ApplicationFilterChain.java:140) ~[tomcat-embed-core-10.1.39.jar:10.1.39]
	at org.springframework.web.filter.CompositeFilter$VirtualFilterChain.doFilter(CompositeFilter.java:108) ~[spring-web-6.2.5.jar:6.2.5]
	at org.springframework.security.web.FilterChainProxy.lambda$doFilterInternal$3(FilterChainProxy.java:231) ~[spring-security-web-6.4.4.jar:6.4.4]
	at org.springframework.security.web.FilterChainProxy$VirtualFilterChain.doFilter(FilterChainProxy.java:365) ~[spring-security-web-6.4.4.jar:6.4.4]
	at org.springframework.security.web.access.intercept.AuthorizationFilter.doFilter(AuthorizationFilter.java:101) ~[spring-security-web-6.4.4.jar:6.4.4]
	at org.springframework.security.web.FilterChainProxy$VirtualFilterChain.doFilter(FilterChainProxy.java:374) ~[spring-security-web-6.4.4.jar:6.4.4]
	at org.springframework.security.web.access.ExceptionTranslationFilter.doFilter(ExceptionTranslationFilter.java:126) ~[spring-security-web-6.4.4.jar:6.4.4]
	at org.springframework.security.web.access.ExceptionTranslationFilter.doFilter(ExceptionTranslationFilter.java:120) ~[spring-security-web-6.4.4.jar:6.4.4]
	at org.springframework.security.web.FilterChainProxy$VirtualFilterChain.doFilter(FilterChainProxy.java:374) ~[spring-security-web-6.4.4.jar:6.4.4]
	at org.springframework.security.web.authentication.AnonymousAuthenticationFilter.doFilter(AnonymousAuthenticationFilter.java:100) ~[spring-security-web-6.4.4.jar:6.4.4]
	at org.springframework.security.web.FilterChainProxy$VirtualFilterChain.doFilter(FilterChainProxy.java:374) ~[spring-security-web-6.4.4.jar:6.4.4]
	at org.springframework.security.web.servletapi.SecurityContextHolderAwareRequestFilter.doFilter(SecurityContextHolderAwareRequestFilter.java:179) ~[spring-security-web-6.4.4.jar:6.4.4]
	at org.springframework.security.web.FilterChainProxy$VirtualFilterChain.doFilter(FilterChainProxy.java:374) ~[spring-security-web-6.4.4.jar:6.4.4]
	at org.springframework.security.web.savedrequest.RequestCacheAwareFilter.doFilter(RequestCacheAwareFilter.java:63) ~[spring-security-web-6.4.4.jar:6.4.4]
	at org.springframework.security.web.FilterChainProxy$VirtualFilterChain.doFilter(FilterChainProxy.java:374) ~[spring-security-web-6.4.4.jar:6.4.4]
	at com.duoc.backend.JWTAuthorizationFilter.doFilterInternal(JWTAuthorizationFilter.java:70) ~[classes/:na]
	at org.springframework.web.filter.OncePerRequestFilter.doFilter(OncePerRequestFilter.java:116) ~[spring-web-6.2.5.jar:6.2.5]
	at org.springframework.security.web.FilterChainProxy$VirtualFilterChain.doFilter(FilterChainProxy.java:374) ~[spring-security-web-6.4.4.jar:6.4.4]
	at org.springframework.security.web.authentication.logout.LogoutFilter.doFilter(LogoutFilter.java:107) ~[spring-security-web-6.4.4.jar:6.4.4]
	at org.springframework.security.web.authentication.logout.LogoutFilter.doFilter(LogoutFilter.java:93) ~[spring-security-web-6.4.4.jar:6.4.4]
	at org.springframework.security.web.FilterChainProxy$VirtualFilterChain.doFilter(FilterChainProxy.java:374) ~[spring-security-web-6.4.4.jar:6.4.4]
	at org.springframework.security.web.header.HeaderWriterFilter.doHeadersAfter(HeaderWriterFilter.java:90) ~[spring-security-web-6.4.4.jar:6.4.4]
	at org.springframework.security.web.header.HeaderWriterFilter.doFilterInternal(HeaderWriterFilter.java:75) ~[spring-security-web-6.4.4.jar:6.4.4]
	at org.springframework.web.filter.OncePerRequestFilter.doFilter(OncePerRequestFilter.java:116) ~[spring-web-6.2.5.jar:6.2.5]
	at org.springframework.security.web.FilterChainProxy$VirtualFilterChain.doFilter(FilterChainProxy.java:374) ~[spring-security-web-6.4.4.jar:6.4.4]
	at org.springframework.security.web.context.SecurityContextHolderFilter.doFilter(SecurityContextHolderFilter.java:82) ~[spring-security-web-6.4.4.jar:6.4.4]
	at org.springframework.security.web.context.SecurityContextHolderFilter.doFilter(SecurityContextHolderFilter.java:69) ~[spring-security-web-6.4.4.jar:6.4.4]
	at org.springframework.security.web.FilterChainProxy$VirtualFilterChain.doFilter(FilterChainProxy.java:374) ~[spring-security-web-6.4.4.jar:6.4.4]
	at org.springframework.security.web.context.request.async.WebAsyncManagerIntegrationFilter.doFilterInternal(WebAsyncManagerIntegrationFilter.java:62) ~[spring-security-web-6.4.4.jar:6.4.4]
	at org.springframework.web.filter.OncePerRequestFilter.doFilter(OncePerRequestFilter.java:116) ~[spring-web-6.2.5.jar:6.2.5]
	at org.springframework.security.web.FilterChainProxy$VirtualFilterChain.doFilter(FilterChainProxy.java:374) ~[spring-security-web-6.4.4.jar:6.4.4]
	at org.springframework.security.web.session.DisableEncodeUrlFilter.doFilterInternal(DisableEncodeUrlFilter.java:42) ~[spring-security-web-6.4.4.jar:6.4.4]
	at org.springframework.web.filter.OncePerRequestFilter.doFilter(OncePerRequestFilter.java:116) ~[spring-web-6.2.5.jar:6.2.5]
	at org.springframework.security.web.FilterChainProxy$VirtualFilterChain.doFilter(FilterChainProxy.java:374) ~[spring-security-web-6.4.4.jar:6.4.4]
	at org.springframework.security.web.FilterChainProxy.doFilterInternal(FilterChainProxy.java:233) ~[spring-security-web-6.4.4.jar:6.4.4]
	at org.springframework.security.web.FilterChainProxy.doFilter(FilterChainProxy.java:191) ~[spring-security-web-6.4.4.jar:6.4.4]
	at org.springframework.web.filter.CompositeFilter$VirtualFilterChain.doFilter(CompositeFilter.java:113) ~[spring-web-6.2.5.jar:6.2.5]
	at org.springframework.web.servlet.handler.HandlerMappingIntrospector.lambda$createCacheFilter$3(HandlerMappingIntrospector.java:243) ~[spring-webmvc-6.2.5.jar:6.2.5]
	at org.springframework.web.filter.CompositeFilter$VirtualFilterChain.doFilter(CompositeFilter.java:113) ~[spring-web-6.2.5.jar:6.2.5]
	at org.springframework.web.filter.CompositeFilter.doFilter(CompositeFilter.java:74) ~[spring-web-6.2.5.jar:6.2.5]
	at org.springframework.security.config.annotation.web.configuration.WebMvcSecurityConfiguration$CompositeFilterChainProxy.doFilter(WebMvcSecurityConfiguration.java:238) ~[spring-security-config-6.4.4.jar:6.4.4]
	at org.springframework.web.filter.DelegatingFilterProxy.invokeDelegate(DelegatingFilterProxy.java:362) ~[spring-web-6.2.5.jar:6.2.5]
	at org.springframework.web.filter.DelegatingFilterProxy.doFilter(DelegatingFilterProxy.java:278) ~[spring-web-6.2.5.jar:6.2.5]
	at org.apache.catalina.core.ApplicationFilterChain.internalDoFilter(ApplicationFilterChain.java:164) ~[tomcat-embed-core-10.1.39.jar:10.1.39]
	at org.apache.catalina.core.ApplicationFilterChain.doFilter(ApplicationFilterChain.java:140) ~[tomcat-embed-core-10.1.39.jar:10.1.39]
	at org.springframework.web.filter.RequestContextFilter.doFilterInternal(RequestContextFilter.java:100) ~[spring-web-6.2.5.jar:6.2.5]
	at org.springframework.web.filter.OncePerRequestFilter.doFilter(OncePerRequestFilter.java:116) ~[spring-web-6.2.5.jar:6.2.5]
	at org.apache.catalina.core.ApplicationFilterChain.internalDoFilter(ApplicationFilterChain.java:164) ~[tomcat-embed-core-10.1.39.jar:10.1.39]
	at org.apache.catalina.core.ApplicationFilterChain.doFilter(ApplicationFilterChain.java:140) ~[tomcat-embed-core-10.1.39.jar:10.1.39]
	at org.springframework.web.filter.FormContentFilter.doFilterInternal(FormContentFilter.java:93) ~[spring-web-6.2.5.jar:6.2.5]
	at org.springframework.web.filter.OncePerRequestFilter.doFilter(OncePerRequestFilter.java:116) ~[spring-web-6.2.5.jar:6.2.5]
	at org.apache.catalina.core.ApplicationFilterChain.internalDoFilter(ApplicationFilterChain.java:164) ~[tomcat-embed-core-10.1.39.jar:10.1.39]
	at org.apache.catalina.core.ApplicationFilterChain.doFilter(ApplicationFilterChain.java:140) ~[tomcat-embed-core-10.1.39.jar:10.1.39]
	at org.springframework.web.filter.CharacterEncodingFilter.doFilterInternal(CharacterEncodingFilter.java:201) ~[spring-web-6.2.5.jar:6.2.5]
	at org.springframework.web.filter.OncePerRequestFilter.doFilter(OncePerRequestFilter.java:116) ~[spring-web-6.2.5.jar:6.2.5]
	at org.apache.catalina.core.ApplicationFilterChain.internalDoFilter(ApplicationFilterChain.java:164) ~[tomcat-embed-core-10.1.39.jar:10.1.39]
	at org.apache.catalina.core.ApplicationFilterChain.doFilter(ApplicationFilterChain.java:140) ~[tomcat-embed-core-10.1.39.jar:10.1.39]
	at org.apache.catalina.core.StandardWrapperValve.invoke(StandardWrapperValve.java:167) ~[tomcat-embed-core-10.1.39.jar:10.1.39]
	at org.apache.catalina.core.StandardContextValve.invoke(StandardContextValve.java:90) ~[tomcat-embed-core-10.1.39.jar:10.1.39]
	at org.apache.catalina.authenticator.AuthenticatorBase.invoke(AuthenticatorBase.java:483) ~[tomcat-embed-core-10.1.39.jar:10.1.39]
	at org.apache.catalina.core.StandardHostValve.invoke(StandardHostValve.java:115) ~[tomcat-embed-core-10.1.39.jar:10.1.39]
	at org.apache.catalina.valves.ErrorReportValve.invoke(ErrorReportValve.java:93) ~[tomcat-embed-core-10.1.39.jar:10.1.39]
	at org.apache.catalina.core.StandardEngineValve.invoke(StandardEngineValve.java:74) ~[tomcat-embed-core-10.1.39.jar:10.1.39]
	at org.apache.catalina.connector.CoyoteAdapter.service(CoyoteAdapter.java:344) ~[tomcat-embed-core-10.1.39.jar:10.1.39]
	at org.apache.coyote.http11.Http11Processor.service(Http11Processor.java:397) ~[tomcat-embed-core-10.1.39.jar:10.1.39]
	at org.apache.coyote.AbstractProcessorLight.process(AbstractProcessorLight.java:63) ~[tomcat-embed-core-10.1.39.jar:10.1.39]
	at org.apache.coyote.AbstractProtocol$ConnectionHandler.process(AbstractProtocol.java:905) ~[tomcat-embed-core-10.1.39.jar:10.1.39]
	at org.apache.tomcat.util.net.NioEndpoint$SocketProcessor.doRun(NioEndpoint.java:1743) ~[tomcat-embed-core-10.1.39.jar:10.1.39]
	at org.apache.tomcat.util.net.SocketProcessorBase.run(SocketProcessorBase.java:52) ~[tomcat-embed-core-10.1.39.jar:10.1.39]
	at org.apache.tomcat.util.threads.ThreadPoolExecutor.runWorker(ThreadPoolExecutor.java:1190) ~[tomcat-embed-core-10.1.39.jar:10.1.39]
	at org.apache.tomcat.util.threads.ThreadPoolExecutor$Worker.run(ThreadPoolExecutor.java:659) ~[tomcat-embed-core-10.1.39.jar:10.1.39]
	at org.apache.tomcat.util.threads.TaskThread$WrappingRunnable.run(TaskThread.java:63) ~[tomcat-embed-core-10.1.39.jar:10.1.39]
	at java.base/java.lang.Thread.run(Thread.java:842) ~[na:na]

2026-08-31T13:41:47.859-04:00 DEBUG 20072 --- [backend] [http-nio-8180-exec-8] org.hibernate.orm.sql.ast.tree           : SQL AST Tree:
    SelectStatement {
      FromClause {
        StandardTableGroup (u1 : com.duoc.backend.user.User(2)) {
          primaryTableReference : user as u1_0
        }
      }
    }

2026-08-31T13:41:47.861-04:00 DEBUG 20072 --- [backend] [http-nio-8180-exec-8] org.hibernate.orm.sql.exec               : Skipping reading Query result cache data: cache-enabled = false, cache-mode = NORMAL
2026-08-31T13:41:47.861-04:00 TRACE 20072 --- [backend] [http-nio-8180-exec-8] o.h.s.r.j.i.DeferredResultSetAccess      : Executing query to retrieve ResultSet : select u1_0.id,u1_0.email,u1_0.enabled,u1_0.password,u1_0.username from user u1_0 where u1_0.username=?
2026-08-31T13:41:47.862-04:00 DEBUG 20072 --- [backend] [http-nio-8180-exec-8] org.hibernate.SQL                        : select u1_0.id,u1_0.email,u1_0.enabled,u1_0.password,u1_0.username from user u1_0 where u1_0.username=?
2026-08-31T13:41:47.864-04:00 TRACE 20072 --- [backend] [http-nio-8180-exec-8] o.h.r.j.i.ResourceRegistryStandardImpl   : Registering statement [HikariProxyPreparedStatement@1389670186 wrapping com.mysql.cj.jdbc.ClientPreparedStatement: select u1_0.id,u1_0.email,u1_0.enabled,u1_0.password,u1_0.username from user u1_0 where u1_0.username=** NOT SPECIFIED **]
2026-08-31T13:41:47.865-04:00 TRACE 20072 --- [backend] [http-nio-8180-exec-8] o.h.e.jdbc.internal.JdbcCoordinatorImpl  : Registering last query statement [HikariProxyPreparedStatement@1389670186 wrapping com.mysql.cj.jdbc.ClientPreparedStatement: select u1_0.id,u1_0.email,u1_0.enabled,u1_0.password,u1_0.username from user u1_0 where u1_0.username=** NOT SPECIFIED **]
2026-08-31T13:41:47.865-04:00 TRACE 20072 --- [backend] [http-nio-8180-exec-8] org.hibernate.orm.jdbc.bind              : binding parameter (1:VARCHAR) <- [usuario2]
2026-08-31T13:41:47.866-04:00 TRACE 20072 --- [backend] [http-nio-8180-exec-8] o.h.r.j.i.ResourceRegistryStandardImpl   : Registering result set [HikariProxyResultSet@850309268 wrapping com.mysql.cj.jdbc.result.ResultSetImpl@67f7d989]
2026-08-31T13:41:47.867-04:00 TRACE 20072 --- [backend] [http-nio-8180-exec-8] org.hibernate.orm.results                : Registering initializer : EntityJoinedFetchInitializer(com.duoc.backend.user.User(2))
2026-08-31T13:41:47.867-04:00 DEBUG 20072 --- [backend] [http-nio-8180-exec-8] org.hibernate.orm.results                : Initializer list:
	  com.duoc.backend.user.User(2) -> EntityJoinedFetchInitializer(com.duoc.backend.user.User(2))@439136984 (SingleTableEntityPersister(com.duoc.backend.user.User))

2026-08-31T13:41:47.867-04:00 TRACE 20072 --- [backend] [http-nio-8180-exec-8] org.hibernate.orm.jdbc.extract           : extracted value (1:INTEGER) -> [2]
2026-08-31T13:41:47.868-04:00 TRACE 20072 --- [backend] [http-nio-8180-exec-8] org.hibernate.orm.jdbc.extract           : extracted value (2:VARCHAR) -> [usuario2@correo.cl]
2026-08-31T13:41:47.870-04:00 TRACE 20072 --- [backend] [http-nio-8180-exec-8] org.hibernate.orm.jdbc.extract           : extracted value (3:BOOLEAN) -> [true]
2026-08-31T13:41:47.870-04:00 TRACE 20072 --- [backend] [http-nio-8180-exec-8] org.hibernate.orm.jdbc.extract           : extracted value (4:VARCHAR) -> [123456]
2026-08-31T13:41:47.877-04:00 TRACE 20072 --- [backend] [http-nio-8180-exec-8] org.hibernate.orm.jdbc.extract           : extracted value (5:VARCHAR) -> [usuario2]
2026-08-31T13:41:47.877-04:00 TRACE 20072 --- [backend] [http-nio-8180-exec-8] o.h.r.j.i.ResourceRegistryStandardImpl   : Releasing result set [HikariProxyResultSet@850309268 wrapping com.mysql.cj.jdbc.result.ResultSetImpl@67f7d989]
2026-08-31T13:41:47.878-04:00 TRACE 20072 --- [backend] [http-nio-8180-exec-8] o.h.r.j.i.ResourceRegistryStandardImpl   : Closing result set [HikariProxyResultSet@850309268 wrapping com.mysql.cj.jdbc.result.ResultSetImpl@67f7d989]
2026-08-31T13:41:47.878-04:00 TRACE 20072 --- [backend] [http-nio-8180-exec-8] o.h.r.j.i.ResourceRegistryStandardImpl   : Releasing statement [HikariProxyPreparedStatement@1389670186 wrapping com.mysql.cj.jdbc.ClientPreparedStatement: select u1_0.id,u1_0.email,u1_0.enabled,u1_0.password,u1_0.username from user u1_0 where u1_0.username='usuario2']
2026-08-31T13:41:47.878-04:00 TRACE 20072 --- [backend] [http-nio-8180-exec-8] o.h.r.j.i.ResourceRegistryStandardImpl   : Closing prepared statement [HikariProxyPreparedStatement@1389670186 wrapping com.mysql.cj.jdbc.ClientPreparedStatement: select u1_0.id,u1_0.email,u1_0.enabled,u1_0.password,u1_0.username from user u1_0 where u1_0.username='usuario2']
2026-08-31T13:41:47.878-04:00 TRACE 20072 --- [backend] [http-nio-8180-exec-8] j.i.AbstractLogicalConnectionImplementor : LogicalConnection#afterStatement
2026-08-31T13:41:47.878-04:00 TRACE 20072 --- [backend] [http-nio-8180-exec-8] o.h.e.i.StatefulPersistenceContext       : Initializing non-lazy collections
2026-08-31T13:41:47.878-04:00 TRACE 20072 --- [backend] [http-nio-8180-exec-8] j.i.AbstractLogicalConnectionImplementor : LogicalConnection#afterTransaction
2026-08-31T13:41:47.878-04:00 TRACE 20072 --- [backend] [http-nio-8180-exec-8] o.h.r.j.i.ResourceRegistryStandardImpl   : Releasing JDBC resources
2026-08-31T13:41:47.880-04:00 DEBUG 20072 --- [backend] [http-nio-8180-exec-8] m.m.a.RequestResponseBodyMethodProcessor : Using 'text/plain', given [*/*] and supported [text/plain, */*, application/json, application/*+json]
2026-08-31T13:41:47.881-04:00 TRACE 20072 --- [backend] [http-nio-8180-exec-8] m.m.a.RequestResponseBodyMethodProcessor : Writing ["Bearer eyJhbGciOiJIUzUxMiJ9.eyJhdXRob3JpdGllcyI6WyJST0xFX1VTRVIiXSwic3ViIjoidXN1YXJpbzIiLCJpYXQiOjE3ODgxOTgxMDcsImV4cCI6MTc4ODI4NDUwN30.qvC1VyYNrafS7us6ueh2JgV83cLL7UYD7VxGPj5Aj0FZhNrLS3E6YJFMZb5uXGifjM3Xg4xYHJjO9ascbpWpiQ"]
2026-08-31T13:41:47.882-04:00 TRACE 20072 --- [backend] [http-nio-8180-exec-8] o.s.web.servlet.DispatcherServlet        : No view rendering, null ModelAndView returned.
2026-08-31T13:41:47.883-04:00 TRACE 20072 --- [backend] [http-nio-8180-exec-8] org.hibernate.internal.SessionImpl       : Closing session [06b71f8d-8f5a-47d4-aef9-06e338e191b0]
2026-08-31T13:41:47.883-04:00 TRACE 20072 --- [backend] [http-nio-8180-exec-8] o.h.e.jdbc.internal.JdbcCoordinatorImpl  : Closing JDBC container [org.hibernate.engine.jdbc.internal.JdbcCoordinatorImpl@2a1bd472]
2026-08-31T13:41:47.887-04:00 TRACE 20072 --- [backend] [http-nio-8180-exec-8] o.h.r.j.i.ResourceRegistryStandardImpl   : Releasing JDBC resources
2026-08-31T13:41:47.887-04:00 TRACE 20072 --- [backend] [http-nio-8180-exec-8] o.h.r.j.i.LogicalConnectionManagedImpl   : Closing logical connection
2026-08-31T13:41:47.887-04:00 TRACE 20072 --- [backend] [http-nio-8180-exec-8] o.h.r.j.i.ResourceRegistryStandardImpl   : Releasing JDBC resources
2026-08-31T13:41:47.887-04:00 TRACE 20072 --- [backend] [http-nio-8180-exec-8] o.h.r.j.i.LogicalConnectionManagedImpl   : Logical connection closed
2026-08-31T13:41:47.888-04:00 DEBUG 20072 --- [backend] [http-nio-8180-exec-8] o.s.web.servlet.DispatcherServlet        : Completed 200 OK, headers={masked}
2026-08-31T13:41:55.341-04:00 DEBUG 20072 --- [backend] [http-nio-8180-exec-6] o.s.security.web.FilterChainProxy        : Securing POST /login
2026-08-31T13:41:55.342-04:00 DEBUG 20072 --- [backend] [http-nio-8180-exec-6] o.s.security.web.FilterChainProxy        : Secured POST /login
2026-08-31T13:41:55.342-04:00 TRACE 20072 --- [backend] [http-nio-8180-exec-6] o.s.web.servlet.DispatcherServlet        : POST "/login", parameters={}, headers={masked} in DispatcherServlet 'dispatcherServlet'
2026-08-31T13:41:55.343-04:00 TRACE 20072 --- [backend] [http-nio-8180-exec-6] s.w.s.m.m.a.RequestMappingHandlerMapping : Mapped to com.duoc.backend.LoginController#login(User)
2026-08-31T13:41:55.344-04:00 TRACE 20072 --- [backend] [http-nio-8180-exec-6] .i.SessionFactoryImpl$SessionBuilderImpl : Opening Hibernate Session.  tenant=null
2026-08-31T13:41:55.344-04:00 TRACE 20072 --- [backend] [http-nio-8180-exec-6] org.hibernate.internal.SessionImpl       : Opened Session [5e71da55-b0d3-45a4-96fa-aeccfecca23b] at timestamp: 1788198115344
2026-08-31T13:41:55.344-04:00 TRACE 20072 --- [backend] [http-nio-8180-exec-6] m.m.a.RequestResponseBodyMethodProcessor : Read "application/json;charset=UTF-8" to [com.duoc.backend.user.User@3978abdc]
2026-08-31T13:41:55.345-04:00 TRACE 20072 --- [backend] [http-nio-8180-exec-6] o.s.web.method.HandlerMethod             : Arguments: [com.duoc.backend.user.User@3978abdc]
2026-08-31T13:41:55.345-04:00 TRACE 20072 --- [backend] [http-nio-8180-exec-6] o.h.q.sqm.sql.BaseSqmToSqlAstConverter   : Resolving SqmRoot [com.duoc.backend.user.User] to TableGroup
2026-08-31T13:41:55.346-04:00 TRACE 20072 --- [backend] [http-nio-8180-exec-6] o.h.q.sqm.sql.BaseSqmToSqlAstConverter   : Resolving SqmRoot [com.duoc.backend.user.User] to TableGroup
2026-08-31T13:41:55.346-04:00 DEBUG 20072 --- [backend] [http-nio-8180-exec-6] org.hibernate.orm.sql.ast.create         : Created new SQL alias : u1_0
2026-08-31T13:41:55.346-04:00 TRACE 20072 --- [backend] [http-nio-8180-exec-6] o.h.q.sqm.sql.BaseSqmToSqlAstConverter   : Resolved SqmRoot [com.duoc.backend.user.User] to new TableGroup [StandardTableGroup(com.duoc.backend.user.User(2))]
2026-08-31T13:41:55.346-04:00 DEBUG 20072 --- [backend] [http-nio-8180-exec-6] org.hibernate.orm.sql.ast.create         : Registration of TableGroup [StandardTableGroup(com.duoc.backend.user.User(2))] with identifierForTableGroup [com.duoc.backend.user.User] for NavigablePath [com.duoc.backend.user.User] 
2026-08-31T13:41:55.346-04:00 TRACE 20072 --- [backend] [http-nio-8180-exec-6] o.h.q.sqm.sql.BaseSqmToSqlAstConverter   : Visiting explicit joins for `com.duoc.backend.user.User(2)`
2026-08-31T13:41:55.346-04:00 TRACE 20072 --- [backend] [http-nio-8180-exec-6] o.h.q.sqm.sql.BaseSqmToSqlAstConverter   : SqmRoot [com.duoc.backend.user.User] resolved to existing TableGroup [StandardTableGroup(com.duoc.backend.user.User(2))]
2026-08-31T13:41:55.347-04:00 TRACE 20072 --- [backend] [http-nio-8180-exec-6] o.h.p.entity.AbstractEntityPersister     : #findSubPart(`username`)
2026-08-31T13:41:55.348-04:00 DEBUG 20072 --- [backend] [http-nio-8180-exec-6] o.h.q.sqm.sql.BaseSqmToSqlAstConverter   : Determining mapping-model type for SqmParameter : org.hibernate.query.sqm.tree.expression.SqmJpaCriteriaParameterWrapper@d695eb2
2026-08-31T13:41:55.348-04:00 DEBUG 20072 --- [backend] [http-nio-8180-exec-6] o.h.q.sqm.sql.BaseSqmToSqlAstConverter   : Determining mapping-model type for SqmPath : SqmBasicValuedSimplePath(com.duoc.backend.user.User(2).username) 
2026-08-31T13:41:55.348-04:00 TRACE 20072 --- [backend] [http-nio-8180-exec-6] o.h.p.entity.AbstractEntityPersister     : #findSubPart(`username`)
2026-08-31T13:41:55.348-04:00 DEBUG 20072 --- [backend] [http-nio-8180-exec-6] org.hibernate.orm.results.graph.AST      : DomainResult Graph:
 \-EntityResultImpl [com.duoc.backend.user.User(2)]
 |  +-BasicFetch [com.duoc.backend.user.User(2).email]
 |  +-BasicFetch [com.duoc.backend.user.User(2).enabled]
 |  +-BasicFetch [com.duoc.backend.user.User(2).password]
 |  \-BasicFetch [com.duoc.backend.user.User(2).username]

2026-08-31T13:41:55.348-04:00 TRACE 20072 --- [backend] [http-nio-8180-exec-6] org.hibernate.orm.results.graph.AST      : Stack trace calling DomainResultGraphPrinter

java.lang.Exception: null
	at org.hibernate.sql.results.graph.DomainResultGraphPrinter.visitDomainResults(DomainResultGraphPrinter.java:70) ~[hibernate-core-6.6.11.Final.jar:6.6.11.Final]
	at org.hibernate.sql.results.graph.DomainResultGraphPrinter.logDomainResultGraph(DomainResultGraphPrinter.java:46) ~[hibernate-core-6.6.11.Final.jar:6.6.11.Final]
	at org.hibernate.sql.results.graph.DomainResultGraphPrinter.logDomainResultGraph(DomainResultGraphPrinter.java:37) ~[hibernate-core-6.6.11.Final.jar:6.6.11.Final]
	at org.hibernate.sql.ast.spi.AbstractSqlAstTranslator.translateSelect(AbstractSqlAstTranslator.java:877) ~[hibernate-core-6.6.11.Final.jar:6.6.11.Final]
	at org.hibernate.sql.ast.spi.AbstractSqlAstTranslator.translate(AbstractSqlAstTranslator.java:815) ~[hibernate-core-6.6.11.Final.jar:6.6.11.Final]
	at org.hibernate.query.sqm.internal.ConcreteSqmSelectQueryPlan.buildCacheableSqmInterpretation(ConcreteSqmSelectQueryPlan.java:510) ~[hibernate-core-6.6.11.Final.jar:6.6.11.Final]
	at org.hibernate.query.sqm.internal.ConcreteSqmSelectQueryPlan.withCacheableSqmInterpretation(ConcreteSqmSelectQueryPlan.java:388) ~[hibernate-core-6.6.11.Final.jar:6.6.11.Final]
	at org.hibernate.query.sqm.internal.ConcreteSqmSelectQueryPlan.performList(ConcreteSqmSelectQueryPlan.java:362) ~[hibernate-core-6.6.11.Final.jar:6.6.11.Final]
	at org.hibernate.query.sqm.internal.QuerySqmImpl.doList(QuerySqmImpl.java:380) ~[hibernate-core-6.6.11.Final.jar:6.6.11.Final]
	at org.hibernate.query.spi.AbstractSelectionQuery.list(AbstractSelectionQuery.java:143) ~[hibernate-core-6.6.11.Final.jar:6.6.11.Final]
	at org.hibernate.query.spi.AbstractSelectionQuery.getSingleResult(AbstractSelectionQuery.java:275) ~[hibernate-core-6.6.11.Final.jar:6.6.11.Final]
	at org.springframework.data.jpa.repository.query.JpaQueryExecution$SingleEntityExecution.doExecute(JpaQueryExecution.java:224) ~[spring-data-jpa-3.4.4.jar:3.4.4]
	at org.springframework.data.jpa.repository.query.JpaQueryExecution.execute(JpaQueryExecution.java:93) ~[spring-data-jpa-3.4.4.jar:3.4.4]
	at org.springframework.data.jpa.repository.query.AbstractJpaQuery.doExecute(AbstractJpaQuery.java:152) ~[spring-data-jpa-3.4.4.jar:3.4.4]
	at org.springframework.data.jpa.repository.query.AbstractJpaQuery.execute(AbstractJpaQuery.java:140) ~[spring-data-jpa-3.4.4.jar:3.4.4]
	at org.springframework.data.repository.core.support.RepositoryMethodInvoker.doInvoke(RepositoryMethodInvoker.java:170) ~[spring-data-commons-3.4.4.jar:3.4.4]
	at org.springframework.data.repository.core.support.RepositoryMethodInvoker.invoke(RepositoryMethodInvoker.java:158) ~[spring-data-commons-3.4.4.jar:3.4.4]
	at org.springframework.data.repository.core.support.QueryExecutorMethodInterceptor.doInvoke(QueryExecutorMethodInterceptor.java:170) ~[spring-data-commons-3.4.4.jar:3.4.4]
	at org.springframework.data.repository.core.support.QueryExecutorMethodInterceptor.invoke(QueryExecutorMethodInterceptor.java:149) ~[spring-data-commons-3.4.4.jar:3.4.4]
	at org.springframework.aop.framework.ReflectiveMethodInvocation.proceed(ReflectiveMethodInvocation.java:184) ~[spring-aop-6.2.5.jar:6.2.5]
	at org.springframework.transaction.interceptor.TransactionAspectSupport.invokeWithinTransaction(TransactionAspectSupport.java:380) ~[spring-tx-6.2.5.jar:6.2.5]
	at org.springframework.transaction.interceptor.TransactionInterceptor.invoke(TransactionInterceptor.java:119) ~[spring-tx-6.2.5.jar:6.2.5]
	at org.springframework.aop.framework.ReflectiveMethodInvocation.proceed(ReflectiveMethodInvocation.java:184) ~[spring-aop-6.2.5.jar:6.2.5]
	at org.springframework.dao.support.PersistenceExceptionTranslationInterceptor.invoke(PersistenceExceptionTranslationInterceptor.java:138) ~[spring-tx-6.2.5.jar:6.2.5]
	at org.springframework.aop.framework.ReflectiveMethodInvocation.proceed(ReflectiveMethodInvocation.java:184) ~[spring-aop-6.2.5.jar:6.2.5]
	at org.springframework.data.jpa.repository.support.CrudMethodMetadataPostProcessor$CrudMethodMetadataPopulatingMethodInterceptor.invoke(CrudMethodMetadataPostProcessor.java:136) ~[spring-data-jpa-3.4.4.jar:3.4.4]
	at org.springframework.aop.framework.ReflectiveMethodInvocation.proceed(ReflectiveMethodInvocation.java:184) ~[spring-aop-6.2.5.jar:6.2.5]
	at org.springframework.aop.framework.JdkDynamicAopProxy.invoke(JdkDynamicAopProxy.java:223) ~[spring-aop-6.2.5.jar:6.2.5]
	at jdk.proxy2/jdk.proxy2.$Proxy127.findByUsername(Unknown Source) ~[na:na]
	at com.duoc.backend.user.MyUserDetailsService.loadUserByUsername(MyUserDetailsService.java:30) ~[classes/:na]
	at com.duoc.backend.LoginController.login(LoginController.java:29) ~[classes/:na]
	at java.base/jdk.internal.reflect.NativeMethodAccessorImpl.invoke0(Native Method) ~[na:na]
	at java.base/jdk.internal.reflect.NativeMethodAccessorImpl.invoke(NativeMethodAccessorImpl.java:77) ~[na:na]
	at java.base/jdk.internal.reflect.DelegatingMethodAccessorImpl.invoke(DelegatingMethodAccessorImpl.java:43) ~[na:na]
	at java.base/java.lang.reflect.Method.invoke(Method.java:568) ~[na:na]
	at org.springframework.web.method.support.InvocableHandlerMethod.doInvoke(InvocableHandlerMethod.java:258) ~[spring-web-6.2.5.jar:6.2.5]
	at org.springframework.web.method.support.InvocableHandlerMethod.invokeForRequest(InvocableHandlerMethod.java:191) ~[spring-web-6.2.5.jar:6.2.5]
	at org.springframework.web.servlet.mvc.method.annotation.ServletInvocableHandlerMethod.invokeAndHandle(ServletInvocableHandlerMethod.java:118) ~[spring-webmvc-6.2.5.jar:6.2.5]
	at org.springframework.web.servlet.mvc.method.annotation.RequestMappingHandlerAdapter.invokeHandlerMethod(RequestMappingHandlerAdapter.java:986) ~[spring-webmvc-6.2.5.jar:6.2.5]
	at org.springframework.web.servlet.mvc.method.annotation.RequestMappingHandlerAdapter.handleInternal(RequestMappingHandlerAdapter.java:891) ~[spring-webmvc-6.2.5.jar:6.2.5]
	at org.springframework.web.servlet.mvc.method.AbstractHandlerMethodAdapter.handle(AbstractHandlerMethodAdapter.java:87) ~[spring-webmvc-6.2.5.jar:6.2.5]
	at org.springframework.web.servlet.DispatcherServlet.doDispatch(DispatcherServlet.java:1089) ~[spring-webmvc-6.2.5.jar:6.2.5]
	at org.springframework.web.servlet.DispatcherServlet.doService(DispatcherServlet.java:979) ~[spring-webmvc-6.2.5.jar:6.2.5]
	at org.springframework.web.servlet.FrameworkServlet.processRequest(FrameworkServlet.java:1014) ~[spring-webmvc-6.2.5.jar:6.2.5]
	at org.springframework.web.servlet.FrameworkServlet.doPost(FrameworkServlet.java:914) ~[spring-webmvc-6.2.5.jar:6.2.5]
	at jakarta.servlet.http.HttpServlet.service(HttpServlet.java:590) ~[tomcat-embed-core-10.1.39.jar:6.0]
	at org.springframework.web.servlet.FrameworkServlet.service(FrameworkServlet.java:885) ~[spring-webmvc-6.2.5.jar:6.2.5]
	at jakarta.servlet.http.HttpServlet.service(HttpServlet.java:658) ~[tomcat-embed-core-10.1.39.jar:6.0]
	at org.apache.catalina.core.ApplicationFilterChain.internalDoFilter(ApplicationFilterChain.java:195) ~[tomcat-embed-core-10.1.39.jar:10.1.39]
	at org.apache.catalina.core.ApplicationFilterChain.doFilter(ApplicationFilterChain.java:140) ~[tomcat-embed-core-10.1.39.jar:10.1.39]
	at org.apache.tomcat.websocket.server.WsFilter.doFilter(WsFilter.java:51) ~[tomcat-embed-websocket-10.1.39.jar:10.1.39]
	at org.apache.catalina.core.ApplicationFilterChain.internalDoFilter(ApplicationFilterChain.java:164) ~[tomcat-embed-core-10.1.39.jar:10.1.39]
	at org.apache.catalina.core.ApplicationFilterChain.doFilter(ApplicationFilterChain.java:140) ~[tomcat-embed-core-10.1.39.jar:10.1.39]
	at org.springframework.web.filter.OncePerRequestFilter.doFilter(OncePerRequestFilter.java:110) ~[spring-web-6.2.5.jar:6.2.5]
	at org.apache.catalina.core.ApplicationFilterChain.internalDoFilter(ApplicationFilterChain.java:164) ~[tomcat-embed-core-10.1.39.jar:10.1.39]
	at org.apache.catalina.core.ApplicationFilterChain.doFilter(ApplicationFilterChain.java:140) ~[tomcat-embed-core-10.1.39.jar:10.1.39]
	at org.springframework.web.filter.CompositeFilter$VirtualFilterChain.doFilter(CompositeFilter.java:108) ~[spring-web-6.2.5.jar:6.2.5]
	at org.springframework.security.web.FilterChainProxy.lambda$doFilterInternal$3(FilterChainProxy.java:231) ~[spring-security-web-6.4.4.jar:6.4.4]
	at org.springframework.security.web.FilterChainProxy$VirtualFilterChain.doFilter(FilterChainProxy.java:365) ~[spring-security-web-6.4.4.jar:6.4.4]
	at org.springframework.security.web.access.intercept.AuthorizationFilter.doFilter(AuthorizationFilter.java:101) ~[spring-security-web-6.4.4.jar:6.4.4]
	at org.springframework.security.web.FilterChainProxy$VirtualFilterChain.doFilter(FilterChainProxy.java:374) ~[spring-security-web-6.4.4.jar:6.4.4]
	at org.springframework.security.web.access.ExceptionTranslationFilter.doFilter(ExceptionTranslationFilter.java:126) ~[spring-security-web-6.4.4.jar:6.4.4]
	at org.springframework.security.web.access.ExceptionTranslationFilter.doFilter(ExceptionTranslationFilter.java:120) ~[spring-security-web-6.4.4.jar:6.4.4]
	at org.springframework.security.web.FilterChainProxy$VirtualFilterChain.doFilter(FilterChainProxy.java:374) ~[spring-security-web-6.4.4.jar:6.4.4]
	at org.springframework.security.web.authentication.AnonymousAuthenticationFilter.doFilter(AnonymousAuthenticationFilter.java:100) ~[spring-security-web-6.4.4.jar:6.4.4]
	at org.springframework.security.web.FilterChainProxy$VirtualFilterChain.doFilter(FilterChainProxy.java:374) ~[spring-security-web-6.4.4.jar:6.4.4]
	at org.springframework.security.web.servletapi.SecurityContextHolderAwareRequestFilter.doFilter(SecurityContextHolderAwareRequestFilter.java:179) ~[spring-security-web-6.4.4.jar:6.4.4]
	at org.springframework.security.web.FilterChainProxy$VirtualFilterChain.doFilter(FilterChainProxy.java:374) ~[spring-security-web-6.4.4.jar:6.4.4]
	at org.springframework.security.web.savedrequest.RequestCacheAwareFilter.doFilter(RequestCacheAwareFilter.java:63) ~[spring-security-web-6.4.4.jar:6.4.4]
	at org.springframework.security.web.FilterChainProxy$VirtualFilterChain.doFilter(FilterChainProxy.java:374) ~[spring-security-web-6.4.4.jar:6.4.4]
	at com.duoc.backend.JWTAuthorizationFilter.doFilterInternal(JWTAuthorizationFilter.java:70) ~[classes/:na]
	at org.springframework.web.filter.OncePerRequestFilter.doFilter(OncePerRequestFilter.java:116) ~[spring-web-6.2.5.jar:6.2.5]
	at org.springframework.security.web.FilterChainProxy$VirtualFilterChain.doFilter(FilterChainProxy.java:374) ~[spring-security-web-6.4.4.jar:6.4.4]
	at org.springframework.security.web.authentication.logout.LogoutFilter.doFilter(LogoutFilter.java:107) ~[spring-security-web-6.4.4.jar:6.4.4]
	at org.springframework.security.web.authentication.logout.LogoutFilter.doFilter(LogoutFilter.java:93) ~[spring-security-web-6.4.4.jar:6.4.4]
	at org.springframework.security.web.FilterChainProxy$VirtualFilterChain.doFilter(FilterChainProxy.java:374) ~[spring-security-web-6.4.4.jar:6.4.4]
	at org.springframework.security.web.header.HeaderWriterFilter.doHeadersAfter(HeaderWriterFilter.java:90) ~[spring-security-web-6.4.4.jar:6.4.4]
	at org.springframework.security.web.header.HeaderWriterFilter.doFilterInternal(HeaderWriterFilter.java:75) ~[spring-security-web-6.4.4.jar:6.4.4]
	at org.springframework.web.filter.OncePerRequestFilter.doFilter(OncePerRequestFilter.java:116) ~[spring-web-6.2.5.jar:6.2.5]
	at org.springframework.security.web.FilterChainProxy$VirtualFilterChain.doFilter(FilterChainProxy.java:374) ~[spring-security-web-6.4.4.jar:6.4.4]
	at org.springframework.security.web.context.SecurityContextHolderFilter.doFilter(SecurityContextHolderFilter.java:82) ~[spring-security-web-6.4.4.jar:6.4.4]
	at org.springframework.security.web.context.SecurityContextHolderFilter.doFilter(SecurityContextHolderFilter.java:69) ~[spring-security-web-6.4.4.jar:6.4.4]
	at org.springframework.security.web.FilterChainProxy$VirtualFilterChain.doFilter(FilterChainProxy.java:374) ~[spring-security-web-6.4.4.jar:6.4.4]
	at org.springframework.security.web.context.request.async.WebAsyncManagerIntegrationFilter.doFilterInternal(WebAsyncManagerIntegrationFilter.java:62) ~[spring-security-web-6.4.4.jar:6.4.4]
	at org.springframework.web.filter.OncePerRequestFilter.doFilter(OncePerRequestFilter.java:116) ~[spring-web-6.2.5.jar:6.2.5]
	at org.springframework.security.web.FilterChainProxy$VirtualFilterChain.doFilter(FilterChainProxy.java:374) ~[spring-security-web-6.4.4.jar:6.4.4]
	at org.springframework.security.web.session.DisableEncodeUrlFilter.doFilterInternal(DisableEncodeUrlFilter.java:42) ~[spring-security-web-6.4.4.jar:6.4.4]
	at org.springframework.web.filter.OncePerRequestFilter.doFilter(OncePerRequestFilter.java:116) ~[spring-web-6.2.5.jar:6.2.5]
	at org.springframework.security.web.FilterChainProxy$VirtualFilterChain.doFilter(FilterChainProxy.java:374) ~[spring-security-web-6.4.4.jar:6.4.4]
	at org.springframework.security.web.FilterChainProxy.doFilterInternal(FilterChainProxy.java:233) ~[spring-security-web-6.4.4.jar:6.4.4]
	at org.springframework.security.web.FilterChainProxy.doFilter(FilterChainProxy.java:191) ~[spring-security-web-6.4.4.jar:6.4.4]
	at org.springframework.web.filter.CompositeFilter$VirtualFilterChain.doFilter(CompositeFilter.java:113) ~[spring-web-6.2.5.jar:6.2.5]
	at org.springframework.web.servlet.handler.HandlerMappingIntrospector.lambda$createCacheFilter$3(HandlerMappingIntrospector.java:243) ~[spring-webmvc-6.2.5.jar:6.2.5]
	at org.springframework.web.filter.CompositeFilter$VirtualFilterChain.doFilter(CompositeFilter.java:113) ~[spring-web-6.2.5.jar:6.2.5]
	at org.springframework.web.filter.CompositeFilter.doFilter(CompositeFilter.java:74) ~[spring-web-6.2.5.jar:6.2.5]
	at org.springframework.security.config.annotation.web.configuration.WebMvcSecurityConfiguration$CompositeFilterChainProxy.doFilter(WebMvcSecurityConfiguration.java:238) ~[spring-security-config-6.4.4.jar:6.4.4]
	at org.springframework.web.filter.DelegatingFilterProxy.invokeDelegate(DelegatingFilterProxy.java:362) ~[spring-web-6.2.5.jar:6.2.5]
	at org.springframework.web.filter.DelegatingFilterProxy.doFilter(DelegatingFilterProxy.java:278) ~[spring-web-6.2.5.jar:6.2.5]
	at org.apache.catalina.core.ApplicationFilterChain.internalDoFilter(ApplicationFilterChain.java:164) ~[tomcat-embed-core-10.1.39.jar:10.1.39]
	at org.apache.catalina.core.ApplicationFilterChain.doFilter(ApplicationFilterChain.java:140) ~[tomcat-embed-core-10.1.39.jar:10.1.39]
	at org.springframework.web.filter.RequestContextFilter.doFilterInternal(RequestContextFilter.java:100) ~[spring-web-6.2.5.jar:6.2.5]
	at org.springframework.web.filter.OncePerRequestFilter.doFilter(OncePerRequestFilter.java:116) ~[spring-web-6.2.5.jar:6.2.5]
	at org.apache.catalina.core.ApplicationFilterChain.internalDoFilter(ApplicationFilterChain.java:164) ~[tomcat-embed-core-10.1.39.jar:10.1.39]
	at org.apache.catalina.core.ApplicationFilterChain.doFilter(ApplicationFilterChain.java:140) ~[tomcat-embed-core-10.1.39.jar:10.1.39]
	at org.springframework.web.filter.FormContentFilter.doFilterInternal(FormContentFilter.java:93) ~[spring-web-6.2.5.jar:6.2.5]
	at org.springframework.web.filter.OncePerRequestFilter.doFilter(OncePerRequestFilter.java:116) ~[spring-web-6.2.5.jar:6.2.5]
	at org.apache.catalina.core.ApplicationFilterChain.internalDoFilter(ApplicationFilterChain.java:164) ~[tomcat-embed-core-10.1.39.jar:10.1.39]
	at org.apache.catalina.core.ApplicationFilterChain.doFilter(ApplicationFilterChain.java:140) ~[tomcat-embed-core-10.1.39.jar:10.1.39]
	at org.springframework.web.filter.CharacterEncodingFilter.doFilterInternal(CharacterEncodingFilter.java:201) ~[spring-web-6.2.5.jar:6.2.5]
	at org.springframework.web.filter.OncePerRequestFilter.doFilter(OncePerRequestFilter.java:116) ~[spring-web-6.2.5.jar:6.2.5]
	at org.apache.catalina.core.ApplicationFilterChain.internalDoFilter(ApplicationFilterChain.java:164) ~[tomcat-embed-core-10.1.39.jar:10.1.39]
	at org.apache.catalina.core.ApplicationFilterChain.doFilter(ApplicationFilterChain.java:140) ~[tomcat-embed-core-10.1.39.jar:10.1.39]
	at org.apache.catalina.core.StandardWrapperValve.invoke(StandardWrapperValve.java:167) ~[tomcat-embed-core-10.1.39.jar:10.1.39]
	at org.apache.catalina.core.StandardContextValve.invoke(StandardContextValve.java:90) ~[tomcat-embed-core-10.1.39.jar:10.1.39]
	at org.apache.catalina.authenticator.AuthenticatorBase.invoke(AuthenticatorBase.java:483) ~[tomcat-embed-core-10.1.39.jar:10.1.39]
	at org.apache.catalina.core.StandardHostValve.invoke(StandardHostValve.java:115) ~[tomcat-embed-core-10.1.39.jar:10.1.39]
	at org.apache.catalina.valves.ErrorReportValve.invoke(ErrorReportValve.java:93) ~[tomcat-embed-core-10.1.39.jar:10.1.39]
	at org.apache.catalina.core.StandardEngineValve.invoke(StandardEngineValve.java:74) ~[tomcat-embed-core-10.1.39.jar:10.1.39]
	at org.apache.catalina.connector.CoyoteAdapter.service(CoyoteAdapter.java:344) ~[tomcat-embed-core-10.1.39.jar:10.1.39]
	at org.apache.coyote.http11.Http11Processor.service(Http11Processor.java:397) ~[tomcat-embed-core-10.1.39.jar:10.1.39]
	at org.apache.coyote.AbstractProcessorLight.process(AbstractProcessorLight.java:63) ~[tomcat-embed-core-10.1.39.jar:10.1.39]
	at org.apache.coyote.AbstractProtocol$ConnectionHandler.process(AbstractProtocol.java:905) ~[tomcat-embed-core-10.1.39.jar:10.1.39]
	at org.apache.tomcat.util.net.NioEndpoint$SocketProcessor.doRun(NioEndpoint.java:1743) ~[tomcat-embed-core-10.1.39.jar:10.1.39]
	at org.apache.tomcat.util.net.SocketProcessorBase.run(SocketProcessorBase.java:52) ~[tomcat-embed-core-10.1.39.jar:10.1.39]
	at org.apache.tomcat.util.threads.ThreadPoolExecutor.runWorker(ThreadPoolExecutor.java:1190) ~[tomcat-embed-core-10.1.39.jar:10.1.39]
	at org.apache.tomcat.util.threads.ThreadPoolExecutor$Worker.run(ThreadPoolExecutor.java:659) ~[tomcat-embed-core-10.1.39.jar:10.1.39]
	at org.apache.tomcat.util.threads.TaskThread$WrappingRunnable.run(TaskThread.java:63) ~[tomcat-embed-core-10.1.39.jar:10.1.39]
	at java.base/java.lang.Thread.run(Thread.java:842) ~[na:na]

2026-08-31T13:41:55.365-04:00 DEBUG 20072 --- [backend] [http-nio-8180-exec-6] org.hibernate.orm.sql.ast.tree           : SQL AST Tree:
    SelectStatement {
      FromClause {
        StandardTableGroup (u1 : com.duoc.backend.user.User(2)) {
          primaryTableReference : user as u1_0
        }
      }
    }

2026-08-31T13:41:55.366-04:00 DEBUG 20072 --- [backend] [http-nio-8180-exec-6] org.hibernate.orm.sql.exec               : Skipping reading Query result cache data: cache-enabled = false, cache-mode = NORMAL
2026-08-31T13:41:55.366-04:00 TRACE 20072 --- [backend] [http-nio-8180-exec-6] o.h.s.r.j.i.DeferredResultSetAccess      : Executing query to retrieve ResultSet : select u1_0.id,u1_0.email,u1_0.enabled,u1_0.password,u1_0.username from user u1_0 where u1_0.username=?
2026-08-31T13:41:55.367-04:00 DEBUG 20072 --- [backend] [http-nio-8180-exec-6] org.hibernate.SQL                        : select u1_0.id,u1_0.email,u1_0.enabled,u1_0.password,u1_0.username from user u1_0 where u1_0.username=?
2026-08-31T13:41:55.368-04:00 TRACE 20072 --- [backend] [http-nio-8180-exec-6] o.h.r.j.i.ResourceRegistryStandardImpl   : Registering statement [HikariProxyPreparedStatement@1167339358 wrapping com.mysql.cj.jdbc.ClientPreparedStatement: select u1_0.id,u1_0.email,u1_0.enabled,u1_0.password,u1_0.username from user u1_0 where u1_0.username=** NOT SPECIFIED **]
2026-08-31T13:41:55.368-04:00 TRACE 20072 --- [backend] [http-nio-8180-exec-6] o.h.e.jdbc.internal.JdbcCoordinatorImpl  : Registering last query statement [HikariProxyPreparedStatement@1167339358 wrapping com.mysql.cj.jdbc.ClientPreparedStatement: select u1_0.id,u1_0.email,u1_0.enabled,u1_0.password,u1_0.username from user u1_0 where u1_0.username=** NOT SPECIFIED **]
2026-08-31T13:41:55.368-04:00 TRACE 20072 --- [backend] [http-nio-8180-exec-6] org.hibernate.orm.jdbc.bind              : binding parameter (1:VARCHAR) <- [usuario3]
2026-08-31T13:41:55.373-04:00 TRACE 20072 --- [backend] [http-nio-8180-exec-6] o.h.r.j.i.ResourceRegistryStandardImpl   : Registering result set [HikariProxyResultSet@1293138229 wrapping com.mysql.cj.jdbc.result.ResultSetImpl@1ba92346]
2026-08-31T13:41:55.374-04:00 TRACE 20072 --- [backend] [http-nio-8180-exec-6] org.hibernate.orm.results                : Registering initializer : EntityJoinedFetchInitializer(com.duoc.backend.user.User(2))
2026-08-31T13:41:55.375-04:00 DEBUG 20072 --- [backend] [http-nio-8180-exec-6] org.hibernate.orm.results                : Initializer list:
	  com.duoc.backend.user.User(2) -> EntityJoinedFetchInitializer(com.duoc.backend.user.User(2))@1660199405 (SingleTableEntityPersister(com.duoc.backend.user.User))

2026-08-31T13:41:55.375-04:00 TRACE 20072 --- [backend] [http-nio-8180-exec-6] org.hibernate.orm.jdbc.extract           : extracted value (1:INTEGER) -> [3]
2026-08-31T13:41:55.376-04:00 TRACE 20072 --- [backend] [http-nio-8180-exec-6] org.hibernate.orm.jdbc.extract           : extracted value (2:VARCHAR) -> [usuario3@correo.cl]
2026-08-31T13:41:55.376-04:00 TRACE 20072 --- [backend] [http-nio-8180-exec-6] org.hibernate.orm.jdbc.extract           : extracted value (3:BOOLEAN) -> [true]
2026-08-31T13:41:55.376-04:00 TRACE 20072 --- [backend] [http-nio-8180-exec-6] org.hibernate.orm.jdbc.extract           : extracted value (4:VARCHAR) -> [123456]
2026-08-31T13:41:55.376-04:00 TRACE 20072 --- [backend] [http-nio-8180-exec-6] org.hibernate.orm.jdbc.extract           : extracted value (5:VARCHAR) -> [usuario3]
2026-08-31T13:41:55.376-04:00 TRACE 20072 --- [backend] [http-nio-8180-exec-6] o.h.r.j.i.ResourceRegistryStandardImpl   : Releasing result set [HikariProxyResultSet@1293138229 wrapping com.mysql.cj.jdbc.result.ResultSetImpl@1ba92346]
2026-08-31T13:41:55.376-04:00 TRACE 20072 --- [backend] [http-nio-8180-exec-6] o.h.r.j.i.ResourceRegistryStandardImpl   : Closing result set [HikariProxyResultSet@1293138229 wrapping com.mysql.cj.jdbc.result.ResultSetImpl@1ba92346]
2026-08-31T13:41:55.377-04:00 TRACE 20072 --- [backend] [http-nio-8180-exec-6] o.h.r.j.i.ResourceRegistryStandardImpl   : Releasing statement [HikariProxyPreparedStatement@1167339358 wrapping com.mysql.cj.jdbc.ClientPreparedStatement: select u1_0.id,u1_0.email,u1_0.enabled,u1_0.password,u1_0.username from user u1_0 where u1_0.username='usuario3']
2026-08-31T13:41:55.377-04:00 TRACE 20072 --- [backend] [http-nio-8180-exec-6] o.h.r.j.i.ResourceRegistryStandardImpl   : Closing prepared statement [HikariProxyPreparedStatement@1167339358 wrapping com.mysql.cj.jdbc.ClientPreparedStatement: select u1_0.id,u1_0.email,u1_0.enabled,u1_0.password,u1_0.username from user u1_0 where u1_0.username='usuario3']
2026-08-31T13:41:55.377-04:00 TRACE 20072 --- [backend] [http-nio-8180-exec-6] j.i.AbstractLogicalConnectionImplementor : LogicalConnection#afterStatement
2026-08-31T13:41:55.377-04:00 TRACE 20072 --- [backend] [http-nio-8180-exec-6] o.h.e.i.StatefulPersistenceContext       : Initializing non-lazy collections
2026-08-31T13:41:55.377-04:00 TRACE 20072 --- [backend] [http-nio-8180-exec-6] j.i.AbstractLogicalConnectionImplementor : LogicalConnection#afterTransaction
2026-08-31T13:41:55.377-04:00 TRACE 20072 --- [backend] [http-nio-8180-exec-6] o.h.r.j.i.ResourceRegistryStandardImpl   : Releasing JDBC resources
2026-08-31T13:41:55.379-04:00 DEBUG 20072 --- [backend] [http-nio-8180-exec-6] m.m.a.RequestResponseBodyMethodProcessor : Using 'text/plain', given [*/*] and supported [text/plain, */*, application/json, application/*+json]
2026-08-31T13:41:55.379-04:00 TRACE 20072 --- [backend] [http-nio-8180-exec-6] m.m.a.RequestResponseBodyMethodProcessor : Writing ["Bearer eyJhbGciOiJIUzUxMiJ9.eyJhdXRob3JpdGllcyI6WyJST0xFX1VTRVIiXSwic3ViIjoidXN1YXJpbzMiLCJpYXQiOjE3ODgxOTgxMTUsImV4cCI6MTc4ODI4NDUxNX0.6nhup_2EF8H5YC6maOkk4b_OC99GDSKzYellkBI_1iwPRXMQWEmMOY3avDuQe20XmwT5d_xhMSYl6V7odlq3mw"]
2026-08-31T13:41:55.380-04:00 TRACE 20072 --- [backend] [http-nio-8180-exec-6] o.s.web.servlet.DispatcherServlet        : No view rendering, null ModelAndView returned.
2026-08-31T13:41:55.381-04:00 TRACE 20072 --- [backend] [http-nio-8180-exec-6] org.hibernate.internal.SessionImpl       : Closing session [5e71da55-b0d3-45a4-96fa-aeccfecca23b]
2026-08-31T13:41:55.381-04:00 TRACE 20072 --- [backend] [http-nio-8180-exec-6] o.h.e.jdbc.internal.JdbcCoordinatorImpl  : Closing JDBC container [org.hibernate.engine.jdbc.internal.JdbcCoordinatorImpl@56f457d9]
2026-08-31T13:41:55.381-04:00 TRACE 20072 --- [backend] [http-nio-8180-exec-6] o.h.r.j.i.ResourceRegistryStandardImpl   : Releasing JDBC resources
2026-08-31T13:41:55.381-04:00 TRACE 20072 --- [backend] [http-nio-8180-exec-6] o.h.r.j.i.LogicalConnectionManagedImpl   : Closing logical connection
2026-08-31T13:41:55.382-04:00 TRACE 20072 --- [backend] [http-nio-8180-exec-6] o.h.r.j.i.ResourceRegistryStandardImpl   : Releasing JDBC resources
2026-08-31T13:41:55.383-04:00 TRACE 20072 --- [backend] [http-nio-8180-exec-6] o.h.r.j.i.LogicalConnectionManagedImpl   : Logical connection closed
2026-08-31T13:41:55.383-04:00 DEBUG 20072 --- [backend] [http-nio-8180-exec-6] o.s.web.servlet.DispatcherServlet        : Completed 200 OK, headers={masked}
2026-08-31T13:42:12.903-04:00 DEBUG 20072 --- [backend] [HikariPool-1 housekeeper] com.zaxxer.hikari.pool.HikariPool        : HikariPool-1 - Pool stats (total=10, active=0, idle=10, waiting=0)
2026-08-31T13:42:12.903-04:00 DEBUG 20072 --- [backend] [HikariPool-1 housekeeper] com.zaxxer.hikari.pool.HikariPool        : HikariPool-1 - Fill pool skipped, pool has sufficient level or currently being filled.
2026-08-31T13:42:24.270-04:00 DEBUG 20072 --- [backend] [http-nio-8180-exec-2] o.s.security.web.FilterChainProxy        : Securing POST /patient
2026-08-31T13:42:24.279-04:00 DEBUG 20072 --- [backend] [http-nio-8180-exec-2] o.s.security.web.FilterChainProxy        : Secured POST /patient
2026-08-31T13:42:24.279-04:00 TRACE 20072 --- [backend] [http-nio-8180-exec-2] o.s.web.servlet.DispatcherServlet        : POST "/patient", parameters={}, headers={masked} in DispatcherServlet 'dispatcherServlet'
2026-08-31T13:42:24.280-04:00 TRACE 20072 --- [backend] [http-nio-8180-exec-2] s.w.s.m.m.a.RequestMappingHandlerMapping : Mapped to com.duoc.backend.patient.PatientController#savePatient(Patient)
2026-08-31T13:42:24.280-04:00 TRACE 20072 --- [backend] [http-nio-8180-exec-2] .i.SessionFactoryImpl$SessionBuilderImpl : Opening Hibernate Session.  tenant=null
2026-08-31T13:42:24.280-04:00 TRACE 20072 --- [backend] [http-nio-8180-exec-2] org.hibernate.internal.SessionImpl       : Opened Session [30061423-96d1-4cd7-8f75-4af22c739cf6] at timestamp: 1788198144280
2026-08-31T13:42:24.286-04:00 TRACE 20072 --- [backend] [http-nio-8180-exec-2] m.m.a.RequestResponseBodyMethodProcessor : Read "application/json;charset=UTF-8" to [com.duoc.backend.patient.Patient@65d96652]
2026-08-31T13:42:24.286-04:00 TRACE 20072 --- [backend] [http-nio-8180-exec-2] o.s.web.method.HandlerMethod             : Arguments: [com.duoc.backend.patient.Patient@65d96652]
2026-08-31T13:42:24.287-04:00 DEBUG 20072 --- [backend] [http-nio-8180-exec-2] o.h.e.t.internal.TransactionImpl         : On TransactionImpl creation, JpaCompliance#isJpaTransactionComplianceEnabled == false
2026-08-31T13:42:24.287-04:00 DEBUG 20072 --- [backend] [http-nio-8180-exec-2] o.h.e.t.internal.TransactionImpl         : begin
2026-08-31T13:42:24.288-04:00 TRACE 20072 --- [backend] [http-nio-8180-exec-2] j.i.AbstractLogicalConnectionImplementor : Preparing to begin transaction via JDBC Connection.setAutoCommit(false)
2026-08-31T13:42:24.290-04:00 TRACE 20072 --- [backend] [http-nio-8180-exec-2] j.i.AbstractLogicalConnectionImplementor : Transaction begun via JDBC Connection.setAutoCommit(false)
2026-08-31T13:42:24.290-04:00 TRACE 20072 --- [backend] [http-nio-8180-exec-2] cResourceLocalTransactionCoordinatorImpl : ResourceLocalTransactionCoordinatorImpl#afterBeginCallback
2026-08-31T13:42:24.292-04:00 DEBUG 20072 --- [backend] [http-nio-8180-exec-2] o.h.j.internal.PersistenceUnitUtilImpl   : jakarta.persistence.PersistenceUnitUtil.getIdentifier is only intended to work with enhanced entities (although Hibernate also adapts this support to its proxies); however the passed entity was not enhanced (nor a proxy).. may not be able to read identifier
2026-08-31T13:42:24.299-04:00 TRACE 20072 --- [backend] [http-nio-8180-exec-2] o.hibernate.event.internal.EntityState   : Transient instance of: com.duoc.backend.patient.Patient
2026-08-31T13:42:24.299-04:00 TRACE 20072 --- [backend] [http-nio-8180-exec-2] o.h.e.i.DefaultPersistEventListener      : Saving transient instance
2026-08-31T13:42:24.303-04:00 DEBUG 20072 --- [backend] [http-nio-8180-exec-2] o.h.e.i.AbstractSaveEventListener        : Generated identifier: 4, using strategy: org.hibernate.id.enhanced.SequenceStyleGenerator
2026-08-31T13:42:24.303-04:00 TRACE 20072 --- [backend] [http-nio-8180-exec-2] o.h.e.i.AbstractSaveEventListener        : Saving [com.duoc.backend.patient.Patient#4]
2026-08-31T13:42:24.304-04:00 TRACE 20072 --- [backend] [http-nio-8180-exec-2] org.hibernate.engine.spi.ActionQueue     : Adding an EntityInsertAction for [com.duoc.backend.patient.Patient] object
2026-08-31T13:42:24.304-04:00 TRACE 20072 --- [backend] [http-nio-8180-exec-2] org.hibernate.engine.spi.ActionQueue     : Adding insert with no non-nullable, transient entities: [EntityInsertAction[com.duoc.backend.patient.Patient#4]]
2026-08-31T13:42:24.304-04:00 TRACE 20072 --- [backend] [http-nio-8180-exec-2] org.hibernate.engine.spi.ActionQueue     : Adding resolved non-early insert action.
2026-08-31T13:42:24.305-04:00 DEBUG 20072 --- [backend] [http-nio-8180-exec-2] o.h.e.t.internal.TransactionImpl         : committing
2026-08-31T13:42:24.306-04:00 TRACE 20072 --- [backend] [http-nio-8180-exec-2] cResourceLocalTransactionCoordinatorImpl : ResourceLocalTransactionCoordinatorImpl#beforeCompletionCallback
2026-08-31T13:42:24.306-04:00 TRACE 20072 --- [backend] [http-nio-8180-exec-2] org.hibernate.internal.SessionImpl       : SessionImpl#beforeTransactionCompletion()
2026-08-31T13:42:24.306-04:00 TRACE 20072 --- [backend] [http-nio-8180-exec-2] org.hibernate.internal.SessionImpl       : Automatically flushing session
2026-08-31T13:42:24.307-04:00 TRACE 20072 --- [backend] [http-nio-8180-exec-2] o.h.e.i.AbstractFlushingEventListener    : Flushing session
2026-08-31T13:42:24.307-04:00 DEBUG 20072 --- [backend] [http-nio-8180-exec-2] o.h.e.i.AbstractFlushingEventListener    : Processing flush-time cascades
2026-08-31T13:42:24.308-04:00 TRACE 20072 --- [backend] [http-nio-8180-exec-2] org.hibernate.engine.internal.Cascade    : Processing cascade ACTION_CHECK_ON_FLUSH for: com.duoc.backend.patient.Patient
2026-08-31T13:42:24.308-04:00 TRACE 20072 --- [backend] [http-nio-8180-exec-2] org.hibernate.engine.internal.Cascade    : Done processing cascade ACTION_CHECK_ON_FLUSH for: com.duoc.backend.patient.Patient
2026-08-31T13:42:24.308-04:00 DEBUG 20072 --- [backend] [http-nio-8180-exec-2] o.h.e.i.AbstractFlushingEventListener    : Dirty checking collections
2026-08-31T13:42:24.308-04:00 TRACE 20072 --- [backend] [http-nio-8180-exec-2] o.h.e.i.AbstractFlushingEventListener    : Flushing entities and processing referenced collections
2026-08-31T13:42:24.310-04:00 TRACE 20072 --- [backend] [http-nio-8180-exec-2] o.h.e.i.AbstractFlushingEventListener    : Processing unreferenced collections
2026-08-31T13:42:24.311-04:00 TRACE 20072 --- [backend] [http-nio-8180-exec-2] o.h.e.i.AbstractFlushingEventListener    : Scheduling collection removes/(re)creates/updates
2026-08-31T13:42:24.311-04:00 DEBUG 20072 --- [backend] [http-nio-8180-exec-2] o.h.e.i.AbstractFlushingEventListener    : Flushed: 1 insertions, 0 updates, 0 deletions to 1 objects
2026-08-31T13:42:24.312-04:00 DEBUG 20072 --- [backend] [http-nio-8180-exec-2] o.h.e.i.AbstractFlushingEventListener    : Flushed: 0 (re)creations, 0 updates, 0 removals to 0 collections
2026-08-31T13:42:24.312-04:00 DEBUG 20072 --- [backend] [http-nio-8180-exec-2] o.hibernate.internal.util.EntityPrinter  : Listing entities:
2026-08-31T13:42:24.312-04:00 DEBUG 20072 --- [backend] [http-nio-8180-exec-2] o.hibernate.internal.util.EntityPrinter  : com.duoc.backend.patient.Patient{owner=Ana Pérez, species=Perro, name=Luna, id=4, age=3, breed=Labrador}
2026-08-31T13:42:24.312-04:00 TRACE 20072 --- [backend] [http-nio-8180-exec-2] o.h.e.i.AbstractFlushingEventListener    : Executing flush
2026-08-31T13:42:24.317-04:00 DEBUG 20072 --- [backend] [http-nio-8180-exec-2] org.hibernate.SQL                        : insert into patient (age,breed,name,owner,species,id) values (?,?,?,?,?,?)
2026-08-31T13:42:24.318-04:00 TRACE 20072 --- [backend] [http-nio-8180-exec-2] o.h.r.j.i.ResourceRegistryStandardImpl   : Registering statement [HikariProxyPreparedStatement@1723595763 wrapping com.mysql.cj.jdbc.ClientPreparedStatement: insert into patient (age,breed,name,owner,species,id) values (** NOT SPECIFIED **,** NOT SPECIFIED **,** NOT SPECIFIED **,** NOT SPECIFIED **,** NOT SPECIFIED **,** NOT SPECIFIED **)]
2026-08-31T13:42:24.319-04:00 TRACE 20072 --- [backend] [http-nio-8180-exec-2] o.h.r.j.i.ResourceRegistryStandardImpl   : Registering result set [null]
2026-08-31T13:42:24.319-04:00 TRACE 20072 --- [backend] [http-nio-8180-exec-2] org.hibernate.orm.jdbc.bind              : binding parameter (1:INTEGER) <- [3]
2026-08-31T13:42:24.320-04:00 TRACE 20072 --- [backend] [http-nio-8180-exec-2] org.hibernate.orm.jdbc.bind              : binding parameter (2:VARCHAR) <- [Labrador]
2026-08-31T13:42:24.320-04:00 TRACE 20072 --- [backend] [http-nio-8180-exec-2] org.hibernate.orm.jdbc.bind              : binding parameter (3:VARCHAR) <- [Luna]
2026-08-31T13:42:24.320-04:00 TRACE 20072 --- [backend] [http-nio-8180-exec-2] org.hibernate.orm.jdbc.bind              : binding parameter (4:VARCHAR) <- [Ana Pérez]
2026-08-31T13:42:24.320-04:00 TRACE 20072 --- [backend] [http-nio-8180-exec-2] org.hibernate.orm.jdbc.bind              : binding parameter (5:VARCHAR) <- [Perro]
2026-08-31T13:42:24.320-04:00 TRACE 20072 --- [backend] [http-nio-8180-exec-2] org.hibernate.orm.jdbc.bind              : binding parameter (6:BIGINT) <- [4]
2026-08-31T13:42:24.372-04:00 TRACE 20072 --- [backend] [http-nio-8180-exec-2] o.h.r.j.i.ResourceRegistryStandardImpl   : Releasing statement [HikariProxyPreparedStatement@1723595763 wrapping com.mysql.cj.jdbc.ClientPreparedStatement: insert into patient (age,breed,name,owner,species,id) values (3,'Labrador','Luna','Ana Pérez','Perro',4)]
2026-08-31T13:42:24.372-04:00 TRACE 20072 --- [backend] [http-nio-8180-exec-2] o.h.r.j.i.ResourceRegistryStandardImpl   : Closing result set [null]
2026-08-31T13:42:24.372-04:00 TRACE 20072 --- [backend] [http-nio-8180-exec-2] o.h.r.j.i.ResourceRegistryStandardImpl   : Closing prepared statement [HikariProxyPreparedStatement@1723595763 wrapping com.mysql.cj.jdbc.ClientPreparedStatement: insert into patient (age,breed,name,owner,species,id) values (3,'Labrador','Luna','Ana Pérez','Perro',4)]
2026-08-31T13:42:24.373-04:00 TRACE 20072 --- [backend] [http-nio-8180-exec-2] o.h.e.jdbc.internal.JdbcCoordinatorImpl  : Starting after statement execution processing [ON_CLOSE]
2026-08-31T13:42:24.373-04:00 TRACE 20072 --- [backend] [http-nio-8180-exec-2] o.h.e.i.AbstractFlushingEventListener    : Post flush
2026-08-31T13:42:24.373-04:00 TRACE 20072 --- [backend] [http-nio-8180-exec-2] j.i.AbstractLogicalConnectionImplementor : LogicalConnection#beforeTransactionCompletion
2026-08-31T13:42:24.373-04:00 TRACE 20072 --- [backend] [http-nio-8180-exec-2] .t.i.SynchronizationRegistryStandardImpl : SynchronizationRegistryStandardImpl.notifySynchronizationsBeforeTransactionCompletion
2026-08-31T13:42:24.374-04:00 TRACE 20072 --- [backend] [http-nio-8180-exec-2] j.i.AbstractLogicalConnectionImplementor : Preparing to commit transaction via JDBC Connection.commit()
2026-08-31T13:42:24.395-04:00 TRACE 20072 --- [backend] [http-nio-8180-exec-2] j.i.AbstractLogicalConnectionImplementor : Transaction committed via JDBC Connection.commit()
2026-08-31T13:42:24.395-04:00 TRACE 20072 --- [backend] [http-nio-8180-exec-2] j.i.AbstractLogicalConnectionImplementor : re-enabling auto-commit on JDBC Connection after completion of JDBC-based transaction
2026-08-31T13:42:24.396-04:00 TRACE 20072 --- [backend] [http-nio-8180-exec-2] j.i.AbstractLogicalConnectionImplementor : LogicalConnection#afterTransaction
2026-08-31T13:42:24.396-04:00 TRACE 20072 --- [backend] [http-nio-8180-exec-2] o.h.r.j.i.ResourceRegistryStandardImpl   : Releasing JDBC resources
2026-08-31T13:42:24.396-04:00 TRACE 20072 --- [backend] [http-nio-8180-exec-2] cResourceLocalTransactionCoordinatorImpl : ResourceLocalTransactionCoordinatorImpl#afterCompletionCallback(true)
2026-08-31T13:42:24.397-04:00 TRACE 20072 --- [backend] [http-nio-8180-exec-2] .t.i.SynchronizationRegistryStandardImpl : SynchronizationRegistryStandardImpl.notifySynchronizationsAfterTransactionCompletion(3)
2026-08-31T13:42:24.397-04:00 TRACE 20072 --- [backend] [http-nio-8180-exec-2] org.hibernate.internal.SessionImpl       : SessionImpl#afterTransactionCompletion(successful=true, delayed=false)
2026-08-31T13:42:24.399-04:00 DEBUG 20072 --- [backend] [http-nio-8180-exec-2] m.m.a.RequestResponseBodyMethodProcessor : Using 'application/json', given [*/*] and supported [application/json, application/*+json]
2026-08-31T13:42:24.399-04:00 TRACE 20072 --- [backend] [http-nio-8180-exec-2] m.m.a.RequestResponseBodyMethodProcessor : Writing [com.duoc.backend.patient.Patient@65d96652]
2026-08-31T13:42:24.400-04:00 TRACE 20072 --- [backend] [http-nio-8180-exec-2] o.s.web.servlet.DispatcherServlet        : No view rendering, null ModelAndView returned.
2026-08-31T13:42:24.400-04:00 TRACE 20072 --- [backend] [http-nio-8180-exec-2] org.hibernate.internal.SessionImpl       : Closing session [30061423-96d1-4cd7-8f75-4af22c739cf6]
2026-08-31T13:42:24.400-04:00 TRACE 20072 --- [backend] [http-nio-8180-exec-2] o.h.e.jdbc.internal.JdbcCoordinatorImpl  : Closing JDBC container [org.hibernate.engine.jdbc.internal.JdbcCoordinatorImpl@1cd91638]
2026-08-31T13:42:24.400-04:00 TRACE 20072 --- [backend] [http-nio-8180-exec-2] o.h.r.j.i.ResourceRegistryStandardImpl   : Releasing JDBC resources
2026-08-31T13:42:24.400-04:00 TRACE 20072 --- [backend] [http-nio-8180-exec-2] o.h.r.j.i.LogicalConnectionManagedImpl   : Closing logical connection
2026-08-31T13:42:24.400-04:00 TRACE 20072 --- [backend] [http-nio-8180-exec-2] o.h.r.j.i.ResourceRegistryStandardImpl   : Releasing JDBC resources
2026-08-31T13:42:24.401-04:00 TRACE 20072 --- [backend] [http-nio-8180-exec-2] o.h.r.j.i.LogicalConnectionManagedImpl   : Logical connection closed
2026-08-31T13:42:24.401-04:00 DEBUG 20072 --- [backend] [http-nio-8180-exec-2] o.s.web.servlet.DispatcherServlet        : Completed 200 OK, headers={masked}
2026-08-31T13:42:33.652-04:00 DEBUG 20072 --- [backend] [http-nio-8180-exec-10] o.s.security.web.FilterChainProxy        : Securing POST /patient
2026-08-31T13:42:33.654-04:00 DEBUG 20072 --- [backend] [http-nio-8180-exec-10] o.s.security.web.FilterChainProxy        : Secured POST /patient
2026-08-31T13:42:33.654-04:00 TRACE 20072 --- [backend] [http-nio-8180-exec-10] o.s.web.servlet.DispatcherServlet        : POST "/patient", parameters={}, headers={masked} in DispatcherServlet 'dispatcherServlet'
2026-08-31T13:42:33.655-04:00 TRACE 20072 --- [backend] [http-nio-8180-exec-10] s.w.s.m.m.a.RequestMappingHandlerMapping : Mapped to com.duoc.backend.patient.PatientController#savePatient(Patient)
2026-08-31T13:42:33.655-04:00 TRACE 20072 --- [backend] [http-nio-8180-exec-10] .i.SessionFactoryImpl$SessionBuilderImpl : Opening Hibernate Session.  tenant=null
2026-08-31T13:42:33.655-04:00 TRACE 20072 --- [backend] [http-nio-8180-exec-10] org.hibernate.internal.SessionImpl       : Opened Session [e0d3bb6b-050d-4b2e-ba5e-a6e45eba1929] at timestamp: 1788198153655
2026-08-31T13:42:33.656-04:00 TRACE 20072 --- [backend] [http-nio-8180-exec-10] m.m.a.RequestResponseBodyMethodProcessor : Read "application/json;charset=UTF-8" to [com.duoc.backend.patient.Patient@382fc5b6]
2026-08-31T13:42:33.656-04:00 TRACE 20072 --- [backend] [http-nio-8180-exec-10] o.s.web.method.HandlerMethod             : Arguments: [com.duoc.backend.patient.Patient@382fc5b6]
2026-08-31T13:42:33.657-04:00 DEBUG 20072 --- [backend] [http-nio-8180-exec-10] o.h.e.t.internal.TransactionImpl         : On TransactionImpl creation, JpaCompliance#isJpaTransactionComplianceEnabled == false
2026-08-31T13:42:33.657-04:00 DEBUG 20072 --- [backend] [http-nio-8180-exec-10] o.h.e.t.internal.TransactionImpl         : begin
2026-08-31T13:42:33.659-04:00 TRACE 20072 --- [backend] [http-nio-8180-exec-10] j.i.AbstractLogicalConnectionImplementor : Preparing to begin transaction via JDBC Connection.setAutoCommit(false)
2026-08-31T13:42:33.661-04:00 TRACE 20072 --- [backend] [http-nio-8180-exec-10] j.i.AbstractLogicalConnectionImplementor : Transaction begun via JDBC Connection.setAutoCommit(false)
2026-08-31T13:42:33.661-04:00 TRACE 20072 --- [backend] [http-nio-8180-exec-10] cResourceLocalTransactionCoordinatorImpl : ResourceLocalTransactionCoordinatorImpl#afterBeginCallback
2026-08-31T13:42:33.662-04:00 DEBUG 20072 --- [backend] [http-nio-8180-exec-10] o.h.j.internal.PersistenceUnitUtilImpl   : jakarta.persistence.PersistenceUnitUtil.getIdentifier is only intended to work with enhanced entities (although Hibernate also adapts this support to its proxies); however the passed entity was not enhanced (nor a proxy).. may not be able to read identifier
2026-08-31T13:42:33.663-04:00 TRACE 20072 --- [backend] [http-nio-8180-exec-10] o.hibernate.event.internal.EntityState   : Transient instance of: com.duoc.backend.patient.Patient
2026-08-31T13:42:33.663-04:00 TRACE 20072 --- [backend] [http-nio-8180-exec-10] o.h.e.i.DefaultPersistEventListener      : Saving transient instance
2026-08-31T13:42:33.663-04:00 DEBUG 20072 --- [backend] [http-nio-8180-exec-10] o.h.e.i.AbstractSaveEventListener        : Generated identifier: 5, using strategy: org.hibernate.id.enhanced.SequenceStyleGenerator
2026-08-31T13:42:33.663-04:00 TRACE 20072 --- [backend] [http-nio-8180-exec-10] o.h.e.i.AbstractSaveEventListener        : Saving [com.duoc.backend.patient.Patient#5]
2026-08-31T13:42:33.663-04:00 TRACE 20072 --- [backend] [http-nio-8180-exec-10] org.hibernate.engine.spi.ActionQueue     : Adding an EntityInsertAction for [com.duoc.backend.patient.Patient] object
2026-08-31T13:42:33.664-04:00 TRACE 20072 --- [backend] [http-nio-8180-exec-10] org.hibernate.engine.spi.ActionQueue     : Adding insert with no non-nullable, transient entities: [EntityInsertAction[com.duoc.backend.patient.Patient#5]]
2026-08-31T13:42:33.664-04:00 TRACE 20072 --- [backend] [http-nio-8180-exec-10] org.hibernate.engine.spi.ActionQueue     : Adding resolved non-early insert action.
2026-08-31T13:42:33.664-04:00 DEBUG 20072 --- [backend] [http-nio-8180-exec-10] o.h.e.t.internal.TransactionImpl         : committing
2026-08-31T13:42:33.664-04:00 TRACE 20072 --- [backend] [http-nio-8180-exec-10] cResourceLocalTransactionCoordinatorImpl : ResourceLocalTransactionCoordinatorImpl#beforeCompletionCallback
2026-08-31T13:42:33.664-04:00 TRACE 20072 --- [backend] [http-nio-8180-exec-10] org.hibernate.internal.SessionImpl       : SessionImpl#beforeTransactionCompletion()
2026-08-31T13:42:33.664-04:00 TRACE 20072 --- [backend] [http-nio-8180-exec-10] org.hibernate.internal.SessionImpl       : Automatically flushing session
2026-08-31T13:42:33.664-04:00 TRACE 20072 --- [backend] [http-nio-8180-exec-10] o.h.e.i.AbstractFlushingEventListener    : Flushing session
2026-08-31T13:42:33.665-04:00 DEBUG 20072 --- [backend] [http-nio-8180-exec-10] o.h.e.i.AbstractFlushingEventListener    : Processing flush-time cascades
2026-08-31T13:42:33.665-04:00 TRACE 20072 --- [backend] [http-nio-8180-exec-10] org.hibernate.engine.internal.Cascade    : Processing cascade ACTION_CHECK_ON_FLUSH for: com.duoc.backend.patient.Patient
2026-08-31T13:42:33.665-04:00 TRACE 20072 --- [backend] [http-nio-8180-exec-10] org.hibernate.engine.internal.Cascade    : Done processing cascade ACTION_CHECK_ON_FLUSH for: com.duoc.backend.patient.Patient
2026-08-31T13:42:33.665-04:00 DEBUG 20072 --- [backend] [http-nio-8180-exec-10] o.h.e.i.AbstractFlushingEventListener    : Dirty checking collections
2026-08-31T13:42:33.666-04:00 TRACE 20072 --- [backend] [http-nio-8180-exec-10] o.h.e.i.AbstractFlushingEventListener    : Flushing entities and processing referenced collections
2026-08-31T13:42:33.666-04:00 TRACE 20072 --- [backend] [http-nio-8180-exec-10] o.h.e.i.AbstractFlushingEventListener    : Processing unreferenced collections
2026-08-31T13:42:33.666-04:00 TRACE 20072 --- [backend] [http-nio-8180-exec-10] o.h.e.i.AbstractFlushingEventListener    : Scheduling collection removes/(re)creates/updates
2026-08-31T13:42:33.666-04:00 DEBUG 20072 --- [backend] [http-nio-8180-exec-10] o.h.e.i.AbstractFlushingEventListener    : Flushed: 1 insertions, 0 updates, 0 deletions to 1 objects
2026-08-31T13:42:33.666-04:00 DEBUG 20072 --- [backend] [http-nio-8180-exec-10] o.h.e.i.AbstractFlushingEventListener    : Flushed: 0 (re)creations, 0 updates, 0 removals to 0 collections
2026-08-31T13:42:33.667-04:00 DEBUG 20072 --- [backend] [http-nio-8180-exec-10] o.hibernate.internal.util.EntityPrinter  : Listing entities:
2026-08-31T13:42:33.669-04:00 DEBUG 20072 --- [backend] [http-nio-8180-exec-10] o.hibernate.internal.util.EntityPrinter  : com.duoc.backend.patient.Patient{owner=Carlos Soto, species=Gato, name=Milo, id=5, age=5, breed=Siamés}
2026-08-31T13:42:33.669-04:00 TRACE 20072 --- [backend] [http-nio-8180-exec-10] o.h.e.i.AbstractFlushingEventListener    : Executing flush
2026-08-31T13:42:33.670-04:00 DEBUG 20072 --- [backend] [http-nio-8180-exec-10] org.hibernate.SQL                        : insert into patient (age,breed,name,owner,species,id) values (?,?,?,?,?,?)
2026-08-31T13:42:33.671-04:00 TRACE 20072 --- [backend] [http-nio-8180-exec-10] o.h.r.j.i.ResourceRegistryStandardImpl   : Registering statement [HikariProxyPreparedStatement@1250711841 wrapping com.mysql.cj.jdbc.ClientPreparedStatement: insert into patient (age,breed,name,owner,species,id) values (** NOT SPECIFIED **,** NOT SPECIFIED **,** NOT SPECIFIED **,** NOT SPECIFIED **,** NOT SPECIFIED **,** NOT SPECIFIED **)]
2026-08-31T13:42:33.671-04:00 TRACE 20072 --- [backend] [http-nio-8180-exec-10] o.h.r.j.i.ResourceRegistryStandardImpl   : Registering result set [null]
2026-08-31T13:42:33.671-04:00 TRACE 20072 --- [backend] [http-nio-8180-exec-10] org.hibernate.orm.jdbc.bind              : binding parameter (1:INTEGER) <- [5]
2026-08-31T13:42:33.671-04:00 TRACE 20072 --- [backend] [http-nio-8180-exec-10] org.hibernate.orm.jdbc.bind              : binding parameter (2:VARCHAR) <- [Siamés]
2026-08-31T13:42:33.671-04:00 TRACE 20072 --- [backend] [http-nio-8180-exec-10] org.hibernate.orm.jdbc.bind              : binding parameter (3:VARCHAR) <- [Milo]
2026-08-31T13:42:33.671-04:00 TRACE 20072 --- [backend] [http-nio-8180-exec-10] org.hibernate.orm.jdbc.bind              : binding parameter (4:VARCHAR) <- [Carlos Soto]
2026-08-31T13:42:33.671-04:00 TRACE 20072 --- [backend] [http-nio-8180-exec-10] org.hibernate.orm.jdbc.bind              : binding parameter (5:VARCHAR) <- [Gato]
2026-08-31T13:42:33.671-04:00 TRACE 20072 --- [backend] [http-nio-8180-exec-10] org.hibernate.orm.jdbc.bind              : binding parameter (6:BIGINT) <- [5]
2026-08-31T13:42:33.677-04:00 TRACE 20072 --- [backend] [http-nio-8180-exec-10] o.h.r.j.i.ResourceRegistryStandardImpl   : Releasing statement [HikariProxyPreparedStatement@1250711841 wrapping com.mysql.cj.jdbc.ClientPreparedStatement: insert into patient (age,breed,name,owner,species,id) values (5,'Siamés','Milo','Carlos Soto','Gato',5)]
2026-08-31T13:42:33.677-04:00 TRACE 20072 --- [backend] [http-nio-8180-exec-10] o.h.r.j.i.ResourceRegistryStandardImpl   : Closing result set [null]
2026-08-31T13:42:33.677-04:00 TRACE 20072 --- [backend] [http-nio-8180-exec-10] o.h.r.j.i.ResourceRegistryStandardImpl   : Closing prepared statement [HikariProxyPreparedStatement@1250711841 wrapping com.mysql.cj.jdbc.ClientPreparedStatement: insert into patient (age,breed,name,owner,species,id) values (5,'Siamés','Milo','Carlos Soto','Gato',5)]
2026-08-31T13:42:33.678-04:00 TRACE 20072 --- [backend] [http-nio-8180-exec-10] o.h.e.jdbc.internal.JdbcCoordinatorImpl  : Starting after statement execution processing [ON_CLOSE]
2026-08-31T13:42:33.678-04:00 TRACE 20072 --- [backend] [http-nio-8180-exec-10] o.h.e.i.AbstractFlushingEventListener    : Post flush
2026-08-31T13:42:33.678-04:00 TRACE 20072 --- [backend] [http-nio-8180-exec-10] j.i.AbstractLogicalConnectionImplementor : LogicalConnection#beforeTransactionCompletion
2026-08-31T13:42:33.678-04:00 TRACE 20072 --- [backend] [http-nio-8180-exec-10] .t.i.SynchronizationRegistryStandardImpl : SynchronizationRegistryStandardImpl.notifySynchronizationsBeforeTransactionCompletion
2026-08-31T13:42:33.678-04:00 TRACE 20072 --- [backend] [http-nio-8180-exec-10] j.i.AbstractLogicalConnectionImplementor : Preparing to commit transaction via JDBC Connection.commit()
2026-08-31T13:42:33.685-04:00 TRACE 20072 --- [backend] [http-nio-8180-exec-10] j.i.AbstractLogicalConnectionImplementor : Transaction committed via JDBC Connection.commit()
2026-08-31T13:42:33.685-04:00 TRACE 20072 --- [backend] [http-nio-8180-exec-10] j.i.AbstractLogicalConnectionImplementor : re-enabling auto-commit on JDBC Connection after completion of JDBC-based transaction
2026-08-31T13:42:33.688-04:00 TRACE 20072 --- [backend] [http-nio-8180-exec-10] j.i.AbstractLogicalConnectionImplementor : LogicalConnection#afterTransaction
2026-08-31T13:42:33.689-04:00 TRACE 20072 --- [backend] [http-nio-8180-exec-10] o.h.r.j.i.ResourceRegistryStandardImpl   : Releasing JDBC resources
2026-08-31T13:42:33.690-04:00 TRACE 20072 --- [backend] [http-nio-8180-exec-10] cResourceLocalTransactionCoordinatorImpl : ResourceLocalTransactionCoordinatorImpl#afterCompletionCallback(true)
2026-08-31T13:42:33.690-04:00 TRACE 20072 --- [backend] [http-nio-8180-exec-10] .t.i.SynchronizationRegistryStandardImpl : SynchronizationRegistryStandardImpl.notifySynchronizationsAfterTransactionCompletion(3)
2026-08-31T13:42:33.690-04:00 TRACE 20072 --- [backend] [http-nio-8180-exec-10] org.hibernate.internal.SessionImpl       : SessionImpl#afterTransactionCompletion(successful=true, delayed=false)
2026-08-31T13:42:33.691-04:00 DEBUG 20072 --- [backend] [http-nio-8180-exec-10] m.m.a.RequestResponseBodyMethodProcessor : Using 'application/json', given [*/*] and supported [application/json, application/*+json]
2026-08-31T13:42:33.691-04:00 TRACE 20072 --- [backend] [http-nio-8180-exec-10] m.m.a.RequestResponseBodyMethodProcessor : Writing [com.duoc.backend.patient.Patient@382fc5b6]
2026-08-31T13:42:33.693-04:00 TRACE 20072 --- [backend] [http-nio-8180-exec-10] o.s.web.servlet.DispatcherServlet        : No view rendering, null ModelAndView returned.
2026-08-31T13:42:33.693-04:00 TRACE 20072 --- [backend] [http-nio-8180-exec-10] org.hibernate.internal.SessionImpl       : Closing session [e0d3bb6b-050d-4b2e-ba5e-a6e45eba1929]
2026-08-31T13:42:33.694-04:00 TRACE 20072 --- [backend] [http-nio-8180-exec-10] o.h.e.jdbc.internal.JdbcCoordinatorImpl  : Closing JDBC container [org.hibernate.engine.jdbc.internal.JdbcCoordinatorImpl@3578147d]
2026-08-31T13:42:33.694-04:00 TRACE 20072 --- [backend] [http-nio-8180-exec-10] o.h.r.j.i.ResourceRegistryStandardImpl   : Releasing JDBC resources
2026-08-31T13:42:33.694-04:00 TRACE 20072 --- [backend] [http-nio-8180-exec-10] o.h.r.j.i.LogicalConnectionManagedImpl   : Closing logical connection
2026-08-31T13:42:33.694-04:00 TRACE 20072 --- [backend] [http-nio-8180-exec-10] o.h.r.j.i.ResourceRegistryStandardImpl   : Releasing JDBC resources
2026-08-31T13:42:33.695-04:00 TRACE 20072 --- [backend] [http-nio-8180-exec-10] o.h.r.j.i.LogicalConnectionManagedImpl   : Logical connection closed
2026-08-31T13:42:33.696-04:00 DEBUG 20072 --- [backend] [http-nio-8180-exec-10] o.s.web.servlet.DispatcherServlet        : Completed 200 OK, headers={masked}
2026-08-31T13:42:40.741-04:00 DEBUG 20072 --- [backend] [http-nio-8180-exec-7] o.s.security.web.FilterChainProxy        : Securing POST /patient
2026-08-31T13:42:40.742-04:00 DEBUG 20072 --- [backend] [http-nio-8180-exec-7] o.s.security.web.FilterChainProxy        : Secured POST /patient
2026-08-31T13:42:40.743-04:00 TRACE 20072 --- [backend] [http-nio-8180-exec-7] o.s.web.servlet.DispatcherServlet        : POST "/patient", parameters={}, headers={masked} in DispatcherServlet 'dispatcherServlet'
2026-08-31T13:42:40.743-04:00 TRACE 20072 --- [backend] [http-nio-8180-exec-7] s.w.s.m.m.a.RequestMappingHandlerMapping : Mapped to com.duoc.backend.patient.PatientController#savePatient(Patient)
2026-08-31T13:42:40.743-04:00 TRACE 20072 --- [backend] [http-nio-8180-exec-7] .i.SessionFactoryImpl$SessionBuilderImpl : Opening Hibernate Session.  tenant=null
2026-08-31T13:42:40.743-04:00 TRACE 20072 --- [backend] [http-nio-8180-exec-7] org.hibernate.internal.SessionImpl       : Opened Session [fcc38ed3-7a5c-4b7f-8587-7457685b71cf] at timestamp: 1788198160743
2026-08-31T13:42:40.744-04:00 TRACE 20072 --- [backend] [http-nio-8180-exec-7] m.m.a.RequestResponseBodyMethodProcessor : Read "application/json;charset=UTF-8" to [com.duoc.backend.patient.Patient@3cf5a957]
2026-08-31T13:42:40.744-04:00 TRACE 20072 --- [backend] [http-nio-8180-exec-7] o.s.web.method.HandlerMethod             : Arguments: [com.duoc.backend.patient.Patient@3cf5a957]
2026-08-31T13:42:40.744-04:00 DEBUG 20072 --- [backend] [http-nio-8180-exec-7] o.h.e.t.internal.TransactionImpl         : On TransactionImpl creation, JpaCompliance#isJpaTransactionComplianceEnabled == false
2026-08-31T13:42:40.745-04:00 DEBUG 20072 --- [backend] [http-nio-8180-exec-7] o.h.e.t.internal.TransactionImpl         : begin
2026-08-31T13:42:40.747-04:00 TRACE 20072 --- [backend] [http-nio-8180-exec-7] j.i.AbstractLogicalConnectionImplementor : Preparing to begin transaction via JDBC Connection.setAutoCommit(false)
2026-08-31T13:42:40.749-04:00 TRACE 20072 --- [backend] [http-nio-8180-exec-7] j.i.AbstractLogicalConnectionImplementor : Transaction begun via JDBC Connection.setAutoCommit(false)
2026-08-31T13:42:40.750-04:00 TRACE 20072 --- [backend] [http-nio-8180-exec-7] cResourceLocalTransactionCoordinatorImpl : ResourceLocalTransactionCoordinatorImpl#afterBeginCallback
2026-08-31T13:42:40.750-04:00 DEBUG 20072 --- [backend] [http-nio-8180-exec-7] o.h.j.internal.PersistenceUnitUtilImpl   : jakarta.persistence.PersistenceUnitUtil.getIdentifier is only intended to work with enhanced entities (although Hibernate also adapts this support to its proxies); however the passed entity was not enhanced (nor a proxy).. may not be able to read identifier
2026-08-31T13:42:40.750-04:00 TRACE 20072 --- [backend] [http-nio-8180-exec-7] o.hibernate.event.internal.EntityState   : Transient instance of: com.duoc.backend.patient.Patient
2026-08-31T13:42:40.750-04:00 TRACE 20072 --- [backend] [http-nio-8180-exec-7] o.h.e.i.DefaultPersistEventListener      : Saving transient instance
2026-08-31T13:42:40.750-04:00 DEBUG 20072 --- [backend] [http-nio-8180-exec-7] o.h.e.i.AbstractSaveEventListener        : Generated identifier: 6, using strategy: org.hibernate.id.enhanced.SequenceStyleGenerator
2026-08-31T13:42:40.750-04:00 TRACE 20072 --- [backend] [http-nio-8180-exec-7] o.h.e.i.AbstractSaveEventListener        : Saving [com.duoc.backend.patient.Patient#6]
2026-08-31T13:42:40.751-04:00 TRACE 20072 --- [backend] [http-nio-8180-exec-7] org.hibernate.engine.spi.ActionQueue     : Adding an EntityInsertAction for [com.duoc.backend.patient.Patient] object
2026-08-31T13:42:40.751-04:00 TRACE 20072 --- [backend] [http-nio-8180-exec-7] org.hibernate.engine.spi.ActionQueue     : Adding insert with no non-nullable, transient entities: [EntityInsertAction[com.duoc.backend.patient.Patient#6]]
2026-08-31T13:42:40.751-04:00 TRACE 20072 --- [backend] [http-nio-8180-exec-7] org.hibernate.engine.spi.ActionQueue     : Adding resolved non-early insert action.
2026-08-31T13:42:40.751-04:00 DEBUG 20072 --- [backend] [http-nio-8180-exec-7] o.h.e.t.internal.TransactionImpl         : committing
2026-08-31T13:42:40.751-04:00 TRACE 20072 --- [backend] [http-nio-8180-exec-7] cResourceLocalTransactionCoordinatorImpl : ResourceLocalTransactionCoordinatorImpl#beforeCompletionCallback
2026-08-31T13:42:40.751-04:00 TRACE 20072 --- [backend] [http-nio-8180-exec-7] org.hibernate.internal.SessionImpl       : SessionImpl#beforeTransactionCompletion()
2026-08-31T13:42:40.751-04:00 TRACE 20072 --- [backend] [http-nio-8180-exec-7] org.hibernate.internal.SessionImpl       : Automatically flushing session
2026-08-31T13:42:40.751-04:00 TRACE 20072 --- [backend] [http-nio-8180-exec-7] o.h.e.i.AbstractFlushingEventListener    : Flushing session
2026-08-31T13:42:40.751-04:00 DEBUG 20072 --- [backend] [http-nio-8180-exec-7] o.h.e.i.AbstractFlushingEventListener    : Processing flush-time cascades
2026-08-31T13:42:40.752-04:00 TRACE 20072 --- [backend] [http-nio-8180-exec-7] org.hibernate.engine.internal.Cascade    : Processing cascade ACTION_CHECK_ON_FLUSH for: com.duoc.backend.patient.Patient
2026-08-31T13:42:40.752-04:00 TRACE 20072 --- [backend] [http-nio-8180-exec-7] org.hibernate.engine.internal.Cascade    : Done processing cascade ACTION_CHECK_ON_FLUSH for: com.duoc.backend.patient.Patient
2026-08-31T13:42:40.752-04:00 DEBUG 20072 --- [backend] [http-nio-8180-exec-7] o.h.e.i.AbstractFlushingEventListener    : Dirty checking collections
2026-08-31T13:42:40.753-04:00 TRACE 20072 --- [backend] [http-nio-8180-exec-7] o.h.e.i.AbstractFlushingEventListener    : Flushing entities and processing referenced collections
2026-08-31T13:42:40.753-04:00 TRACE 20072 --- [backend] [http-nio-8180-exec-7] o.h.e.i.AbstractFlushingEventListener    : Processing unreferenced collections
2026-08-31T13:42:40.753-04:00 TRACE 20072 --- [backend] [http-nio-8180-exec-7] o.h.e.i.AbstractFlushingEventListener    : Scheduling collection removes/(re)creates/updates
2026-08-31T13:42:40.754-04:00 DEBUG 20072 --- [backend] [http-nio-8180-exec-7] o.h.e.i.AbstractFlushingEventListener    : Flushed: 1 insertions, 0 updates, 0 deletions to 1 objects
2026-08-31T13:42:40.754-04:00 DEBUG 20072 --- [backend] [http-nio-8180-exec-7] o.h.e.i.AbstractFlushingEventListener    : Flushed: 0 (re)creations, 0 updates, 0 removals to 0 collections
2026-08-31T13:42:40.755-04:00 DEBUG 20072 --- [backend] [http-nio-8180-exec-7] o.hibernate.internal.util.EntityPrinter  : Listing entities:
2026-08-31T13:42:40.755-04:00 DEBUG 20072 --- [backend] [http-nio-8180-exec-7] o.hibernate.internal.util.EntityPrinter  : com.duoc.backend.patient.Patient{owner=María López, species=Perro, name=Rocky, id=6, age=2, breed=Beagle}
2026-08-31T13:42:40.756-04:00 TRACE 20072 --- [backend] [http-nio-8180-exec-7] o.h.e.i.AbstractFlushingEventListener    : Executing flush
2026-08-31T13:42:40.756-04:00 DEBUG 20072 --- [backend] [http-nio-8180-exec-7] org.hibernate.SQL                        : insert into patient (age,breed,name,owner,species,id) values (?,?,?,?,?,?)
2026-08-31T13:42:40.757-04:00 TRACE 20072 --- [backend] [http-nio-8180-exec-7] o.h.r.j.i.ResourceRegistryStandardImpl   : Registering statement [HikariProxyPreparedStatement@1326655861 wrapping com.mysql.cj.jdbc.ClientPreparedStatement: insert into patient (age,breed,name,owner,species,id) values (** NOT SPECIFIED **,** NOT SPECIFIED **,** NOT SPECIFIED **,** NOT SPECIFIED **,** NOT SPECIFIED **,** NOT SPECIFIED **)]
2026-08-31T13:42:40.758-04:00 TRACE 20072 --- [backend] [http-nio-8180-exec-7] o.h.r.j.i.ResourceRegistryStandardImpl   : Registering result set [null]
2026-08-31T13:42:40.760-04:00 TRACE 20072 --- [backend] [http-nio-8180-exec-7] org.hibernate.orm.jdbc.bind              : binding parameter (1:INTEGER) <- [2]
2026-08-31T13:42:40.760-04:00 TRACE 20072 --- [backend] [http-nio-8180-exec-7] org.hibernate.orm.jdbc.bind              : binding parameter (2:VARCHAR) <- [Beagle]
2026-08-31T13:42:40.760-04:00 TRACE 20072 --- [backend] [http-nio-8180-exec-7] org.hibernate.orm.jdbc.bind              : binding parameter (3:VARCHAR) <- [Rocky]
2026-08-31T13:42:40.760-04:00 TRACE 20072 --- [backend] [http-nio-8180-exec-7] org.hibernate.orm.jdbc.bind              : binding parameter (4:VARCHAR) <- [María López]
2026-08-31T13:42:40.760-04:00 TRACE 20072 --- [backend] [http-nio-8180-exec-7] org.hibernate.orm.jdbc.bind              : binding parameter (5:VARCHAR) <- [Perro]
2026-08-31T13:42:40.761-04:00 TRACE 20072 --- [backend] [http-nio-8180-exec-7] org.hibernate.orm.jdbc.bind              : binding parameter (6:BIGINT) <- [6]
2026-08-31T13:42:40.765-04:00 TRACE 20072 --- [backend] [http-nio-8180-exec-7] o.h.r.j.i.ResourceRegistryStandardImpl   : Releasing statement [HikariProxyPreparedStatement@1326655861 wrapping com.mysql.cj.jdbc.ClientPreparedStatement: insert into patient (age,breed,name,owner,species,id) values (2,'Beagle','Rocky','María López','Perro',6)]
2026-08-31T13:42:40.765-04:00 TRACE 20072 --- [backend] [http-nio-8180-exec-7] o.h.r.j.i.ResourceRegistryStandardImpl   : Closing result set [null]
2026-08-31T13:42:40.765-04:00 TRACE 20072 --- [backend] [http-nio-8180-exec-7] o.h.r.j.i.ResourceRegistryStandardImpl   : Closing prepared statement [HikariProxyPreparedStatement@1326655861 wrapping com.mysql.cj.jdbc.ClientPreparedStatement: insert into patient (age,breed,name,owner,species,id) values (2,'Beagle','Rocky','María López','Perro',6)]
2026-08-31T13:42:40.765-04:00 TRACE 20072 --- [backend] [http-nio-8180-exec-7] o.h.e.jdbc.internal.JdbcCoordinatorImpl  : Starting after statement execution processing [ON_CLOSE]
2026-08-31T13:42:40.765-04:00 TRACE 20072 --- [backend] [http-nio-8180-exec-7] o.h.e.i.AbstractFlushingEventListener    : Post flush
2026-08-31T13:42:40.765-04:00 TRACE 20072 --- [backend] [http-nio-8180-exec-7] j.i.AbstractLogicalConnectionImplementor : LogicalConnection#beforeTransactionCompletion
2026-08-31T13:42:40.766-04:00 TRACE 20072 --- [backend] [http-nio-8180-exec-7] .t.i.SynchronizationRegistryStandardImpl : SynchronizationRegistryStandardImpl.notifySynchronizationsBeforeTransactionCompletion
2026-08-31T13:42:40.766-04:00 TRACE 20072 --- [backend] [http-nio-8180-exec-7] j.i.AbstractLogicalConnectionImplementor : Preparing to commit transaction via JDBC Connection.commit()
2026-08-31T13:42:40.776-04:00 TRACE 20072 --- [backend] [http-nio-8180-exec-7] j.i.AbstractLogicalConnectionImplementor : Transaction committed via JDBC Connection.commit()
2026-08-31T13:42:40.776-04:00 TRACE 20072 --- [backend] [http-nio-8180-exec-7] j.i.AbstractLogicalConnectionImplementor : re-enabling auto-commit on JDBC Connection after completion of JDBC-based transaction
2026-08-31T13:42:40.778-04:00 TRACE 20072 --- [backend] [http-nio-8180-exec-7] j.i.AbstractLogicalConnectionImplementor : LogicalConnection#afterTransaction
2026-08-31T13:42:40.778-04:00 TRACE 20072 --- [backend] [http-nio-8180-exec-7] o.h.r.j.i.ResourceRegistryStandardImpl   : Releasing JDBC resources
2026-08-31T13:42:40.778-04:00 TRACE 20072 --- [backend] [http-nio-8180-exec-7] cResourceLocalTransactionCoordinatorImpl : ResourceLocalTransactionCoordinatorImpl#afterCompletionCallback(true)
2026-08-31T13:42:40.778-04:00 TRACE 20072 --- [backend] [http-nio-8180-exec-7] .t.i.SynchronizationRegistryStandardImpl : SynchronizationRegistryStandardImpl.notifySynchronizationsAfterTransactionCompletion(3)
2026-08-31T13:42:40.778-04:00 TRACE 20072 --- [backend] [http-nio-8180-exec-7] org.hibernate.internal.SessionImpl       : SessionImpl#afterTransactionCompletion(successful=true, delayed=false)
2026-08-31T13:42:40.780-04:00 DEBUG 20072 --- [backend] [http-nio-8180-exec-7] m.m.a.RequestResponseBodyMethodProcessor : Using 'application/json', given [*/*] and supported [application/json, application/*+json]
2026-08-31T13:42:40.780-04:00 TRACE 20072 --- [backend] [http-nio-8180-exec-7] m.m.a.RequestResponseBodyMethodProcessor : Writing [com.duoc.backend.patient.Patient@3cf5a957]
2026-08-31T13:42:40.786-04:00 TRACE 20072 --- [backend] [http-nio-8180-exec-7] o.s.web.servlet.DispatcherServlet        : No view rendering, null ModelAndView returned.
2026-08-31T13:42:40.787-04:00 TRACE 20072 --- [backend] [http-nio-8180-exec-7] org.hibernate.internal.SessionImpl       : Closing session [fcc38ed3-7a5c-4b7f-8587-7457685b71cf]
2026-08-31T13:42:40.787-04:00 TRACE 20072 --- [backend] [http-nio-8180-exec-7] o.h.e.jdbc.internal.JdbcCoordinatorImpl  : Closing JDBC container [org.hibernate.engine.jdbc.internal.JdbcCoordinatorImpl@7089e029]
2026-08-31T13:42:40.788-04:00 TRACE 20072 --- [backend] [http-nio-8180-exec-7] o.h.r.j.i.ResourceRegistryStandardImpl   : Releasing JDBC resources
2026-08-31T13:42:40.788-04:00 TRACE 20072 --- [backend] [http-nio-8180-exec-7] o.h.r.j.i.LogicalConnectionManagedImpl   : Closing logical connection
2026-08-31T13:42:40.788-04:00 TRACE 20072 --- [backend] [http-nio-8180-exec-7] o.h.r.j.i.ResourceRegistryStandardImpl   : Releasing JDBC resources
2026-08-31T13:42:40.788-04:00 TRACE 20072 --- [backend] [http-nio-8180-exec-7] o.h.r.j.i.LogicalConnectionManagedImpl   : Logical connection closed
2026-08-31T13:42:40.788-04:00 DEBUG 20072 --- [backend] [http-nio-8180-exec-7] o.s.web.servlet.DispatcherServlet        : Completed 200 OK, headers={masked}
2026-08-31T13:42:42.908-04:00 DEBUG 20072 --- [backend] [HikariPool-1 housekeeper] com.zaxxer.hikari.pool.HikariPool        : HikariPool-1 - Pool stats (total=10, active=0, idle=10, waiting=0)
2026-08-31T13:42:42.908-04:00 DEBUG 20072 --- [backend] [HikariPool-1 housekeeper] com.zaxxer.hikari.pool.HikariPool        : HikariPool-1 - Fill pool skipped, pool has sufficient level or currently being filled.
2026-08-31T13:42:48.923-04:00 DEBUG 20072 --- [backend] [http-nio-8180-exec-3] o.s.security.web.FilterChainProxy        : Securing GET /patient
2026-08-31T13:42:48.924-04:00 DEBUG 20072 --- [backend] [http-nio-8180-exec-3] o.s.security.web.FilterChainProxy        : Secured GET /patient
2026-08-31T13:42:48.925-04:00 TRACE 20072 --- [backend] [http-nio-8180-exec-3] o.s.web.servlet.DispatcherServlet        : GET "/patient", parameters={}, headers={masked} in DispatcherServlet 'dispatcherServlet'
2026-08-31T13:42:48.925-04:00 TRACE 20072 --- [backend] [http-nio-8180-exec-3] s.w.s.m.m.a.RequestMappingHandlerMapping : Mapped to com.duoc.backend.patient.PatientController#getAllPatients()
2026-08-31T13:42:48.926-04:00 TRACE 20072 --- [backend] [http-nio-8180-exec-3] .i.SessionFactoryImpl$SessionBuilderImpl : Opening Hibernate Session.  tenant=null
2026-08-31T13:42:48.926-04:00 TRACE 20072 --- [backend] [http-nio-8180-exec-3] org.hibernate.internal.SessionImpl       : Opened Session [cd3f5abc-7ea6-415f-bbab-c6b68ab76967] at timestamp: 1788198168926
2026-08-31T13:42:48.926-04:00 TRACE 20072 --- [backend] [http-nio-8180-exec-3] o.s.web.method.HandlerMethod             : Arguments: []
2026-08-31T13:42:48.929-04:00 DEBUG 20072 --- [backend] [http-nio-8180-exec-3] o.h.e.t.internal.TransactionImpl         : On TransactionImpl creation, JpaCompliance#isJpaTransactionComplianceEnabled == false
2026-08-31T13:42:48.930-04:00 DEBUG 20072 --- [backend] [http-nio-8180-exec-3] o.h.e.t.internal.TransactionImpl         : begin
2026-08-31T13:42:48.930-04:00 TRACE 20072 --- [backend] [http-nio-8180-exec-3] j.i.AbstractLogicalConnectionImplementor : Preparing to begin transaction via JDBC Connection.setAutoCommit(false)
2026-08-31T13:42:48.932-04:00 TRACE 20072 --- [backend] [http-nio-8180-exec-3] j.i.AbstractLogicalConnectionImplementor : Transaction begun via JDBC Connection.setAutoCommit(false)
2026-08-31T13:42:48.933-04:00 TRACE 20072 --- [backend] [http-nio-8180-exec-3] cResourceLocalTransactionCoordinatorImpl : ResourceLocalTransactionCoordinatorImpl#afterBeginCallback
2026-08-31T13:42:48.938-04:00 TRACE 20072 --- [backend] [http-nio-8180-exec-3] o.h.q.sqm.sql.BaseSqmToSqlAstConverter   : Resolving SqmRoot [com.duoc.backend.patient.Patient] to TableGroup
2026-08-31T13:42:48.938-04:00 TRACE 20072 --- [backend] [http-nio-8180-exec-3] o.h.q.sqm.sql.BaseSqmToSqlAstConverter   : Resolving SqmRoot [com.duoc.backend.patient.Patient] to TableGroup
2026-08-31T13:42:48.938-04:00 DEBUG 20072 --- [backend] [http-nio-8180-exec-3] org.hibernate.orm.sql.ast.create         : Created new SQL alias : p1_0
2026-08-31T13:42:48.938-04:00 TRACE 20072 --- [backend] [http-nio-8180-exec-3] o.h.q.sqm.sql.BaseSqmToSqlAstConverter   : Resolved SqmRoot [com.duoc.backend.patient.Patient] to new TableGroup [StandardTableGroup(com.duoc.backend.patient.Patient(13))]
2026-08-31T13:42:48.938-04:00 DEBUG 20072 --- [backend] [http-nio-8180-exec-3] org.hibernate.orm.sql.ast.create         : Registration of TableGroup [StandardTableGroup(com.duoc.backend.patient.Patient(13))] with identifierForTableGroup [com.duoc.backend.patient.Patient] for NavigablePath [com.duoc.backend.patient.Patient] 
2026-08-31T13:42:48.938-04:00 TRACE 20072 --- [backend] [http-nio-8180-exec-3] o.h.q.sqm.sql.BaseSqmToSqlAstConverter   : Visiting explicit joins for `com.duoc.backend.patient.Patient(13)`
2026-08-31T13:42:48.938-04:00 TRACE 20072 --- [backend] [http-nio-8180-exec-3] o.h.q.sqm.sql.BaseSqmToSqlAstConverter   : SqmRoot [com.duoc.backend.patient.Patient] resolved to existing TableGroup [StandardTableGroup(com.duoc.backend.patient.Patient(13))]
2026-08-31T13:42:48.939-04:00 DEBUG 20072 --- [backend] [http-nio-8180-exec-3] org.hibernate.orm.results.graph.AST      : DomainResult Graph:
 \-EntityResultImpl [com.duoc.backend.patient.Patient(13)]
 |  +-BasicFetch [com.duoc.backend.patient.Patient(13).age]
 |  +-BasicFetch [com.duoc.backend.patient.Patient(13).breed]
 |  +-BasicFetch [com.duoc.backend.patient.Patient(13).name]
 |  +-BasicFetch [com.duoc.backend.patient.Patient(13).owner]
 |  \-BasicFetch [com.duoc.backend.patient.Patient(13).species]

2026-08-31T13:42:48.939-04:00 TRACE 20072 --- [backend] [http-nio-8180-exec-3] org.hibernate.orm.results.graph.AST      : Stack trace calling DomainResultGraphPrinter

java.lang.Exception: null
	at org.hibernate.sql.results.graph.DomainResultGraphPrinter.visitDomainResults(DomainResultGraphPrinter.java:70) ~[hibernate-core-6.6.11.Final.jar:6.6.11.Final]
	at org.hibernate.sql.results.graph.DomainResultGraphPrinter.logDomainResultGraph(DomainResultGraphPrinter.java:46) ~[hibernate-core-6.6.11.Final.jar:6.6.11.Final]
	at org.hibernate.sql.results.graph.DomainResultGraphPrinter.logDomainResultGraph(DomainResultGraphPrinter.java:37) ~[hibernate-core-6.6.11.Final.jar:6.6.11.Final]
	at org.hibernate.sql.ast.spi.AbstractSqlAstTranslator.translateSelect(AbstractSqlAstTranslator.java:877) ~[hibernate-core-6.6.11.Final.jar:6.6.11.Final]
	at org.hibernate.sql.ast.spi.AbstractSqlAstTranslator.translate(AbstractSqlAstTranslator.java:815) ~[hibernate-core-6.6.11.Final.jar:6.6.11.Final]
	at org.hibernate.query.sqm.internal.ConcreteSqmSelectQueryPlan.buildCacheableSqmInterpretation(ConcreteSqmSelectQueryPlan.java:510) ~[hibernate-core-6.6.11.Final.jar:6.6.11.Final]
	at org.hibernate.query.sqm.internal.ConcreteSqmSelectQueryPlan.withCacheableSqmInterpretation(ConcreteSqmSelectQueryPlan.java:388) ~[hibernate-core-6.6.11.Final.jar:6.6.11.Final]
	at org.hibernate.query.sqm.internal.ConcreteSqmSelectQueryPlan.performList(ConcreteSqmSelectQueryPlan.java:362) ~[hibernate-core-6.6.11.Final.jar:6.6.11.Final]
	at org.hibernate.query.sqm.internal.QuerySqmImpl.doList(QuerySqmImpl.java:380) ~[hibernate-core-6.6.11.Final.jar:6.6.11.Final]
	at org.hibernate.query.spi.AbstractSelectionQuery.list(AbstractSelectionQuery.java:143) ~[hibernate-core-6.6.11.Final.jar:6.6.11.Final]
	at org.hibernate.query.Query.getResultList(Query.java:120) ~[hibernate-core-6.6.11.Final.jar:6.6.11.Final]
	at org.springframework.data.jpa.repository.support.SimpleJpaRepository.findAll(SimpleJpaRepository.java:395) ~[spring-data-jpa-3.4.4.jar:3.4.4]
	at java.base/jdk.internal.reflect.NativeMethodAccessorImpl.invoke0(Native Method) ~[na:na]
	at java.base/jdk.internal.reflect.NativeMethodAccessorImpl.invoke(NativeMethodAccessorImpl.java:77) ~[na:na]
	at java.base/jdk.internal.reflect.DelegatingMethodAccessorImpl.invoke(DelegatingMethodAccessorImpl.java:43) ~[na:na]
	at java.base/java.lang.reflect.Method.invoke(Method.java:568) ~[na:na]
	at org.springframework.aop.support.AopUtils.invokeJoinpointUsingReflection(AopUtils.java:359) ~[spring-aop-6.2.5.jar:6.2.5]
	at org.springframework.data.repository.core.support.RepositoryMethodInvoker$RepositoryFragmentMethodInvoker.lambda$new$0(RepositoryMethodInvoker.java:277) ~[spring-data-commons-3.4.4.jar:3.4.4]
	at org.springframework.data.repository.core.support.RepositoryMethodInvoker.doInvoke(RepositoryMethodInvoker.java:170) ~[spring-data-commons-3.4.4.jar:3.4.4]
	at org.springframework.data.repository.core.support.RepositoryMethodInvoker.invoke(RepositoryMethodInvoker.java:158) ~[spring-data-commons-3.4.4.jar:3.4.4]
	at org.springframework.data.repository.core.support.RepositoryComposition$RepositoryFragments.invoke(RepositoryComposition.java:515) ~[spring-data-commons-3.4.4.jar:3.4.4]
	at org.springframework.data.repository.core.support.RepositoryComposition.invoke(RepositoryComposition.java:284) ~[spring-data-commons-3.4.4.jar:3.4.4]
	at org.springframework.data.repository.core.support.RepositoryFactorySupport$ImplementationMethodExecutionInterceptor.invoke(RepositoryFactorySupport.java:731) ~[spring-data-commons-3.4.4.jar:3.4.4]
	at org.springframework.aop.framework.ReflectiveMethodInvocation.proceed(ReflectiveMethodInvocation.java:184) ~[spring-aop-6.2.5.jar:6.2.5]
	at org.springframework.data.repository.core.support.QueryExecutorMethodInterceptor.doInvoke(QueryExecutorMethodInterceptor.java:174) ~[spring-data-commons-3.4.4.jar:3.4.4]
	at org.springframework.data.repository.core.support.QueryExecutorMethodInterceptor.invoke(QueryExecutorMethodInterceptor.java:149) ~[spring-data-commons-3.4.4.jar:3.4.4]
	at org.springframework.aop.framework.ReflectiveMethodInvocation.proceed(ReflectiveMethodInvocation.java:184) ~[spring-aop-6.2.5.jar:6.2.5]
	at org.springframework.transaction.interceptor.TransactionAspectSupport.invokeWithinTransaction(TransactionAspectSupport.java:380) ~[spring-tx-6.2.5.jar:6.2.5]
	at org.springframework.transaction.interceptor.TransactionInterceptor.invoke(TransactionInterceptor.java:119) ~[spring-tx-6.2.5.jar:6.2.5]
	at org.springframework.aop.framework.ReflectiveMethodInvocation.proceed(ReflectiveMethodInvocation.java:184) ~[spring-aop-6.2.5.jar:6.2.5]
	at org.springframework.dao.support.PersistenceExceptionTranslationInterceptor.invoke(PersistenceExceptionTranslationInterceptor.java:138) ~[spring-tx-6.2.5.jar:6.2.5]
	at org.springframework.aop.framework.ReflectiveMethodInvocation.proceed(ReflectiveMethodInvocation.java:184) ~[spring-aop-6.2.5.jar:6.2.5]
	at org.springframework.data.jpa.repository.support.CrudMethodMetadataPostProcessor$CrudMethodMetadataPopulatingMethodInterceptor.invoke(CrudMethodMetadataPostProcessor.java:165) ~[spring-data-jpa-3.4.4.jar:3.4.4]
	at org.springframework.aop.framework.ReflectiveMethodInvocation.proceed(ReflectiveMethodInvocation.java:184) ~[spring-aop-6.2.5.jar:6.2.5]
	at org.springframework.aop.framework.JdkDynamicAopProxy.invoke(JdkDynamicAopProxy.java:223) ~[spring-aop-6.2.5.jar:6.2.5]
	at jdk.proxy2/jdk.proxy2.$Proxy128.findAll(Unknown Source) ~[na:na]
	at com.duoc.backend.patient.PatientService.getAllPatients(PatientService.java:13) ~[classes/:na]
	at com.duoc.backend.patient.PatientController.getAllPatients(PatientController.java:30) ~[classes/:na]
	at java.base/jdk.internal.reflect.NativeMethodAccessorImpl.invoke0(Native Method) ~[na:na]
	at java.base/jdk.internal.reflect.NativeMethodAccessorImpl.invoke(NativeMethodAccessorImpl.java:77) ~[na:na]
	at java.base/jdk.internal.reflect.DelegatingMethodAccessorImpl.invoke(DelegatingMethodAccessorImpl.java:43) ~[na:na]
	at java.base/java.lang.reflect.Method.invoke(Method.java:568) ~[na:na]
	at org.springframework.web.method.support.InvocableHandlerMethod.doInvoke(InvocableHandlerMethod.java:258) ~[spring-web-6.2.5.jar:6.2.5]
	at org.springframework.web.method.support.InvocableHandlerMethod.invokeForRequest(InvocableHandlerMethod.java:191) ~[spring-web-6.2.5.jar:6.2.5]
	at org.springframework.web.servlet.mvc.method.annotation.ServletInvocableHandlerMethod.invokeAndHandle(ServletInvocableHandlerMethod.java:118) ~[spring-webmvc-6.2.5.jar:6.2.5]
	at org.springframework.web.servlet.mvc.method.annotation.RequestMappingHandlerAdapter.invokeHandlerMethod(RequestMappingHandlerAdapter.java:986) ~[spring-webmvc-6.2.5.jar:6.2.5]
	at org.springframework.web.servlet.mvc.method.annotation.RequestMappingHandlerAdapter.handleInternal(RequestMappingHandlerAdapter.java:891) ~[spring-webmvc-6.2.5.jar:6.2.5]
	at org.springframework.web.servlet.mvc.method.AbstractHandlerMethodAdapter.handle(AbstractHandlerMethodAdapter.java:87) ~[spring-webmvc-6.2.5.jar:6.2.5]
	at org.springframework.web.servlet.DispatcherServlet.doDispatch(DispatcherServlet.java:1089) ~[spring-webmvc-6.2.5.jar:6.2.5]
	at org.springframework.web.servlet.DispatcherServlet.doService(DispatcherServlet.java:979) ~[spring-webmvc-6.2.5.jar:6.2.5]
	at org.springframework.web.servlet.FrameworkServlet.processRequest(FrameworkServlet.java:1014) ~[spring-webmvc-6.2.5.jar:6.2.5]
	at org.springframework.web.servlet.FrameworkServlet.doGet(FrameworkServlet.java:903) ~[spring-webmvc-6.2.5.jar:6.2.5]
	at jakarta.servlet.http.HttpServlet.service(HttpServlet.java:564) ~[tomcat-embed-core-10.1.39.jar:6.0]
	at org.springframework.web.servlet.FrameworkServlet.service(FrameworkServlet.java:885) ~[spring-webmvc-6.2.5.jar:6.2.5]
	at jakarta.servlet.http.HttpServlet.service(HttpServlet.java:658) ~[tomcat-embed-core-10.1.39.jar:6.0]
	at org.apache.catalina.core.ApplicationFilterChain.internalDoFilter(ApplicationFilterChain.java:195) ~[tomcat-embed-core-10.1.39.jar:10.1.39]
	at org.apache.catalina.core.ApplicationFilterChain.doFilter(ApplicationFilterChain.java:140) ~[tomcat-embed-core-10.1.39.jar:10.1.39]
	at org.apache.tomcat.websocket.server.WsFilter.doFilter(WsFilter.java:51) ~[tomcat-embed-websocket-10.1.39.jar:10.1.39]
	at org.apache.catalina.core.ApplicationFilterChain.internalDoFilter(ApplicationFilterChain.java:164) ~[tomcat-embed-core-10.1.39.jar:10.1.39]
	at org.apache.catalina.core.ApplicationFilterChain.doFilter(ApplicationFilterChain.java:140) ~[tomcat-embed-core-10.1.39.jar:10.1.39]
	at org.springframework.web.filter.OncePerRequestFilter.doFilter(OncePerRequestFilter.java:110) ~[spring-web-6.2.5.jar:6.2.5]
	at org.apache.catalina.core.ApplicationFilterChain.internalDoFilter(ApplicationFilterChain.java:164) ~[tomcat-embed-core-10.1.39.jar:10.1.39]
	at org.apache.catalina.core.ApplicationFilterChain.doFilter(ApplicationFilterChain.java:140) ~[tomcat-embed-core-10.1.39.jar:10.1.39]
	at org.springframework.web.filter.CompositeFilter$VirtualFilterChain.doFilter(CompositeFilter.java:108) ~[spring-web-6.2.5.jar:6.2.5]
	at org.springframework.security.web.FilterChainProxy.lambda$doFilterInternal$3(FilterChainProxy.java:231) ~[spring-security-web-6.4.4.jar:6.4.4]
	at org.springframework.security.web.FilterChainProxy$VirtualFilterChain.doFilter(FilterChainProxy.java:365) ~[spring-security-web-6.4.4.jar:6.4.4]
	at org.springframework.security.web.access.intercept.AuthorizationFilter.doFilter(AuthorizationFilter.java:101) ~[spring-security-web-6.4.4.jar:6.4.4]
	at org.springframework.security.web.FilterChainProxy$VirtualFilterChain.doFilter(FilterChainProxy.java:374) ~[spring-security-web-6.4.4.jar:6.4.4]
	at org.springframework.security.web.access.ExceptionTranslationFilter.doFilter(ExceptionTranslationFilter.java:126) ~[spring-security-web-6.4.4.jar:6.4.4]
	at org.springframework.security.web.access.ExceptionTranslationFilter.doFilter(ExceptionTranslationFilter.java:120) ~[spring-security-web-6.4.4.jar:6.4.4]
	at org.springframework.security.web.FilterChainProxy$VirtualFilterChain.doFilter(FilterChainProxy.java:374) ~[spring-security-web-6.4.4.jar:6.4.4]
	at org.springframework.security.web.authentication.AnonymousAuthenticationFilter.doFilter(AnonymousAuthenticationFilter.java:100) ~[spring-security-web-6.4.4.jar:6.4.4]
	at org.springframework.security.web.FilterChainProxy$VirtualFilterChain.doFilter(FilterChainProxy.java:374) ~[spring-security-web-6.4.4.jar:6.4.4]
	at org.springframework.security.web.servletapi.SecurityContextHolderAwareRequestFilter.doFilter(SecurityContextHolderAwareRequestFilter.java:179) ~[spring-security-web-6.4.4.jar:6.4.4]
	at org.springframework.security.web.FilterChainProxy$VirtualFilterChain.doFilter(FilterChainProxy.java:374) ~[spring-security-web-6.4.4.jar:6.4.4]
	at org.springframework.security.web.savedrequest.RequestCacheAwareFilter.doFilter(RequestCacheAwareFilter.java:63) ~[spring-security-web-6.4.4.jar:6.4.4]
	at org.springframework.security.web.FilterChainProxy$VirtualFilterChain.doFilter(FilterChainProxy.java:374) ~[spring-security-web-6.4.4.jar:6.4.4]
	at com.duoc.backend.JWTAuthorizationFilter.doFilterInternal(JWTAuthorizationFilter.java:70) ~[classes/:na]
	at org.springframework.web.filter.OncePerRequestFilter.doFilter(OncePerRequestFilter.java:116) ~[spring-web-6.2.5.jar:6.2.5]
	at org.springframework.security.web.FilterChainProxy$VirtualFilterChain.doFilter(FilterChainProxy.java:374) ~[spring-security-web-6.4.4.jar:6.4.4]
	at org.springframework.security.web.authentication.logout.LogoutFilter.doFilter(LogoutFilter.java:107) ~[spring-security-web-6.4.4.jar:6.4.4]
	at org.springframework.security.web.authentication.logout.LogoutFilter.doFilter(LogoutFilter.java:93) ~[spring-security-web-6.4.4.jar:6.4.4]
	at org.springframework.security.web.FilterChainProxy$VirtualFilterChain.doFilter(FilterChainProxy.java:374) ~[spring-security-web-6.4.4.jar:6.4.4]
	at org.springframework.security.web.header.HeaderWriterFilter.doHeadersAfter(HeaderWriterFilter.java:90) ~[spring-security-web-6.4.4.jar:6.4.4]
	at org.springframework.security.web.header.HeaderWriterFilter.doFilterInternal(HeaderWriterFilter.java:75) ~[spring-security-web-6.4.4.jar:6.4.4]
	at org.springframework.web.filter.OncePerRequestFilter.doFilter(OncePerRequestFilter.java:116) ~[spring-web-6.2.5.jar:6.2.5]
	at org.springframework.security.web.FilterChainProxy$VirtualFilterChain.doFilter(FilterChainProxy.java:374) ~[spring-security-web-6.4.4.jar:6.4.4]
	at org.springframework.security.web.context.SecurityContextHolderFilter.doFilter(SecurityContextHolderFilter.java:82) ~[spring-security-web-6.4.4.jar:6.4.4]
	at org.springframework.security.web.context.SecurityContextHolderFilter.doFilter(SecurityContextHolderFilter.java:69) ~[spring-security-web-6.4.4.jar:6.4.4]
	at org.springframework.security.web.FilterChainProxy$VirtualFilterChain.doFilter(FilterChainProxy.java:374) ~[spring-security-web-6.4.4.jar:6.4.4]
	at org.springframework.security.web.context.request.async.WebAsyncManagerIntegrationFilter.doFilterInternal(WebAsyncManagerIntegrationFilter.java:62) ~[spring-security-web-6.4.4.jar:6.4.4]
	at org.springframework.web.filter.OncePerRequestFilter.doFilter(OncePerRequestFilter.java:116) ~[spring-web-6.2.5.jar:6.2.5]
	at org.springframework.security.web.FilterChainProxy$VirtualFilterChain.doFilter(FilterChainProxy.java:374) ~[spring-security-web-6.4.4.jar:6.4.4]
	at org.springframework.security.web.session.DisableEncodeUrlFilter.doFilterInternal(DisableEncodeUrlFilter.java:42) ~[spring-security-web-6.4.4.jar:6.4.4]
	at org.springframework.web.filter.OncePerRequestFilter.doFilter(OncePerRequestFilter.java:116) ~[spring-web-6.2.5.jar:6.2.5]
	at org.springframework.security.web.FilterChainProxy$VirtualFilterChain.doFilter(FilterChainProxy.java:374) ~[spring-security-web-6.4.4.jar:6.4.4]
	at org.springframework.security.web.FilterChainProxy.doFilterInternal(FilterChainProxy.java:233) ~[spring-security-web-6.4.4.jar:6.4.4]
	at org.springframework.security.web.FilterChainProxy.doFilter(FilterChainProxy.java:191) ~[spring-security-web-6.4.4.jar:6.4.4]
	at org.springframework.web.filter.CompositeFilter$VirtualFilterChain.doFilter(CompositeFilter.java:113) ~[spring-web-6.2.5.jar:6.2.5]
	at org.springframework.web.servlet.handler.HandlerMappingIntrospector.lambda$createCacheFilter$3(HandlerMappingIntrospector.java:243) ~[spring-webmvc-6.2.5.jar:6.2.5]
	at org.springframework.web.filter.CompositeFilter$VirtualFilterChain.doFilter(CompositeFilter.java:113) ~[spring-web-6.2.5.jar:6.2.5]
	at org.springframework.web.filter.CompositeFilter.doFilter(CompositeFilter.java:74) ~[spring-web-6.2.5.jar:6.2.5]
	at org.springframework.security.config.annotation.web.configuration.WebMvcSecurityConfiguration$CompositeFilterChainProxy.doFilter(WebMvcSecurityConfiguration.java:238) ~[spring-security-config-6.4.4.jar:6.4.4]
	at org.springframework.web.filter.DelegatingFilterProxy.invokeDelegate(DelegatingFilterProxy.java:362) ~[spring-web-6.2.5.jar:6.2.5]
	at org.springframework.web.filter.DelegatingFilterProxy.doFilter(DelegatingFilterProxy.java:278) ~[spring-web-6.2.5.jar:6.2.5]
	at org.apache.catalina.core.ApplicationFilterChain.internalDoFilter(ApplicationFilterChain.java:164) ~[tomcat-embed-core-10.1.39.jar:10.1.39]
	at org.apache.catalina.core.ApplicationFilterChain.doFilter(ApplicationFilterChain.java:140) ~[tomcat-embed-core-10.1.39.jar:10.1.39]
	at org.springframework.web.filter.RequestContextFilter.doFilterInternal(RequestContextFilter.java:100) ~[spring-web-6.2.5.jar:6.2.5]
	at org.springframework.web.filter.OncePerRequestFilter.doFilter(OncePerRequestFilter.java:116) ~[spring-web-6.2.5.jar:6.2.5]
	at org.apache.catalina.core.ApplicationFilterChain.internalDoFilter(ApplicationFilterChain.java:164) ~[tomcat-embed-core-10.1.39.jar:10.1.39]
	at org.apache.catalina.core.ApplicationFilterChain.doFilter(ApplicationFilterChain.java:140) ~[tomcat-embed-core-10.1.39.jar:10.1.39]
	at org.springframework.web.filter.FormContentFilter.doFilterInternal(FormContentFilter.java:93) ~[spring-web-6.2.5.jar:6.2.5]
	at org.springframework.web.filter.OncePerRequestFilter.doFilter(OncePerRequestFilter.java:116) ~[spring-web-6.2.5.jar:6.2.5]
	at org.apache.catalina.core.ApplicationFilterChain.internalDoFilter(ApplicationFilterChain.java:164) ~[tomcat-embed-core-10.1.39.jar:10.1.39]
	at org.apache.catalina.core.ApplicationFilterChain.doFilter(ApplicationFilterChain.java:140) ~[tomcat-embed-core-10.1.39.jar:10.1.39]
	at org.springframework.web.filter.CharacterEncodingFilter.doFilterInternal(CharacterEncodingFilter.java:201) ~[spring-web-6.2.5.jar:6.2.5]
	at org.springframework.web.filter.OncePerRequestFilter.doFilter(OncePerRequestFilter.java:116) ~[spring-web-6.2.5.jar:6.2.5]
	at org.apache.catalina.core.ApplicationFilterChain.internalDoFilter(ApplicationFilterChain.java:164) ~[tomcat-embed-core-10.1.39.jar:10.1.39]
	at org.apache.catalina.core.ApplicationFilterChain.doFilter(ApplicationFilterChain.java:140) ~[tomcat-embed-core-10.1.39.jar:10.1.39]
	at org.apache.catalina.core.StandardWrapperValve.invoke(StandardWrapperValve.java:167) ~[tomcat-embed-core-10.1.39.jar:10.1.39]
	at org.apache.catalina.core.StandardContextValve.invoke(StandardContextValve.java:90) ~[tomcat-embed-core-10.1.39.jar:10.1.39]
	at org.apache.catalina.authenticator.AuthenticatorBase.invoke(AuthenticatorBase.java:483) ~[tomcat-embed-core-10.1.39.jar:10.1.39]
	at org.apache.catalina.core.StandardHostValve.invoke(StandardHostValve.java:115) ~[tomcat-embed-core-10.1.39.jar:10.1.39]
	at org.apache.catalina.valves.ErrorReportValve.invoke(ErrorReportValve.java:93) ~[tomcat-embed-core-10.1.39.jar:10.1.39]
	at org.apache.catalina.core.StandardEngineValve.invoke(StandardEngineValve.java:74) ~[tomcat-embed-core-10.1.39.jar:10.1.39]
	at org.apache.catalina.connector.CoyoteAdapter.service(CoyoteAdapter.java:344) ~[tomcat-embed-core-10.1.39.jar:10.1.39]
	at org.apache.coyote.http11.Http11Processor.service(Http11Processor.java:397) ~[tomcat-embed-core-10.1.39.jar:10.1.39]
	at org.apache.coyote.AbstractProcessorLight.process(AbstractProcessorLight.java:63) ~[tomcat-embed-core-10.1.39.jar:10.1.39]
	at org.apache.coyote.AbstractProtocol$ConnectionHandler.process(AbstractProtocol.java:905) ~[tomcat-embed-core-10.1.39.jar:10.1.39]
	at org.apache.tomcat.util.net.NioEndpoint$SocketProcessor.doRun(NioEndpoint.java:1743) ~[tomcat-embed-core-10.1.39.jar:10.1.39]
	at org.apache.tomcat.util.net.SocketProcessorBase.run(SocketProcessorBase.java:52) ~[tomcat-embed-core-10.1.39.jar:10.1.39]
	at org.apache.tomcat.util.threads.ThreadPoolExecutor.runWorker(ThreadPoolExecutor.java:1190) ~[tomcat-embed-core-10.1.39.jar:10.1.39]
	at org.apache.tomcat.util.threads.ThreadPoolExecutor$Worker.run(ThreadPoolExecutor.java:659) ~[tomcat-embed-core-10.1.39.jar:10.1.39]
	at org.apache.tomcat.util.threads.TaskThread$WrappingRunnable.run(TaskThread.java:63) ~[tomcat-embed-core-10.1.39.jar:10.1.39]
	at java.base/java.lang.Thread.run(Thread.java:842) ~[na:na]

2026-08-31T13:42:48.969-04:00 DEBUG 20072 --- [backend] [http-nio-8180-exec-3] org.hibernate.orm.sql.ast.tree           : SQL AST Tree:
    SelectStatement {
      FromClause {
        StandardTableGroup (p1 : com.duoc.backend.patient.Patient(13)) {
          primaryTableReference : patient as p1_0
        }
      }
    }

2026-08-31T13:42:49.028-04:00 DEBUG 20072 --- [backend] [http-nio-8180-exec-3] org.hibernate.orm.sql.exec               : Skipping reading Query result cache data: cache-enabled = false, cache-mode = NORMAL
2026-08-31T13:42:49.040-04:00 TRACE 20072 --- [backend] [http-nio-8180-exec-3] o.h.s.r.j.i.DeferredResultSetAccess      : Executing query to retrieve ResultSet : select p1_0.id,p1_0.age,p1_0.breed,p1_0.name,p1_0.owner,p1_0.species from patient p1_0
2026-08-31T13:42:49.043-04:00 DEBUG 20072 --- [backend] [http-nio-8180-exec-3] org.hibernate.SQL                        : select p1_0.id,p1_0.age,p1_0.breed,p1_0.name,p1_0.owner,p1_0.species from patient p1_0
2026-08-31T13:42:49.043-04:00 TRACE 20072 --- [backend] [http-nio-8180-exec-3] o.h.r.j.i.ResourceRegistryStandardImpl   : Registering statement [HikariProxyPreparedStatement@2097418603 wrapping com.mysql.cj.jdbc.ClientPreparedStatement: select p1_0.id,p1_0.age,p1_0.breed,p1_0.name,p1_0.owner,p1_0.species from patient p1_0]
2026-08-31T13:42:49.045-04:00 TRACE 20072 --- [backend] [http-nio-8180-exec-3] o.h.e.jdbc.internal.JdbcCoordinatorImpl  : Registering last query statement [HikariProxyPreparedStatement@2097418603 wrapping com.mysql.cj.jdbc.ClientPreparedStatement: select p1_0.id,p1_0.age,p1_0.breed,p1_0.name,p1_0.owner,p1_0.species from patient p1_0]
2026-08-31T13:42:49.053-04:00 TRACE 20072 --- [backend] [http-nio-8180-exec-3] o.h.r.j.i.ResourceRegistryStandardImpl   : Registering result set [HikariProxyResultSet@769863440 wrapping com.mysql.cj.jdbc.result.ResultSetImpl@3b034247]
2026-08-31T13:42:49.054-04:00 TRACE 20072 --- [backend] [http-nio-8180-exec-3] org.hibernate.orm.results                : Registering initializer : EntityJoinedFetchInitializer(com.duoc.backend.patient.Patient(13))
2026-08-31T13:42:49.055-04:00 DEBUG 20072 --- [backend] [http-nio-8180-exec-3] org.hibernate.orm.results                : Initializer list:
	  com.duoc.backend.patient.Patient(13) -> EntityJoinedFetchInitializer(com.duoc.backend.patient.Patient(13))@1492656357 (SingleTableEntityPersister(com.duoc.backend.patient.Patient))

2026-08-31T13:42:49.055-04:00 TRACE 20072 --- [backend] [http-nio-8180-exec-3] org.hibernate.orm.jdbc.extract           : extracted value (1:BIGINT) -> [1]
2026-08-31T13:42:49.056-04:00 TRACE 20072 --- [backend] [http-nio-8180-exec-3] org.hibernate.orm.jdbc.extract           : extracted value (2:INTEGER) -> [3]
2026-08-31T13:42:49.056-04:00 TRACE 20072 --- [backend] [http-nio-8180-exec-3] org.hibernate.orm.jdbc.extract           : extracted value (3:VARCHAR) -> [Labrador]
2026-08-31T13:42:49.056-04:00 TRACE 20072 --- [backend] [http-nio-8180-exec-3] org.hibernate.orm.jdbc.extract           : extracted value (4:VARCHAR) -> [Luna]
2026-08-31T13:42:49.056-04:00 TRACE 20072 --- [backend] [http-nio-8180-exec-3] org.hibernate.orm.jdbc.extract           : extracted value (5:VARCHAR) -> [Ana Pérez]
2026-08-31T13:42:49.056-04:00 TRACE 20072 --- [backend] [http-nio-8180-exec-3] org.hibernate.orm.jdbc.extract           : extracted value (6:VARCHAR) -> [Perro]
2026-08-31T13:42:49.056-04:00 TRACE 20072 --- [backend] [http-nio-8180-exec-3] org.hibernate.orm.jdbc.extract           : extracted value (1:BIGINT) -> [2]
2026-08-31T13:42:49.057-04:00 TRACE 20072 --- [backend] [http-nio-8180-exec-3] org.hibernate.orm.jdbc.extract           : extracted value (2:INTEGER) -> [5]
2026-08-31T13:42:49.057-04:00 TRACE 20072 --- [backend] [http-nio-8180-exec-3] org.hibernate.orm.jdbc.extract           : extracted value (3:VARCHAR) -> [Siamés]
2026-08-31T13:42:49.057-04:00 TRACE 20072 --- [backend] [http-nio-8180-exec-3] org.hibernate.orm.jdbc.extract           : extracted value (4:VARCHAR) -> [Milo]
2026-08-31T13:42:49.057-04:00 TRACE 20072 --- [backend] [http-nio-8180-exec-3] org.hibernate.orm.jdbc.extract           : extracted value (5:VARCHAR) -> [Carlos Soto]
2026-08-31T13:42:49.058-04:00 TRACE 20072 --- [backend] [http-nio-8180-exec-3] org.hibernate.orm.jdbc.extract           : extracted value (6:VARCHAR) -> [Gato]
2026-08-31T13:42:49.058-04:00 TRACE 20072 --- [backend] [http-nio-8180-exec-3] org.hibernate.orm.jdbc.extract           : extracted value (1:BIGINT) -> [4]
2026-08-31T13:42:49.058-04:00 TRACE 20072 --- [backend] [http-nio-8180-exec-3] org.hibernate.orm.jdbc.extract           : extracted value (2:INTEGER) -> [3]
2026-08-31T13:42:49.058-04:00 TRACE 20072 --- [backend] [http-nio-8180-exec-3] org.hibernate.orm.jdbc.extract           : extracted value (3:VARCHAR) -> [Labrador]
2026-08-31T13:42:49.058-04:00 TRACE 20072 --- [backend] [http-nio-8180-exec-3] org.hibernate.orm.jdbc.extract           : extracted value (4:VARCHAR) -> [Luna]
2026-08-31T13:42:49.058-04:00 TRACE 20072 --- [backend] [http-nio-8180-exec-3] org.hibernate.orm.jdbc.extract           : extracted value (5:VARCHAR) -> [Ana Pérez]
2026-08-31T13:42:49.059-04:00 TRACE 20072 --- [backend] [http-nio-8180-exec-3] org.hibernate.orm.jdbc.extract           : extracted value (6:VARCHAR) -> [Perro]
2026-08-31T13:42:49.059-04:00 TRACE 20072 --- [backend] [http-nio-8180-exec-3] org.hibernate.orm.jdbc.extract           : extracted value (1:BIGINT) -> [5]
2026-08-31T13:42:49.059-04:00 TRACE 20072 --- [backend] [http-nio-8180-exec-3] org.hibernate.orm.jdbc.extract           : extracted value (2:INTEGER) -> [5]
2026-08-31T13:42:49.059-04:00 TRACE 20072 --- [backend] [http-nio-8180-exec-3] org.hibernate.orm.jdbc.extract           : extracted value (3:VARCHAR) -> [Siamés]
2026-08-31T13:42:49.059-04:00 TRACE 20072 --- [backend] [http-nio-8180-exec-3] org.hibernate.orm.jdbc.extract           : extracted value (4:VARCHAR) -> [Milo]
2026-08-31T13:42:49.059-04:00 TRACE 20072 --- [backend] [http-nio-8180-exec-3] org.hibernate.orm.jdbc.extract           : extracted value (5:VARCHAR) -> [Carlos Soto]
2026-08-31T13:42:49.059-04:00 TRACE 20072 --- [backend] [http-nio-8180-exec-3] org.hibernate.orm.jdbc.extract           : extracted value (6:VARCHAR) -> [Gato]
2026-08-31T13:42:49.060-04:00 TRACE 20072 --- [backend] [http-nio-8180-exec-3] org.hibernate.orm.jdbc.extract           : extracted value (1:BIGINT) -> [6]
2026-08-31T13:42:49.060-04:00 TRACE 20072 --- [backend] [http-nio-8180-exec-3] org.hibernate.orm.jdbc.extract           : extracted value (2:INTEGER) -> [2]
2026-08-31T13:42:49.076-04:00 TRACE 20072 --- [backend] [http-nio-8180-exec-3] org.hibernate.orm.jdbc.extract           : extracted value (3:VARCHAR) -> [Beagle]
2026-08-31T13:42:49.076-04:00 TRACE 20072 --- [backend] [http-nio-8180-exec-3] org.hibernate.orm.jdbc.extract           : extracted value (4:VARCHAR) -> [Rocky]
2026-08-31T13:42:49.076-04:00 TRACE 20072 --- [backend] [http-nio-8180-exec-3] org.hibernate.orm.jdbc.extract           : extracted value (5:VARCHAR) -> [María López]
2026-08-31T13:42:49.076-04:00 TRACE 20072 --- [backend] [http-nio-8180-exec-3] org.hibernate.orm.jdbc.extract           : extracted value (6:VARCHAR) -> [Perro]
2026-08-31T13:42:49.077-04:00 TRACE 20072 --- [backend] [http-nio-8180-exec-3] o.h.r.j.i.ResourceRegistryStandardImpl   : Releasing result set [HikariProxyResultSet@769863440 wrapping com.mysql.cj.jdbc.result.ResultSetImpl@3b034247]
2026-08-31T13:42:49.077-04:00 TRACE 20072 --- [backend] [http-nio-8180-exec-3] o.h.r.j.i.ResourceRegistryStandardImpl   : Closing result set [HikariProxyResultSet@769863440 wrapping com.mysql.cj.jdbc.result.ResultSetImpl@3b034247]
2026-08-31T13:42:49.077-04:00 TRACE 20072 --- [backend] [http-nio-8180-exec-3] o.h.r.j.i.ResourceRegistryStandardImpl   : Releasing statement [HikariProxyPreparedStatement@2097418603 wrapping com.mysql.cj.jdbc.ClientPreparedStatement: select p1_0.id,p1_0.age,p1_0.breed,p1_0.name,p1_0.owner,p1_0.species from patient p1_0]
2026-08-31T13:42:49.077-04:00 TRACE 20072 --- [backend] [http-nio-8180-exec-3] o.h.r.j.i.ResourceRegistryStandardImpl   : Closing prepared statement [HikariProxyPreparedStatement@2097418603 wrapping com.mysql.cj.jdbc.ClientPreparedStatement: select p1_0.id,p1_0.age,p1_0.breed,p1_0.name,p1_0.owner,p1_0.species from patient p1_0]
2026-08-31T13:42:49.078-04:00 TRACE 20072 --- [backend] [http-nio-8180-exec-3] j.i.AbstractLogicalConnectionImplementor : LogicalConnection#afterStatement
2026-08-31T13:42:49.079-04:00 TRACE 20072 --- [backend] [http-nio-8180-exec-3] o.h.e.i.StatefulPersistenceContext       : Initializing non-lazy collections
2026-08-31T13:42:49.079-04:00 DEBUG 20072 --- [backend] [http-nio-8180-exec-3] o.h.e.t.internal.TransactionImpl         : committing
2026-08-31T13:42:49.079-04:00 TRACE 20072 --- [backend] [http-nio-8180-exec-3] cResourceLocalTransactionCoordinatorImpl : ResourceLocalTransactionCoordinatorImpl#beforeCompletionCallback
2026-08-31T13:42:49.079-04:00 TRACE 20072 --- [backend] [http-nio-8180-exec-3] org.hibernate.internal.SessionImpl       : SessionImpl#beforeTransactionCompletion()
2026-08-31T13:42:49.079-04:00 TRACE 20072 --- [backend] [http-nio-8180-exec-3] j.i.AbstractLogicalConnectionImplementor : LogicalConnection#beforeTransactionCompletion
2026-08-31T13:42:49.079-04:00 TRACE 20072 --- [backend] [http-nio-8180-exec-3] .t.i.SynchronizationRegistryStandardImpl : SynchronizationRegistryStandardImpl.notifySynchronizationsBeforeTransactionCompletion
2026-08-31T13:42:49.079-04:00 TRACE 20072 --- [backend] [http-nio-8180-exec-3] j.i.AbstractLogicalConnectionImplementor : Preparing to commit transaction via JDBC Connection.commit()
2026-08-31T13:42:49.082-04:00 TRACE 20072 --- [backend] [http-nio-8180-exec-3] j.i.AbstractLogicalConnectionImplementor : Transaction committed via JDBC Connection.commit()
2026-08-31T13:42:49.083-04:00 TRACE 20072 --- [backend] [http-nio-8180-exec-3] j.i.AbstractLogicalConnectionImplementor : re-enabling auto-commit on JDBC Connection after completion of JDBC-based transaction
2026-08-31T13:42:49.085-04:00 TRACE 20072 --- [backend] [http-nio-8180-exec-3] j.i.AbstractLogicalConnectionImplementor : LogicalConnection#afterTransaction
2026-08-31T13:42:49.085-04:00 TRACE 20072 --- [backend] [http-nio-8180-exec-3] o.h.r.j.i.ResourceRegistryStandardImpl   : Releasing JDBC resources
2026-08-31T13:42:49.085-04:00 TRACE 20072 --- [backend] [http-nio-8180-exec-3] cResourceLocalTransactionCoordinatorImpl : ResourceLocalTransactionCoordinatorImpl#afterCompletionCallback(true)
2026-08-31T13:42:49.085-04:00 TRACE 20072 --- [backend] [http-nio-8180-exec-3] .t.i.SynchronizationRegistryStandardImpl : SynchronizationRegistryStandardImpl.notifySynchronizationsAfterTransactionCompletion(3)
2026-08-31T13:42:49.085-04:00 TRACE 20072 --- [backend] [http-nio-8180-exec-3] org.hibernate.internal.SessionImpl       : SessionImpl#afterTransactionCompletion(successful=true, delayed=false)
2026-08-31T13:42:49.091-04:00 DEBUG 20072 --- [backend] [http-nio-8180-exec-3] m.m.a.RequestResponseBodyMethodProcessor : Using 'application/json', given [*/*] and supported [application/json, application/*+json]
2026-08-31T13:42:49.091-04:00 TRACE 20072 --- [backend] [http-nio-8180-exec-3] m.m.a.RequestResponseBodyMethodProcessor : Writing [[com.duoc.backend.patient.Patient@5aaedd8, com.duoc.backend.patient.Patient@3105c9d2, com.duoc.backend.patient.Patient@1035b4cf, com.duoc.backend.patient.Patient@9535124, com.duoc.backend.patient.Patient@5b45b9fb]]
2026-08-31T13:42:49.092-04:00 TRACE 20072 --- [backend] [http-nio-8180-exec-3] o.s.web.servlet.DispatcherServlet        : No view rendering, null ModelAndView returned.
2026-08-31T13:42:49.093-04:00 TRACE 20072 --- [backend] [http-nio-8180-exec-3] org.hibernate.internal.SessionImpl       : Closing session [cd3f5abc-7ea6-415f-bbab-c6b68ab76967]
2026-08-31T13:42:49.093-04:00 TRACE 20072 --- [backend] [http-nio-8180-exec-3] o.h.e.jdbc.internal.JdbcCoordinatorImpl  : Closing JDBC container [org.hibernate.engine.jdbc.internal.JdbcCoordinatorImpl@4491b018]
2026-08-31T13:42:49.093-04:00 TRACE 20072 --- [backend] [http-nio-8180-exec-3] o.h.r.j.i.ResourceRegistryStandardImpl   : Releasing JDBC resources
2026-08-31T13:42:49.093-04:00 TRACE 20072 --- [backend] [http-nio-8180-exec-3] o.h.r.j.i.LogicalConnectionManagedImpl   : Closing logical connection
2026-08-31T13:42:49.094-04:00 TRACE 20072 --- [backend] [http-nio-8180-exec-3] o.h.r.j.i.ResourceRegistryStandardImpl   : Releasing JDBC resources
2026-08-31T13:42:49.094-04:00 TRACE 20072 --- [backend] [http-nio-8180-exec-3] o.h.r.j.i.LogicalConnectionManagedImpl   : Logical connection closed
2026-08-31T13:42:49.094-04:00 DEBUG 20072 --- [backend] [http-nio-8180-exec-3] o.s.web.servlet.DispatcherServlet        : Completed 200 OK, headers={masked}
2026-08-31T13:43:12.920-04:00 DEBUG 20072 --- [backend] [HikariPool-1 housekeeper] com.zaxxer.hikari.pool.HikariPool        : HikariPool-1 - Pool stats (total=10, active=0, idle=10, waiting=0)
2026-08-31T13:43:12.920-04:00 DEBUG 20072 --- [backend] [HikariPool-1 housekeeper] com.zaxxer.hikari.pool.HikariPool        : HikariPool-1 - Fill pool skipped, pool has sufficient level or currently being filled.
2026-08-31T13:43:16.040-04:00 DEBUG 20072 --- [backend] [http-nio-8180-exec-1] o.s.security.web.FilterChainProxy        : Securing GET /patient/2
2026-08-31T13:43:16.046-04:00 DEBUG 20072 --- [backend] [http-nio-8180-exec-1] o.s.security.web.FilterChainProxy        : Secured GET /patient/2
2026-08-31T13:43:16.047-04:00 TRACE 20072 --- [backend] [http-nio-8180-exec-1] o.s.web.servlet.DispatcherServlet        : GET "/patient/2", parameters={}, headers={masked} in DispatcherServlet 'dispatcherServlet'
2026-08-31T13:43:16.047-04:00 TRACE 20072 --- [backend] [http-nio-8180-exec-1] s.w.s.m.m.a.RequestMappingHandlerMapping : Mapped to com.duoc.backend.patient.PatientController#getPatientById(Long)
2026-08-31T13:43:16.047-04:00 TRACE 20072 --- [backend] [http-nio-8180-exec-1] .i.SessionFactoryImpl$SessionBuilderImpl : Opening Hibernate Session.  tenant=null
2026-08-31T13:43:16.047-04:00 TRACE 20072 --- [backend] [http-nio-8180-exec-1] org.hibernate.internal.SessionImpl       : Opened Session [4f09ac35-6baf-482a-85e4-456f43656a23] at timestamp: 1788198196047
2026-08-31T13:43:16.062-04:00 TRACE 20072 --- [backend] [http-nio-8180-exec-1] o.s.web.method.HandlerMethod             : Arguments: [2]
2026-08-31T13:43:16.067-04:00 DEBUG 20072 --- [backend] [http-nio-8180-exec-1] o.h.e.t.internal.TransactionImpl         : On TransactionImpl creation, JpaCompliance#isJpaTransactionComplianceEnabled == false
2026-08-31T13:43:16.067-04:00 DEBUG 20072 --- [backend] [http-nio-8180-exec-1] o.h.e.t.internal.TransactionImpl         : begin
2026-08-31T13:43:16.067-04:00 TRACE 20072 --- [backend] [http-nio-8180-exec-1] j.i.AbstractLogicalConnectionImplementor : Preparing to begin transaction via JDBC Connection.setAutoCommit(false)
2026-08-31T13:43:16.068-04:00 TRACE 20072 --- [backend] [http-nio-8180-exec-1] j.i.AbstractLogicalConnectionImplementor : Transaction begun via JDBC Connection.setAutoCommit(false)
2026-08-31T13:43:16.069-04:00 TRACE 20072 --- [backend] [http-nio-8180-exec-1] cResourceLocalTransactionCoordinatorImpl : ResourceLocalTransactionCoordinatorImpl#afterBeginCallback
2026-08-31T13:43:16.071-04:00 TRACE 20072 --- [backend] [http-nio-8180-exec-1] o.h.e.internal.DefaultLoadEventListener  : Loading entity: [com.duoc.backend.patient.Patient#2]
2026-08-31T13:43:16.072-04:00 TRACE 20072 --- [backend] [http-nio-8180-exec-1] o.h.e.internal.DefaultLoadEventListener  : Attempting to resolve: [com.duoc.backend.patient.Patient#2]
2026-08-31T13:43:16.072-04:00 TRACE 20072 --- [backend] [http-nio-8180-exec-1] o.h.e.internal.DefaultLoadEventListener  : Object not resolved in any cache: [com.duoc.backend.patient.Patient#2]
2026-08-31T13:43:16.072-04:00 TRACE 20072 --- [backend] [http-nio-8180-exec-1] o.h.p.entity.AbstractEntityPersister     : Fetching entity: [com.duoc.backend.patient.Patient#2]
2026-08-31T13:43:16.073-04:00 DEBUG 20072 --- [backend] [http-nio-8180-exec-1] org.hibernate.orm.sql.exec               : Skipping reading Query result cache data: cache-enabled = false, cache-mode = IGNORE
2026-08-31T13:43:16.073-04:00 TRACE 20072 --- [backend] [http-nio-8180-exec-1] o.h.s.r.j.i.DeferredResultSetAccess      : Executing query to retrieve ResultSet : select p1_0.id,p1_0.age,p1_0.breed,p1_0.name,p1_0.owner,p1_0.species from patient p1_0 where p1_0.id=?
2026-08-31T13:43:16.073-04:00 DEBUG 20072 --- [backend] [http-nio-8180-exec-1] org.hibernate.SQL                        : select p1_0.id,p1_0.age,p1_0.breed,p1_0.name,p1_0.owner,p1_0.species from patient p1_0 where p1_0.id=?
2026-08-31T13:43:16.073-04:00 TRACE 20072 --- [backend] [http-nio-8180-exec-1] o.h.r.j.i.ResourceRegistryStandardImpl   : Registering statement [HikariProxyPreparedStatement@957978521 wrapping com.mysql.cj.jdbc.ClientPreparedStatement: select p1_0.id,p1_0.age,p1_0.breed,p1_0.name,p1_0.owner,p1_0.species from patient p1_0 where p1_0.id=** NOT SPECIFIED **]
2026-08-31T13:43:16.073-04:00 TRACE 20072 --- [backend] [http-nio-8180-exec-1] o.h.e.jdbc.internal.JdbcCoordinatorImpl  : Registering last query statement [HikariProxyPreparedStatement@957978521 wrapping com.mysql.cj.jdbc.ClientPreparedStatement: select p1_0.id,p1_0.age,p1_0.breed,p1_0.name,p1_0.owner,p1_0.species from patient p1_0 where p1_0.id=** NOT SPECIFIED **]
2026-08-31T13:43:16.073-04:00 TRACE 20072 --- [backend] [http-nio-8180-exec-1] org.hibernate.orm.jdbc.bind              : binding parameter (1:BIGINT) <- [2]
2026-08-31T13:43:16.078-04:00 TRACE 20072 --- [backend] [http-nio-8180-exec-1] o.h.r.j.i.ResourceRegistryStandardImpl   : Registering result set [HikariProxyResultSet@358873705 wrapping com.mysql.cj.jdbc.result.ResultSetImpl@61559273]
2026-08-31T13:43:16.079-04:00 TRACE 20072 --- [backend] [http-nio-8180-exec-1] org.hibernate.orm.jdbc.extract           : extracted value (2:INTEGER) -> [5]
2026-08-31T13:43:16.079-04:00 TRACE 20072 --- [backend] [http-nio-8180-exec-1] org.hibernate.orm.jdbc.extract           : extracted value (3:VARCHAR) -> [Siamés]
2026-08-31T13:43:16.079-04:00 TRACE 20072 --- [backend] [http-nio-8180-exec-1] org.hibernate.orm.jdbc.extract           : extracted value (4:VARCHAR) -> [Milo]
2026-08-31T13:43:16.079-04:00 TRACE 20072 --- [backend] [http-nio-8180-exec-1] org.hibernate.orm.jdbc.extract           : extracted value (5:VARCHAR) -> [Carlos Soto]
2026-08-31T13:43:16.079-04:00 TRACE 20072 --- [backend] [http-nio-8180-exec-1] org.hibernate.orm.jdbc.extract           : extracted value (6:VARCHAR) -> [Gato]
2026-08-31T13:43:16.079-04:00 TRACE 20072 --- [backend] [http-nio-8180-exec-1] o.h.r.j.i.ResourceRegistryStandardImpl   : Releasing result set [HikariProxyResultSet@358873705 wrapping com.mysql.cj.jdbc.result.ResultSetImpl@61559273]
2026-08-31T13:43:16.079-04:00 TRACE 20072 --- [backend] [http-nio-8180-exec-1] o.h.r.j.i.ResourceRegistryStandardImpl   : Closing result set [HikariProxyResultSet@358873705 wrapping com.mysql.cj.jdbc.result.ResultSetImpl@61559273]
2026-08-31T13:43:16.079-04:00 TRACE 20072 --- [backend] [http-nio-8180-exec-1] o.h.r.j.i.ResourceRegistryStandardImpl   : Releasing statement [HikariProxyPreparedStatement@957978521 wrapping com.mysql.cj.jdbc.ClientPreparedStatement: select p1_0.id,p1_0.age,p1_0.breed,p1_0.name,p1_0.owner,p1_0.species from patient p1_0 where p1_0.id=2]
2026-08-31T13:43:16.080-04:00 TRACE 20072 --- [backend] [http-nio-8180-exec-1] o.h.r.j.i.ResourceRegistryStandardImpl   : Closing prepared statement [HikariProxyPreparedStatement@957978521 wrapping com.mysql.cj.jdbc.ClientPreparedStatement: select p1_0.id,p1_0.age,p1_0.breed,p1_0.name,p1_0.owner,p1_0.species from patient p1_0 where p1_0.id=2]
2026-08-31T13:43:16.080-04:00 TRACE 20072 --- [backend] [http-nio-8180-exec-1] j.i.AbstractLogicalConnectionImplementor : LogicalConnection#afterStatement
2026-08-31T13:43:16.080-04:00 TRACE 20072 --- [backend] [http-nio-8180-exec-1] o.h.e.i.StatefulPersistenceContext       : Initializing non-lazy collections
2026-08-31T13:43:16.080-04:00 DEBUG 20072 --- [backend] [http-nio-8180-exec-1] o.h.e.t.internal.TransactionImpl         : committing
2026-08-31T13:43:16.080-04:00 TRACE 20072 --- [backend] [http-nio-8180-exec-1] cResourceLocalTransactionCoordinatorImpl : ResourceLocalTransactionCoordinatorImpl#beforeCompletionCallback
2026-08-31T13:43:16.080-04:00 TRACE 20072 --- [backend] [http-nio-8180-exec-1] org.hibernate.internal.SessionImpl       : SessionImpl#beforeTransactionCompletion()
2026-08-31T13:43:16.081-04:00 TRACE 20072 --- [backend] [http-nio-8180-exec-1] j.i.AbstractLogicalConnectionImplementor : LogicalConnection#beforeTransactionCompletion
2026-08-31T13:43:16.081-04:00 TRACE 20072 --- [backend] [http-nio-8180-exec-1] .t.i.SynchronizationRegistryStandardImpl : SynchronizationRegistryStandardImpl.notifySynchronizationsBeforeTransactionCompletion
2026-08-31T13:43:16.081-04:00 TRACE 20072 --- [backend] [http-nio-8180-exec-1] j.i.AbstractLogicalConnectionImplementor : Preparing to commit transaction via JDBC Connection.commit()
2026-08-31T13:43:16.083-04:00 TRACE 20072 --- [backend] [http-nio-8180-exec-1] j.i.AbstractLogicalConnectionImplementor : Transaction committed via JDBC Connection.commit()
2026-08-31T13:43:16.083-04:00 TRACE 20072 --- [backend] [http-nio-8180-exec-1] j.i.AbstractLogicalConnectionImplementor : re-enabling auto-commit on JDBC Connection after completion of JDBC-based transaction
2026-08-31T13:43:16.087-04:00 TRACE 20072 --- [backend] [http-nio-8180-exec-1] j.i.AbstractLogicalConnectionImplementor : LogicalConnection#afterTransaction
2026-08-31T13:43:16.087-04:00 TRACE 20072 --- [backend] [http-nio-8180-exec-1] o.h.r.j.i.ResourceRegistryStandardImpl   : Releasing JDBC resources
2026-08-31T13:43:16.089-04:00 TRACE 20072 --- [backend] [http-nio-8180-exec-1] cResourceLocalTransactionCoordinatorImpl : ResourceLocalTransactionCoordinatorImpl#afterCompletionCallback(true)
2026-08-31T13:43:16.091-04:00 TRACE 20072 --- [backend] [http-nio-8180-exec-1] .t.i.SynchronizationRegistryStandardImpl : SynchronizationRegistryStandardImpl.notifySynchronizationsAfterTransactionCompletion(3)
2026-08-31T13:43:16.091-04:00 TRACE 20072 --- [backend] [http-nio-8180-exec-1] org.hibernate.internal.SessionImpl       : SessionImpl#afterTransactionCompletion(successful=true, delayed=false)
2026-08-31T13:43:16.096-04:00 DEBUG 20072 --- [backend] [http-nio-8180-exec-1] m.m.a.RequestResponseBodyMethodProcessor : Using 'application/json', given [*/*] and supported [application/json, application/*+json]
2026-08-31T13:43:16.097-04:00 TRACE 20072 --- [backend] [http-nio-8180-exec-1] m.m.a.RequestResponseBodyMethodProcessor : Writing [com.duoc.backend.patient.Patient@2aae7e5b]
2026-08-31T13:43:16.098-04:00 TRACE 20072 --- [backend] [http-nio-8180-exec-1] o.s.web.servlet.DispatcherServlet        : No view rendering, null ModelAndView returned.
2026-08-31T13:43:16.100-04:00 TRACE 20072 --- [backend] [http-nio-8180-exec-1] org.hibernate.internal.SessionImpl       : Closing session [4f09ac35-6baf-482a-85e4-456f43656a23]
2026-08-31T13:43:16.100-04:00 TRACE 20072 --- [backend] [http-nio-8180-exec-1] o.h.e.jdbc.internal.JdbcCoordinatorImpl  : Closing JDBC container [org.hibernate.engine.jdbc.internal.JdbcCoordinatorImpl@5f7e91c8]
2026-08-31T13:43:16.100-04:00 TRACE 20072 --- [backend] [http-nio-8180-exec-1] o.h.r.j.i.ResourceRegistryStandardImpl   : Releasing JDBC resources
2026-08-31T13:43:16.100-04:00 TRACE 20072 --- [backend] [http-nio-8180-exec-1] o.h.r.j.i.LogicalConnectionManagedImpl   : Closing logical connection
2026-08-31T13:43:16.101-04:00 TRACE 20072 --- [backend] [http-nio-8180-exec-1] o.h.r.j.i.ResourceRegistryStandardImpl   : Releasing JDBC resources
2026-08-31T13:43:16.101-04:00 TRACE 20072 --- [backend] [http-nio-8180-exec-1] o.h.r.j.i.LogicalConnectionManagedImpl   : Logical connection closed
2026-08-31T13:43:16.102-04:00 DEBUG 20072 --- [backend] [http-nio-8180-exec-1] o.s.web.servlet.DispatcherServlet        : Completed 200 OK, headers={masked}
2026-08-31T13:43:34.308-04:00 DEBUG 20072 --- [backend] [http-nio-8180-exec-5] o.s.security.web.FilterChainProxy        : Securing DELETE /patient/3
2026-08-31T13:43:34.314-04:00 DEBUG 20072 --- [backend] [http-nio-8180-exec-5] o.s.security.web.FilterChainProxy        : Secured DELETE /patient/3
2026-08-31T13:43:34.315-04:00 TRACE 20072 --- [backend] [http-nio-8180-exec-5] o.s.web.servlet.DispatcherServlet        : DELETE "/patient/3", parameters={}, headers={masked} in DispatcherServlet 'dispatcherServlet'
2026-08-31T13:43:34.315-04:00 TRACE 20072 --- [backend] [http-nio-8180-exec-5] s.w.s.m.m.a.RequestMappingHandlerMapping : Mapped to com.duoc.backend.patient.PatientController#deletePatient(Long)
2026-08-31T13:43:34.315-04:00 TRACE 20072 --- [backend] [http-nio-8180-exec-5] .i.SessionFactoryImpl$SessionBuilderImpl : Opening Hibernate Session.  tenant=null
2026-08-31T13:43:34.316-04:00 TRACE 20072 --- [backend] [http-nio-8180-exec-5] org.hibernate.internal.SessionImpl       : Opened Session [7dad24dd-432b-47e0-846f-364f45ba4c13] at timestamp: 1788198214316
2026-08-31T13:43:34.318-04:00 TRACE 20072 --- [backend] [http-nio-8180-exec-5] o.s.web.method.HandlerMethod             : Arguments: [3]
2026-08-31T13:43:34.318-04:00 DEBUG 20072 --- [backend] [http-nio-8180-exec-5] o.h.e.t.internal.TransactionImpl         : On TransactionImpl creation, JpaCompliance#isJpaTransactionComplianceEnabled == false
2026-08-31T13:43:34.318-04:00 DEBUG 20072 --- [backend] [http-nio-8180-exec-5] o.h.e.t.internal.TransactionImpl         : begin
2026-08-31T13:43:34.321-04:00 TRACE 20072 --- [backend] [http-nio-8180-exec-5] j.i.AbstractLogicalConnectionImplementor : Preparing to begin transaction via JDBC Connection.setAutoCommit(false)
2026-08-31T13:43:34.323-04:00 TRACE 20072 --- [backend] [http-nio-8180-exec-5] j.i.AbstractLogicalConnectionImplementor : Transaction begun via JDBC Connection.setAutoCommit(false)
2026-08-31T13:43:34.323-04:00 TRACE 20072 --- [backend] [http-nio-8180-exec-5] cResourceLocalTransactionCoordinatorImpl : ResourceLocalTransactionCoordinatorImpl#afterBeginCallback
2026-08-31T13:43:34.324-04:00 TRACE 20072 --- [backend] [http-nio-8180-exec-5] o.h.e.internal.DefaultLoadEventListener  : Loading entity: [com.duoc.backend.patient.Patient#3]
2026-08-31T13:43:34.325-04:00 TRACE 20072 --- [backend] [http-nio-8180-exec-5] o.h.e.internal.DefaultLoadEventListener  : Attempting to resolve: [com.duoc.backend.patient.Patient#3]
2026-08-31T13:43:34.325-04:00 TRACE 20072 --- [backend] [http-nio-8180-exec-5] o.h.e.internal.DefaultLoadEventListener  : Object not resolved in any cache: [com.duoc.backend.patient.Patient#3]
2026-08-31T13:43:34.326-04:00 TRACE 20072 --- [backend] [http-nio-8180-exec-5] o.h.p.entity.AbstractEntityPersister     : Fetching entity: [com.duoc.backend.patient.Patient#3]
2026-08-31T13:43:34.326-04:00 DEBUG 20072 --- [backend] [http-nio-8180-exec-5] org.hibernate.orm.sql.exec               : Skipping reading Query result cache data: cache-enabled = false, cache-mode = IGNORE
2026-08-31T13:43:34.326-04:00 TRACE 20072 --- [backend] [http-nio-8180-exec-5] o.h.s.r.j.i.DeferredResultSetAccess      : Executing query to retrieve ResultSet : select p1_0.id,p1_0.age,p1_0.breed,p1_0.name,p1_0.owner,p1_0.species from patient p1_0 where p1_0.id=?
2026-08-31T13:43:34.326-04:00 DEBUG 20072 --- [backend] [http-nio-8180-exec-5] org.hibernate.SQL                        : select p1_0.id,p1_0.age,p1_0.breed,p1_0.name,p1_0.owner,p1_0.species from patient p1_0 where p1_0.id=?
2026-08-31T13:43:34.326-04:00 TRACE 20072 --- [backend] [http-nio-8180-exec-5] o.h.r.j.i.ResourceRegistryStandardImpl   : Registering statement [HikariProxyPreparedStatement@2000387929 wrapping com.mysql.cj.jdbc.ClientPreparedStatement: select p1_0.id,p1_0.age,p1_0.breed,p1_0.name,p1_0.owner,p1_0.species from patient p1_0 where p1_0.id=** NOT SPECIFIED **]
2026-08-31T13:43:34.326-04:00 TRACE 20072 --- [backend] [http-nio-8180-exec-5] o.h.e.jdbc.internal.JdbcCoordinatorImpl  : Registering last query statement [HikariProxyPreparedStatement@2000387929 wrapping com.mysql.cj.jdbc.ClientPreparedStatement: select p1_0.id,p1_0.age,p1_0.breed,p1_0.name,p1_0.owner,p1_0.species from patient p1_0 where p1_0.id=** NOT SPECIFIED **]
2026-08-31T13:43:34.327-04:00 TRACE 20072 --- [backend] [http-nio-8180-exec-5] org.hibernate.orm.jdbc.bind              : binding parameter (1:BIGINT) <- [3]
2026-08-31T13:43:34.332-04:00 TRACE 20072 --- [backend] [http-nio-8180-exec-5] o.h.r.j.i.ResourceRegistryStandardImpl   : Registering result set [HikariProxyResultSet@2013429187 wrapping com.mysql.cj.jdbc.result.ResultSetImpl@25f2b56f]
2026-08-31T13:43:34.333-04:00 TRACE 20072 --- [backend] [http-nio-8180-exec-5] o.h.r.j.i.ResourceRegistryStandardImpl   : Releasing result set [HikariProxyResultSet@2013429187 wrapping com.mysql.cj.jdbc.result.ResultSetImpl@25f2b56f]
2026-08-31T13:43:34.333-04:00 TRACE 20072 --- [backend] [http-nio-8180-exec-5] o.h.r.j.i.ResourceRegistryStandardImpl   : Closing result set [HikariProxyResultSet@2013429187 wrapping com.mysql.cj.jdbc.result.ResultSetImpl@25f2b56f]
2026-08-31T13:43:34.334-04:00 TRACE 20072 --- [backend] [http-nio-8180-exec-5] o.h.r.j.i.ResourceRegistryStandardImpl   : Releasing statement [HikariProxyPreparedStatement@2000387929 wrapping com.mysql.cj.jdbc.ClientPreparedStatement: select p1_0.id,p1_0.age,p1_0.breed,p1_0.name,p1_0.owner,p1_0.species from patient p1_0 where p1_0.id=3]
2026-08-31T13:43:34.334-04:00 TRACE 20072 --- [backend] [http-nio-8180-exec-5] o.h.r.j.i.ResourceRegistryStandardImpl   : Closing prepared statement [HikariProxyPreparedStatement@2000387929 wrapping com.mysql.cj.jdbc.ClientPreparedStatement: select p1_0.id,p1_0.age,p1_0.breed,p1_0.name,p1_0.owner,p1_0.species from patient p1_0 where p1_0.id=3]
2026-08-31T13:43:34.334-04:00 TRACE 20072 --- [backend] [http-nio-8180-exec-5] j.i.AbstractLogicalConnectionImplementor : LogicalConnection#afterStatement
2026-08-31T13:43:34.334-04:00 TRACE 20072 --- [backend] [http-nio-8180-exec-5] o.h.e.i.StatefulPersistenceContext       : Initializing non-lazy collections
2026-08-31T13:43:34.334-04:00 DEBUG 20072 --- [backend] [http-nio-8180-exec-5] o.h.e.t.internal.TransactionImpl         : committing
2026-08-31T13:43:34.334-04:00 TRACE 20072 --- [backend] [http-nio-8180-exec-5] cResourceLocalTransactionCoordinatorImpl : ResourceLocalTransactionCoordinatorImpl#beforeCompletionCallback
2026-08-31T13:43:34.334-04:00 TRACE 20072 --- [backend] [http-nio-8180-exec-5] org.hibernate.internal.SessionImpl       : SessionImpl#beforeTransactionCompletion()
2026-08-31T13:43:34.335-04:00 TRACE 20072 --- [backend] [http-nio-8180-exec-5] org.hibernate.internal.SessionImpl       : Automatically flushing session
2026-08-31T13:43:34.335-04:00 TRACE 20072 --- [backend] [http-nio-8180-exec-5] j.i.AbstractLogicalConnectionImplementor : LogicalConnection#beforeTransactionCompletion
2026-08-31T13:43:34.335-04:00 TRACE 20072 --- [backend] [http-nio-8180-exec-5] .t.i.SynchronizationRegistryStandardImpl : SynchronizationRegistryStandardImpl.notifySynchronizationsBeforeTransactionCompletion
2026-08-31T13:43:34.335-04:00 TRACE 20072 --- [backend] [http-nio-8180-exec-5] j.i.AbstractLogicalConnectionImplementor : Preparing to commit transaction via JDBC Connection.commit()
2026-08-31T13:43:34.337-04:00 TRACE 20072 --- [backend] [http-nio-8180-exec-5] j.i.AbstractLogicalConnectionImplementor : Transaction committed via JDBC Connection.commit()
2026-08-31T13:43:34.337-04:00 TRACE 20072 --- [backend] [http-nio-8180-exec-5] j.i.AbstractLogicalConnectionImplementor : re-enabling auto-commit on JDBC Connection after completion of JDBC-based transaction
2026-08-31T13:43:34.339-04:00 TRACE 20072 --- [backend] [http-nio-8180-exec-5] j.i.AbstractLogicalConnectionImplementor : LogicalConnection#afterTransaction
2026-08-31T13:43:34.339-04:00 TRACE 20072 --- [backend] [http-nio-8180-exec-5] o.h.r.j.i.ResourceRegistryStandardImpl   : Releasing JDBC resources
2026-08-31T13:43:34.339-04:00 TRACE 20072 --- [backend] [http-nio-8180-exec-5] cResourceLocalTransactionCoordinatorImpl : ResourceLocalTransactionCoordinatorImpl#afterCompletionCallback(true)
2026-08-31T13:43:34.339-04:00 TRACE 20072 --- [backend] [http-nio-8180-exec-5] .t.i.SynchronizationRegistryStandardImpl : SynchronizationRegistryStandardImpl.notifySynchronizationsAfterTransactionCompletion(3)
2026-08-31T13:43:34.339-04:00 TRACE 20072 --- [backend] [http-nio-8180-exec-5] org.hibernate.internal.SessionImpl       : SessionImpl#afterTransactionCompletion(successful=true, delayed=false)
2026-08-31T13:43:34.341-04:00 DEBUG 20072 --- [backend] [http-nio-8180-exec-5] m.m.a.RequestResponseBodyMethodProcessor : Using 'application/json', given [*/*] and supported [application/json, application/*+json]
2026-08-31T13:43:34.341-04:00 DEBUG 20072 --- [backend] [http-nio-8180-exec-5] m.m.a.RequestResponseBodyMethodProcessor : Nothing to write: null body
2026-08-31T13:43:34.341-04:00 TRACE 20072 --- [backend] [http-nio-8180-exec-5] s.w.s.m.m.a.RequestMappingHandlerAdapter : Applying default cacheSeconds=-1
2026-08-31T13:43:34.342-04:00 TRACE 20072 --- [backend] [http-nio-8180-exec-5] o.s.web.servlet.DispatcherServlet        : No view rendering, null ModelAndView returned.
2026-08-31T13:43:34.342-04:00 TRACE 20072 --- [backend] [http-nio-8180-exec-5] org.hibernate.internal.SessionImpl       : Closing session [7dad24dd-432b-47e0-846f-364f45ba4c13]
2026-08-31T13:43:34.342-04:00 TRACE 20072 --- [backend] [http-nio-8180-exec-5] o.h.e.jdbc.internal.JdbcCoordinatorImpl  : Closing JDBC container [org.hibernate.engine.jdbc.internal.JdbcCoordinatorImpl@64dd9bf]
2026-08-31T13:43:34.342-04:00 TRACE 20072 --- [backend] [http-nio-8180-exec-5] o.h.r.j.i.ResourceRegistryStandardImpl   : Releasing JDBC resources
2026-08-31T13:43:34.342-04:00 TRACE 20072 --- [backend] [http-nio-8180-exec-5] o.h.r.j.i.LogicalConnectionManagedImpl   : Closing logical connection
2026-08-31T13:43:34.343-04:00 TRACE 20072 --- [backend] [http-nio-8180-exec-5] o.h.r.j.i.ResourceRegistryStandardImpl   : Releasing JDBC resources
2026-08-31T13:43:34.343-04:00 TRACE 20072 --- [backend] [http-nio-8180-exec-5] o.h.r.j.i.LogicalConnectionManagedImpl   : Logical connection closed
2026-08-31T13:43:34.343-04:00 DEBUG 20072 --- [backend] [http-nio-8180-exec-5] o.s.web.servlet.DispatcherServlet        : Completed 200 OK, headers={}
2026-08-31T13:43:42.933-04:00 DEBUG 20072 --- [backend] [HikariPool-1 housekeeper] com.zaxxer.hikari.pool.HikariPool        : HikariPool-1 - Pool stats (total=10, active=0, idle=10, waiting=0)
2026-08-31T13:43:42.933-04:00 DEBUG 20072 --- [backend] [HikariPool-1 housekeeper] com.zaxxer.hikari.pool.HikariPool        : HikariPool-1 - Fill pool skipped, pool has sufficient level or currently being filled.
2026-08-31T13:43:47.200-04:00 DEBUG 20072 --- [backend] [http-nio-8180-exec-9] o.s.security.web.FilterChainProxy        : Securing GET /patient
2026-08-31T13:43:47.201-04:00 DEBUG 20072 --- [backend] [http-nio-8180-exec-9] o.s.security.web.FilterChainProxy        : Secured GET /patient
2026-08-31T13:43:47.201-04:00 TRACE 20072 --- [backend] [http-nio-8180-exec-9] o.s.web.servlet.DispatcherServlet        : GET "/patient", parameters={}, headers={masked} in DispatcherServlet 'dispatcherServlet'
2026-08-31T13:43:47.201-04:00 TRACE 20072 --- [backend] [http-nio-8180-exec-9] s.w.s.m.m.a.RequestMappingHandlerMapping : Mapped to com.duoc.backend.patient.PatientController#getAllPatients()
2026-08-31T13:43:47.201-04:00 TRACE 20072 --- [backend] [http-nio-8180-exec-9] .i.SessionFactoryImpl$SessionBuilderImpl : Opening Hibernate Session.  tenant=null
2026-08-31T13:43:47.206-04:00 TRACE 20072 --- [backend] [http-nio-8180-exec-9] org.hibernate.internal.SessionImpl       : Opened Session [9be525ff-ea81-417a-90fa-5e9bcc86db3f] at timestamp: 1788198227206
2026-08-31T13:43:47.206-04:00 TRACE 20072 --- [backend] [http-nio-8180-exec-9] o.s.web.method.HandlerMethod             : Arguments: []
2026-08-31T13:43:47.210-04:00 DEBUG 20072 --- [backend] [http-nio-8180-exec-9] o.h.e.t.internal.TransactionImpl         : On TransactionImpl creation, JpaCompliance#isJpaTransactionComplianceEnabled == false
2026-08-31T13:43:47.210-04:00 DEBUG 20072 --- [backend] [http-nio-8180-exec-9] o.h.e.t.internal.TransactionImpl         : begin
2026-08-31T13:43:47.210-04:00 TRACE 20072 --- [backend] [http-nio-8180-exec-9] j.i.AbstractLogicalConnectionImplementor : Preparing to begin transaction via JDBC Connection.setAutoCommit(false)
2026-08-31T13:43:47.211-04:00 TRACE 20072 --- [backend] [http-nio-8180-exec-9] j.i.AbstractLogicalConnectionImplementor : Transaction begun via JDBC Connection.setAutoCommit(false)
2026-08-31T13:43:47.212-04:00 TRACE 20072 --- [backend] [http-nio-8180-exec-9] cResourceLocalTransactionCoordinatorImpl : ResourceLocalTransactionCoordinatorImpl#afterBeginCallback
2026-08-31T13:43:47.212-04:00 TRACE 20072 --- [backend] [http-nio-8180-exec-9] o.h.q.sqm.sql.BaseSqmToSqlAstConverter   : Resolving SqmRoot [com.duoc.backend.patient.Patient] to TableGroup
2026-08-31T13:43:47.212-04:00 TRACE 20072 --- [backend] [http-nio-8180-exec-9] o.h.q.sqm.sql.BaseSqmToSqlAstConverter   : Resolving SqmRoot [com.duoc.backend.patient.Patient] to TableGroup
2026-08-31T13:43:47.212-04:00 DEBUG 20072 --- [backend] [http-nio-8180-exec-9] org.hibernate.orm.sql.ast.create         : Created new SQL alias : p1_0
2026-08-31T13:43:47.213-04:00 TRACE 20072 --- [backend] [http-nio-8180-exec-9] o.h.q.sqm.sql.BaseSqmToSqlAstConverter   : Resolved SqmRoot [com.duoc.backend.patient.Patient] to new TableGroup [StandardTableGroup(com.duoc.backend.patient.Patient(14))]
2026-08-31T13:43:47.213-04:00 DEBUG 20072 --- [backend] [http-nio-8180-exec-9] org.hibernate.orm.sql.ast.create         : Registration of TableGroup [StandardTableGroup(com.duoc.backend.patient.Patient(14))] with identifierForTableGroup [com.duoc.backend.patient.Patient] for NavigablePath [com.duoc.backend.patient.Patient] 
2026-08-31T13:43:47.213-04:00 TRACE 20072 --- [backend] [http-nio-8180-exec-9] o.h.q.sqm.sql.BaseSqmToSqlAstConverter   : Visiting explicit joins for `com.duoc.backend.patient.Patient(14)`
2026-08-31T13:43:47.213-04:00 TRACE 20072 --- [backend] [http-nio-8180-exec-9] o.h.q.sqm.sql.BaseSqmToSqlAstConverter   : SqmRoot [com.duoc.backend.patient.Patient] resolved to existing TableGroup [StandardTableGroup(com.duoc.backend.patient.Patient(14))]
2026-08-31T13:43:47.215-04:00 DEBUG 20072 --- [backend] [http-nio-8180-exec-9] org.hibernate.orm.results.graph.AST      : DomainResult Graph:
 \-EntityResultImpl [com.duoc.backend.patient.Patient(14)]
 |  +-BasicFetch [com.duoc.backend.patient.Patient(14).age]
 |  +-BasicFetch [com.duoc.backend.patient.Patient(14).breed]
 |  +-BasicFetch [com.duoc.backend.patient.Patient(14).name]
 |  +-BasicFetch [com.duoc.backend.patient.Patient(14).owner]
 |  \-BasicFetch [com.duoc.backend.patient.Patient(14).species]

2026-08-31T13:43:47.215-04:00 TRACE 20072 --- [backend] [http-nio-8180-exec-9] org.hibernate.orm.results.graph.AST      : Stack trace calling DomainResultGraphPrinter

java.lang.Exception: null
	at org.hibernate.sql.results.graph.DomainResultGraphPrinter.visitDomainResults(DomainResultGraphPrinter.java:70) ~[hibernate-core-6.6.11.Final.jar:6.6.11.Final]
	at org.hibernate.sql.results.graph.DomainResultGraphPrinter.logDomainResultGraph(DomainResultGraphPrinter.java:46) ~[hibernate-core-6.6.11.Final.jar:6.6.11.Final]
	at org.hibernate.sql.results.graph.DomainResultGraphPrinter.logDomainResultGraph(DomainResultGraphPrinter.java:37) ~[hibernate-core-6.6.11.Final.jar:6.6.11.Final]
	at org.hibernate.sql.ast.spi.AbstractSqlAstTranslator.translateSelect(AbstractSqlAstTranslator.java:877) ~[hibernate-core-6.6.11.Final.jar:6.6.11.Final]
	at org.hibernate.sql.ast.spi.AbstractSqlAstTranslator.translate(AbstractSqlAstTranslator.java:815) ~[hibernate-core-6.6.11.Final.jar:6.6.11.Final]
	at org.hibernate.query.sqm.internal.ConcreteSqmSelectQueryPlan.buildCacheableSqmInterpretation(ConcreteSqmSelectQueryPlan.java:510) ~[hibernate-core-6.6.11.Final.jar:6.6.11.Final]
	at org.hibernate.query.sqm.internal.ConcreteSqmSelectQueryPlan.withCacheableSqmInterpretation(ConcreteSqmSelectQueryPlan.java:388) ~[hibernate-core-6.6.11.Final.jar:6.6.11.Final]
	at org.hibernate.query.sqm.internal.ConcreteSqmSelectQueryPlan.performList(ConcreteSqmSelectQueryPlan.java:362) ~[hibernate-core-6.6.11.Final.jar:6.6.11.Final]
	at org.hibernate.query.sqm.internal.QuerySqmImpl.doList(QuerySqmImpl.java:380) ~[hibernate-core-6.6.11.Final.jar:6.6.11.Final]
	at org.hibernate.query.spi.AbstractSelectionQuery.list(AbstractSelectionQuery.java:143) ~[hibernate-core-6.6.11.Final.jar:6.6.11.Final]
	at org.hibernate.query.Query.getResultList(Query.java:120) ~[hibernate-core-6.6.11.Final.jar:6.6.11.Final]
	at org.springframework.data.jpa.repository.support.SimpleJpaRepository.findAll(SimpleJpaRepository.java:395) ~[spring-data-jpa-3.4.4.jar:3.4.4]
	at java.base/jdk.internal.reflect.NativeMethodAccessorImpl.invoke0(Native Method) ~[na:na]
	at java.base/jdk.internal.reflect.NativeMethodAccessorImpl.invoke(NativeMethodAccessorImpl.java:77) ~[na:na]
	at java.base/jdk.internal.reflect.DelegatingMethodAccessorImpl.invoke(DelegatingMethodAccessorImpl.java:43) ~[na:na]
	at java.base/java.lang.reflect.Method.invoke(Method.java:568) ~[na:na]
	at org.springframework.aop.support.AopUtils.invokeJoinpointUsingReflection(AopUtils.java:359) ~[spring-aop-6.2.5.jar:6.2.5]
	at org.springframework.data.repository.core.support.RepositoryMethodInvoker$RepositoryFragmentMethodInvoker.lambda$new$0(RepositoryMethodInvoker.java:277) ~[spring-data-commons-3.4.4.jar:3.4.4]
	at org.springframework.data.repository.core.support.RepositoryMethodInvoker.doInvoke(RepositoryMethodInvoker.java:170) ~[spring-data-commons-3.4.4.jar:3.4.4]
	at org.springframework.data.repository.core.support.RepositoryMethodInvoker.invoke(RepositoryMethodInvoker.java:158) ~[spring-data-commons-3.4.4.jar:3.4.4]
	at org.springframework.data.repository.core.support.RepositoryComposition$RepositoryFragments.invoke(RepositoryComposition.java:515) ~[spring-data-commons-3.4.4.jar:3.4.4]
	at org.springframework.data.repository.core.support.RepositoryComposition.invoke(RepositoryComposition.java:284) ~[spring-data-commons-3.4.4.jar:3.4.4]
	at org.springframework.data.repository.core.support.RepositoryFactorySupport$ImplementationMethodExecutionInterceptor.invoke(RepositoryFactorySupport.java:731) ~[spring-data-commons-3.4.4.jar:3.4.4]
	at org.springframework.aop.framework.ReflectiveMethodInvocation.proceed(ReflectiveMethodInvocation.java:184) ~[spring-aop-6.2.5.jar:6.2.5]
	at org.springframework.data.repository.core.support.QueryExecutorMethodInterceptor.doInvoke(QueryExecutorMethodInterceptor.java:174) ~[spring-data-commons-3.4.4.jar:3.4.4]
	at org.springframework.data.repository.core.support.QueryExecutorMethodInterceptor.invoke(QueryExecutorMethodInterceptor.java:149) ~[spring-data-commons-3.4.4.jar:3.4.4]
	at org.springframework.aop.framework.ReflectiveMethodInvocation.proceed(ReflectiveMethodInvocation.java:184) ~[spring-aop-6.2.5.jar:6.2.5]
	at org.springframework.transaction.interceptor.TransactionAspectSupport.invokeWithinTransaction(TransactionAspectSupport.java:380) ~[spring-tx-6.2.5.jar:6.2.5]
	at org.springframework.transaction.interceptor.TransactionInterceptor.invoke(TransactionInterceptor.java:119) ~[spring-tx-6.2.5.jar:6.2.5]
	at org.springframework.aop.framework.ReflectiveMethodInvocation.proceed(ReflectiveMethodInvocation.java:184) ~[spring-aop-6.2.5.jar:6.2.5]
	at org.springframework.dao.support.PersistenceExceptionTranslationInterceptor.invoke(PersistenceExceptionTranslationInterceptor.java:138) ~[spring-tx-6.2.5.jar:6.2.5]
	at org.springframework.aop.framework.ReflectiveMethodInvocation.proceed(ReflectiveMethodInvocation.java:184) ~[spring-aop-6.2.5.jar:6.2.5]
	at org.springframework.data.jpa.repository.support.CrudMethodMetadataPostProcessor$CrudMethodMetadataPopulatingMethodInterceptor.invoke(CrudMethodMetadataPostProcessor.java:165) ~[spring-data-jpa-3.4.4.jar:3.4.4]
	at org.springframework.aop.framework.ReflectiveMethodInvocation.proceed(ReflectiveMethodInvocation.java:184) ~[spring-aop-6.2.5.jar:6.2.5]
	at org.springframework.aop.framework.JdkDynamicAopProxy.invoke(JdkDynamicAopProxy.java:223) ~[spring-aop-6.2.5.jar:6.2.5]
	at jdk.proxy2/jdk.proxy2.$Proxy128.findAll(Unknown Source) ~[na:na]
	at com.duoc.backend.patient.PatientService.getAllPatients(PatientService.java:13) ~[classes/:na]
	at com.duoc.backend.patient.PatientController.getAllPatients(PatientController.java:30) ~[classes/:na]
	at java.base/jdk.internal.reflect.NativeMethodAccessorImpl.invoke0(Native Method) ~[na:na]
	at java.base/jdk.internal.reflect.NativeMethodAccessorImpl.invoke(NativeMethodAccessorImpl.java:77) ~[na:na]
	at java.base/jdk.internal.reflect.DelegatingMethodAccessorImpl.invoke(DelegatingMethodAccessorImpl.java:43) ~[na:na]
	at java.base/java.lang.reflect.Method.invoke(Method.java:568) ~[na:na]
	at org.springframework.web.method.support.InvocableHandlerMethod.doInvoke(InvocableHandlerMethod.java:258) ~[spring-web-6.2.5.jar:6.2.5]
	at org.springframework.web.method.support.InvocableHandlerMethod.invokeForRequest(InvocableHandlerMethod.java:191) ~[spring-web-6.2.5.jar:6.2.5]
	at org.springframework.web.servlet.mvc.method.annotation.ServletInvocableHandlerMethod.invokeAndHandle(ServletInvocableHandlerMethod.java:118) ~[spring-webmvc-6.2.5.jar:6.2.5]
	at org.springframework.web.servlet.mvc.method.annotation.RequestMappingHandlerAdapter.invokeHandlerMethod(RequestMappingHandlerAdapter.java:986) ~[spring-webmvc-6.2.5.jar:6.2.5]
	at org.springframework.web.servlet.mvc.method.annotation.RequestMappingHandlerAdapter.handleInternal(RequestMappingHandlerAdapter.java:891) ~[spring-webmvc-6.2.5.jar:6.2.5]
	at org.springframework.web.servlet.mvc.method.AbstractHandlerMethodAdapter.handle(AbstractHandlerMethodAdapter.java:87) ~[spring-webmvc-6.2.5.jar:6.2.5]
	at org.springframework.web.servlet.DispatcherServlet.doDispatch(DispatcherServlet.java:1089) ~[spring-webmvc-6.2.5.jar:6.2.5]
	at org.springframework.web.servlet.DispatcherServlet.doService(DispatcherServlet.java:979) ~[spring-webmvc-6.2.5.jar:6.2.5]
	at org.springframework.web.servlet.FrameworkServlet.processRequest(FrameworkServlet.java:1014) ~[spring-webmvc-6.2.5.jar:6.2.5]
	at org.springframework.web.servlet.FrameworkServlet.doGet(FrameworkServlet.java:903) ~[spring-webmvc-6.2.5.jar:6.2.5]
	at jakarta.servlet.http.HttpServlet.service(HttpServlet.java:564) ~[tomcat-embed-core-10.1.39.jar:6.0]
	at org.springframework.web.servlet.FrameworkServlet.service(FrameworkServlet.java:885) ~[spring-webmvc-6.2.5.jar:6.2.5]
	at jakarta.servlet.http.HttpServlet.service(HttpServlet.java:658) ~[tomcat-embed-core-10.1.39.jar:6.0]
	at org.apache.catalina.core.ApplicationFilterChain.internalDoFilter(ApplicationFilterChain.java:195) ~[tomcat-embed-core-10.1.39.jar:10.1.39]
	at org.apache.catalina.core.ApplicationFilterChain.doFilter(ApplicationFilterChain.java:140) ~[tomcat-embed-core-10.1.39.jar:10.1.39]
	at org.apache.tomcat.websocket.server.WsFilter.doFilter(WsFilter.java:51) ~[tomcat-embed-websocket-10.1.39.jar:10.1.39]
	at org.apache.catalina.core.ApplicationFilterChain.internalDoFilter(ApplicationFilterChain.java:164) ~[tomcat-embed-core-10.1.39.jar:10.1.39]
	at org.apache.catalina.core.ApplicationFilterChain.doFilter(ApplicationFilterChain.java:140) ~[tomcat-embed-core-10.1.39.jar:10.1.39]
	at org.springframework.web.filter.OncePerRequestFilter.doFilter(OncePerRequestFilter.java:110) ~[spring-web-6.2.5.jar:6.2.5]
	at org.apache.catalina.core.ApplicationFilterChain.internalDoFilter(ApplicationFilterChain.java:164) ~[tomcat-embed-core-10.1.39.jar:10.1.39]
	at org.apache.catalina.core.ApplicationFilterChain.doFilter(ApplicationFilterChain.java:140) ~[tomcat-embed-core-10.1.39.jar:10.1.39]
	at org.springframework.web.filter.CompositeFilter$VirtualFilterChain.doFilter(CompositeFilter.java:108) ~[spring-web-6.2.5.jar:6.2.5]
	at org.springframework.security.web.FilterChainProxy.lambda$doFilterInternal$3(FilterChainProxy.java:231) ~[spring-security-web-6.4.4.jar:6.4.4]
	at org.springframework.security.web.FilterChainProxy$VirtualFilterChain.doFilter(FilterChainProxy.java:365) ~[spring-security-web-6.4.4.jar:6.4.4]
	at org.springframework.security.web.access.intercept.AuthorizationFilter.doFilter(AuthorizationFilter.java:101) ~[spring-security-web-6.4.4.jar:6.4.4]
	at org.springframework.security.web.FilterChainProxy$VirtualFilterChain.doFilter(FilterChainProxy.java:374) ~[spring-security-web-6.4.4.jar:6.4.4]
	at org.springframework.security.web.access.ExceptionTranslationFilter.doFilter(ExceptionTranslationFilter.java:126) ~[spring-security-web-6.4.4.jar:6.4.4]
	at org.springframework.security.web.access.ExceptionTranslationFilter.doFilter(ExceptionTranslationFilter.java:120) ~[spring-security-web-6.4.4.jar:6.4.4]
	at org.springframework.security.web.FilterChainProxy$VirtualFilterChain.doFilter(FilterChainProxy.java:374) ~[spring-security-web-6.4.4.jar:6.4.4]
	at org.springframework.security.web.authentication.AnonymousAuthenticationFilter.doFilter(AnonymousAuthenticationFilter.java:100) ~[spring-security-web-6.4.4.jar:6.4.4]
	at org.springframework.security.web.FilterChainProxy$VirtualFilterChain.doFilter(FilterChainProxy.java:374) ~[spring-security-web-6.4.4.jar:6.4.4]
	at org.springframework.security.web.servletapi.SecurityContextHolderAwareRequestFilter.doFilter(SecurityContextHolderAwareRequestFilter.java:179) ~[spring-security-web-6.4.4.jar:6.4.4]
	at org.springframework.security.web.FilterChainProxy$VirtualFilterChain.doFilter(FilterChainProxy.java:374) ~[spring-security-web-6.4.4.jar:6.4.4]
	at org.springframework.security.web.savedrequest.RequestCacheAwareFilter.doFilter(RequestCacheAwareFilter.java:63) ~[spring-security-web-6.4.4.jar:6.4.4]
	at org.springframework.security.web.FilterChainProxy$VirtualFilterChain.doFilter(FilterChainProxy.java:374) ~[spring-security-web-6.4.4.jar:6.4.4]
	at com.duoc.backend.JWTAuthorizationFilter.doFilterInternal(JWTAuthorizationFilter.java:70) ~[classes/:na]
	at org.springframework.web.filter.OncePerRequestFilter.doFilter(OncePerRequestFilter.java:116) ~[spring-web-6.2.5.jar:6.2.5]
	at org.springframework.security.web.FilterChainProxy$VirtualFilterChain.doFilter(FilterChainProxy.java:374) ~[spring-security-web-6.4.4.jar:6.4.4]
	at org.springframework.security.web.authentication.logout.LogoutFilter.doFilter(LogoutFilter.java:107) ~[spring-security-web-6.4.4.jar:6.4.4]
	at org.springframework.security.web.authentication.logout.LogoutFilter.doFilter(LogoutFilter.java:93) ~[spring-security-web-6.4.4.jar:6.4.4]
	at org.springframework.security.web.FilterChainProxy$VirtualFilterChain.doFilter(FilterChainProxy.java:374) ~[spring-security-web-6.4.4.jar:6.4.4]
	at org.springframework.security.web.header.HeaderWriterFilter.doHeadersAfter(HeaderWriterFilter.java:90) ~[spring-security-web-6.4.4.jar:6.4.4]
	at org.springframework.security.web.header.HeaderWriterFilter.doFilterInternal(HeaderWriterFilter.java:75) ~[spring-security-web-6.4.4.jar:6.4.4]
	at org.springframework.web.filter.OncePerRequestFilter.doFilter(OncePerRequestFilter.java:116) ~[spring-web-6.2.5.jar:6.2.5]
	at org.springframework.security.web.FilterChainProxy$VirtualFilterChain.doFilter(FilterChainProxy.java:374) ~[spring-security-web-6.4.4.jar:6.4.4]
	at org.springframework.security.web.context.SecurityContextHolderFilter.doFilter(SecurityContextHolderFilter.java:82) ~[spring-security-web-6.4.4.jar:6.4.4]
	at org.springframework.security.web.context.SecurityContextHolderFilter.doFilter(SecurityContextHolderFilter.java:69) ~[spring-security-web-6.4.4.jar:6.4.4]
	at org.springframework.security.web.FilterChainProxy$VirtualFilterChain.doFilter(FilterChainProxy.java:374) ~[spring-security-web-6.4.4.jar:6.4.4]
	at org.springframework.security.web.context.request.async.WebAsyncManagerIntegrationFilter.doFilterInternal(WebAsyncManagerIntegrationFilter.java:62) ~[spring-security-web-6.4.4.jar:6.4.4]
	at org.springframework.web.filter.OncePerRequestFilter.doFilter(OncePerRequestFilter.java:116) ~[spring-web-6.2.5.jar:6.2.5]
	at org.springframework.security.web.FilterChainProxy$VirtualFilterChain.doFilter(FilterChainProxy.java:374) ~[spring-security-web-6.4.4.jar:6.4.4]
	at org.springframework.security.web.session.DisableEncodeUrlFilter.doFilterInternal(DisableEncodeUrlFilter.java:42) ~[spring-security-web-6.4.4.jar:6.4.4]
	at org.springframework.web.filter.OncePerRequestFilter.doFilter(OncePerRequestFilter.java:116) ~[spring-web-6.2.5.jar:6.2.5]
	at org.springframework.security.web.FilterChainProxy$VirtualFilterChain.doFilter(FilterChainProxy.java:374) ~[spring-security-web-6.4.4.jar:6.4.4]
	at org.springframework.security.web.FilterChainProxy.doFilterInternal(FilterChainProxy.java:233) ~[spring-security-web-6.4.4.jar:6.4.4]
	at org.springframework.security.web.FilterChainProxy.doFilter(FilterChainProxy.java:191) ~[spring-security-web-6.4.4.jar:6.4.4]
	at org.springframework.web.filter.CompositeFilter$VirtualFilterChain.doFilter(CompositeFilter.java:113) ~[spring-web-6.2.5.jar:6.2.5]
	at org.springframework.web.servlet.handler.HandlerMappingIntrospector.lambda$createCacheFilter$3(HandlerMappingIntrospector.java:243) ~[spring-webmvc-6.2.5.jar:6.2.5]
	at org.springframework.web.filter.CompositeFilter$VirtualFilterChain.doFilter(CompositeFilter.java:113) ~[spring-web-6.2.5.jar:6.2.5]
	at org.springframework.web.filter.CompositeFilter.doFilter(CompositeFilter.java:74) ~[spring-web-6.2.5.jar:6.2.5]
	at org.springframework.security.config.annotation.web.configuration.WebMvcSecurityConfiguration$CompositeFilterChainProxy.doFilter(WebMvcSecurityConfiguration.java:238) ~[spring-security-config-6.4.4.jar:6.4.4]
	at org.springframework.web.filter.DelegatingFilterProxy.invokeDelegate(DelegatingFilterProxy.java:362) ~[spring-web-6.2.5.jar:6.2.5]
	at org.springframework.web.filter.DelegatingFilterProxy.doFilter(DelegatingFilterProxy.java:278) ~[spring-web-6.2.5.jar:6.2.5]
	at org.apache.catalina.core.ApplicationFilterChain.internalDoFilter(ApplicationFilterChain.java:164) ~[tomcat-embed-core-10.1.39.jar:10.1.39]
	at org.apache.catalina.core.ApplicationFilterChain.doFilter(ApplicationFilterChain.java:140) ~[tomcat-embed-core-10.1.39.jar:10.1.39]
	at org.springframework.web.filter.RequestContextFilter.doFilterInternal(RequestContextFilter.java:100) ~[spring-web-6.2.5.jar:6.2.5]
	at org.springframework.web.filter.OncePerRequestFilter.doFilter(OncePerRequestFilter.java:116) ~[spring-web-6.2.5.jar:6.2.5]
	at org.apache.catalina.core.ApplicationFilterChain.internalDoFilter(ApplicationFilterChain.java:164) ~[tomcat-embed-core-10.1.39.jar:10.1.39]
	at org.apache.catalina.core.ApplicationFilterChain.doFilter(ApplicationFilterChain.java:140) ~[tomcat-embed-core-10.1.39.jar:10.1.39]
	at org.springframework.web.filter.FormContentFilter.doFilterInternal(FormContentFilter.java:93) ~[spring-web-6.2.5.jar:6.2.5]
	at org.springframework.web.filter.OncePerRequestFilter.doFilter(OncePerRequestFilter.java:116) ~[spring-web-6.2.5.jar:6.2.5]
	at org.apache.catalina.core.ApplicationFilterChain.internalDoFilter(ApplicationFilterChain.java:164) ~[tomcat-embed-core-10.1.39.jar:10.1.39]
	at org.apache.catalina.core.ApplicationFilterChain.doFilter(ApplicationFilterChain.java:140) ~[tomcat-embed-core-10.1.39.jar:10.1.39]
	at org.springframework.web.filter.CharacterEncodingFilter.doFilterInternal(CharacterEncodingFilter.java:201) ~[spring-web-6.2.5.jar:6.2.5]
	at org.springframework.web.filter.OncePerRequestFilter.doFilter(OncePerRequestFilter.java:116) ~[spring-web-6.2.5.jar:6.2.5]
	at org.apache.catalina.core.ApplicationFilterChain.internalDoFilter(ApplicationFilterChain.java:164) ~[tomcat-embed-core-10.1.39.jar:10.1.39]
	at org.apache.catalina.core.ApplicationFilterChain.doFilter(ApplicationFilterChain.java:140) ~[tomcat-embed-core-10.1.39.jar:10.1.39]
	at org.apache.catalina.core.StandardWrapperValve.invoke(StandardWrapperValve.java:167) ~[tomcat-embed-core-10.1.39.jar:10.1.39]
	at org.apache.catalina.core.StandardContextValve.invoke(StandardContextValve.java:90) ~[tomcat-embed-core-10.1.39.jar:10.1.39]
	at org.apache.catalina.authenticator.AuthenticatorBase.invoke(AuthenticatorBase.java:483) ~[tomcat-embed-core-10.1.39.jar:10.1.39]
	at org.apache.catalina.core.StandardHostValve.invoke(StandardHostValve.java:115) ~[tomcat-embed-core-10.1.39.jar:10.1.39]
	at org.apache.catalina.valves.ErrorReportValve.invoke(ErrorReportValve.java:93) ~[tomcat-embed-core-10.1.39.jar:10.1.39]
	at org.apache.catalina.core.StandardEngineValve.invoke(StandardEngineValve.java:74) ~[tomcat-embed-core-10.1.39.jar:10.1.39]
	at org.apache.catalina.connector.CoyoteAdapter.service(CoyoteAdapter.java:344) ~[tomcat-embed-core-10.1.39.jar:10.1.39]
	at org.apache.coyote.http11.Http11Processor.service(Http11Processor.java:397) ~[tomcat-embed-core-10.1.39.jar:10.1.39]
	at org.apache.coyote.AbstractProcessorLight.process(AbstractProcessorLight.java:63) ~[tomcat-embed-core-10.1.39.jar:10.1.39]
	at org.apache.coyote.AbstractProtocol$ConnectionHandler.process(AbstractProtocol.java:905) ~[tomcat-embed-core-10.1.39.jar:10.1.39]
	at org.apache.tomcat.util.net.NioEndpoint$SocketProcessor.doRun(NioEndpoint.java:1743) ~[tomcat-embed-core-10.1.39.jar:10.1.39]
	at org.apache.tomcat.util.net.SocketProcessorBase.run(SocketProcessorBase.java:52) ~[tomcat-embed-core-10.1.39.jar:10.1.39]
	at org.apache.tomcat.util.threads.ThreadPoolExecutor.runWorker(ThreadPoolExecutor.java:1190) ~[tomcat-embed-core-10.1.39.jar:10.1.39]
	at org.apache.tomcat.util.threads.ThreadPoolExecutor$Worker.run(ThreadPoolExecutor.java:659) ~[tomcat-embed-core-10.1.39.jar:10.1.39]
	at org.apache.tomcat.util.threads.TaskThread$WrappingRunnable.run(TaskThread.java:63) ~[tomcat-embed-core-10.1.39.jar:10.1.39]
	at java.base/java.lang.Thread.run(Thread.java:842) ~[na:na]

2026-08-31T13:43:47.217-04:00 DEBUG 20072 --- [backend] [http-nio-8180-exec-9] org.hibernate.orm.sql.ast.tree           : SQL AST Tree:
    SelectStatement {
      FromClause {
        StandardTableGroup (p1 : com.duoc.backend.patient.Patient(14)) {
          primaryTableReference : patient as p1_0
        }
      }
    }

2026-08-31T13:43:47.218-04:00 DEBUG 20072 --- [backend] [http-nio-8180-exec-9] org.hibernate.orm.sql.exec               : Skipping reading Query result cache data: cache-enabled = false, cache-mode = NORMAL
2026-08-31T13:43:47.219-04:00 TRACE 20072 --- [backend] [http-nio-8180-exec-9] o.h.s.r.j.i.DeferredResultSetAccess      : Executing query to retrieve ResultSet : select p1_0.id,p1_0.age,p1_0.breed,p1_0.name,p1_0.owner,p1_0.species from patient p1_0
2026-08-31T13:43:47.219-04:00 DEBUG 20072 --- [backend] [http-nio-8180-exec-9] org.hibernate.SQL                        : select p1_0.id,p1_0.age,p1_0.breed,p1_0.name,p1_0.owner,p1_0.species from patient p1_0
2026-08-31T13:43:47.220-04:00 TRACE 20072 --- [backend] [http-nio-8180-exec-9] o.h.r.j.i.ResourceRegistryStandardImpl   : Registering statement [HikariProxyPreparedStatement@1831370893 wrapping com.mysql.cj.jdbc.ClientPreparedStatement: select p1_0.id,p1_0.age,p1_0.breed,p1_0.name,p1_0.owner,p1_0.species from patient p1_0]
2026-08-31T13:43:47.220-04:00 TRACE 20072 --- [backend] [http-nio-8180-exec-9] o.h.e.jdbc.internal.JdbcCoordinatorImpl  : Registering last query statement [HikariProxyPreparedStatement@1831370893 wrapping com.mysql.cj.jdbc.ClientPreparedStatement: select p1_0.id,p1_0.age,p1_0.breed,p1_0.name,p1_0.owner,p1_0.species from patient p1_0]
2026-08-31T13:43:47.222-04:00 TRACE 20072 --- [backend] [http-nio-8180-exec-9] o.h.r.j.i.ResourceRegistryStandardImpl   : Registering result set [HikariProxyResultSet@81608763 wrapping com.mysql.cj.jdbc.result.ResultSetImpl@2c1a7e46]
2026-08-31T13:43:47.223-04:00 TRACE 20072 --- [backend] [http-nio-8180-exec-9] org.hibernate.orm.results                : Registering initializer : EntityJoinedFetchInitializer(com.duoc.backend.patient.Patient(14))
2026-08-31T13:43:47.224-04:00 DEBUG 20072 --- [backend] [http-nio-8180-exec-9] org.hibernate.orm.results                : Initializer list:
	  com.duoc.backend.patient.Patient(14) -> EntityJoinedFetchInitializer(com.duoc.backend.patient.Patient(14))@493992226 (SingleTableEntityPersister(com.duoc.backend.patient.Patient))

2026-08-31T13:43:47.224-04:00 TRACE 20072 --- [backend] [http-nio-8180-exec-9] org.hibernate.orm.jdbc.extract           : extracted value (1:BIGINT) -> [1]
2026-08-31T13:43:47.225-04:00 TRACE 20072 --- [backend] [http-nio-8180-exec-9] org.hibernate.orm.jdbc.extract           : extracted value (2:INTEGER) -> [3]
2026-08-31T13:43:47.225-04:00 TRACE 20072 --- [backend] [http-nio-8180-exec-9] org.hibernate.orm.jdbc.extract           : extracted value (3:VARCHAR) -> [Labrador]
2026-08-31T13:43:47.226-04:00 TRACE 20072 --- [backend] [http-nio-8180-exec-9] org.hibernate.orm.jdbc.extract           : extracted value (4:VARCHAR) -> [Luna]
2026-08-31T13:43:47.226-04:00 TRACE 20072 --- [backend] [http-nio-8180-exec-9] org.hibernate.orm.jdbc.extract           : extracted value (5:VARCHAR) -> [Ana Pérez]
2026-08-31T13:43:47.226-04:00 TRACE 20072 --- [backend] [http-nio-8180-exec-9] org.hibernate.orm.jdbc.extract           : extracted value (6:VARCHAR) -> [Perro]
2026-08-31T13:43:47.226-04:00 TRACE 20072 --- [backend] [http-nio-8180-exec-9] org.hibernate.orm.jdbc.extract           : extracted value (1:BIGINT) -> [2]
2026-08-31T13:43:47.226-04:00 TRACE 20072 --- [backend] [http-nio-8180-exec-9] org.hibernate.orm.jdbc.extract           : extracted value (2:INTEGER) -> [5]
2026-08-31T13:43:47.226-04:00 TRACE 20072 --- [backend] [http-nio-8180-exec-9] org.hibernate.orm.jdbc.extract           : extracted value (3:VARCHAR) -> [Siamés]
2026-08-31T13:43:47.226-04:00 TRACE 20072 --- [backend] [http-nio-8180-exec-9] org.hibernate.orm.jdbc.extract           : extracted value (4:VARCHAR) -> [Milo]
2026-08-31T13:43:47.226-04:00 TRACE 20072 --- [backend] [http-nio-8180-exec-9] org.hibernate.orm.jdbc.extract           : extracted value (5:VARCHAR) -> [Carlos Soto]
2026-08-31T13:43:47.227-04:00 TRACE 20072 --- [backend] [http-nio-8180-exec-9] org.hibernate.orm.jdbc.extract           : extracted value (6:VARCHAR) -> [Gato]
2026-08-31T13:43:47.227-04:00 TRACE 20072 --- [backend] [http-nio-8180-exec-9] org.hibernate.orm.jdbc.extract           : extracted value (1:BIGINT) -> [4]
2026-08-31T13:43:47.227-04:00 TRACE 20072 --- [backend] [http-nio-8180-exec-9] org.hibernate.orm.jdbc.extract           : extracted value (2:INTEGER) -> [3]
2026-08-31T13:43:47.227-04:00 TRACE 20072 --- [backend] [http-nio-8180-exec-9] org.hibernate.orm.jdbc.extract           : extracted value (3:VARCHAR) -> [Labrador]
2026-08-31T13:43:47.227-04:00 TRACE 20072 --- [backend] [http-nio-8180-exec-9] org.hibernate.orm.jdbc.extract           : extracted value (4:VARCHAR) -> [Luna]
2026-08-31T13:43:47.227-04:00 TRACE 20072 --- [backend] [http-nio-8180-exec-9] org.hibernate.orm.jdbc.extract           : extracted value (5:VARCHAR) -> [Ana Pérez]
2026-08-31T13:43:47.227-04:00 TRACE 20072 --- [backend] [http-nio-8180-exec-9] org.hibernate.orm.jdbc.extract           : extracted value (6:VARCHAR) -> [Perro]
2026-08-31T13:43:47.228-04:00 TRACE 20072 --- [backend] [http-nio-8180-exec-9] org.hibernate.orm.jdbc.extract           : extracted value (1:BIGINT) -> [5]
2026-08-31T13:43:47.228-04:00 TRACE 20072 --- [backend] [http-nio-8180-exec-9] org.hibernate.orm.jdbc.extract           : extracted value (2:INTEGER) -> [5]
2026-08-31T13:43:47.228-04:00 TRACE 20072 --- [backend] [http-nio-8180-exec-9] org.hibernate.orm.jdbc.extract           : extracted value (3:VARCHAR) -> [Siamés]
2026-08-31T13:43:47.228-04:00 TRACE 20072 --- [backend] [http-nio-8180-exec-9] org.hibernate.orm.jdbc.extract           : extracted value (4:VARCHAR) -> [Milo]
2026-08-31T13:43:47.228-04:00 TRACE 20072 --- [backend] [http-nio-8180-exec-9] org.hibernate.orm.jdbc.extract           : extracted value (5:VARCHAR) -> [Carlos Soto]
2026-08-31T13:43:47.228-04:00 TRACE 20072 --- [backend] [http-nio-8180-exec-9] org.hibernate.orm.jdbc.extract           : extracted value (6:VARCHAR) -> [Gato]
2026-08-31T13:43:47.229-04:00 TRACE 20072 --- [backend] [http-nio-8180-exec-9] org.hibernate.orm.jdbc.extract           : extracted value (1:BIGINT) -> [6]
2026-08-31T13:43:47.229-04:00 TRACE 20072 --- [backend] [http-nio-8180-exec-9] org.hibernate.orm.jdbc.extract           : extracted value (2:INTEGER) -> [2]
2026-08-31T13:43:47.229-04:00 TRACE 20072 --- [backend] [http-nio-8180-exec-9] org.hibernate.orm.jdbc.extract           : extracted value (3:VARCHAR) -> [Beagle]
2026-08-31T13:43:47.230-04:00 TRACE 20072 --- [backend] [http-nio-8180-exec-9] org.hibernate.orm.jdbc.extract           : extracted value (4:VARCHAR) -> [Rocky]
2026-08-31T13:43:47.230-04:00 TRACE 20072 --- [backend] [http-nio-8180-exec-9] org.hibernate.orm.jdbc.extract           : extracted value (5:VARCHAR) -> [María López]
2026-08-31T13:43:47.230-04:00 TRACE 20072 --- [backend] [http-nio-8180-exec-9] org.hibernate.orm.jdbc.extract           : extracted value (6:VARCHAR) -> [Perro]
2026-08-31T13:43:47.230-04:00 TRACE 20072 --- [backend] [http-nio-8180-exec-9] o.h.r.j.i.ResourceRegistryStandardImpl   : Releasing result set [HikariProxyResultSet@81608763 wrapping com.mysql.cj.jdbc.result.ResultSetImpl@2c1a7e46]
2026-08-31T13:43:47.230-04:00 TRACE 20072 --- [backend] [http-nio-8180-exec-9] o.h.r.j.i.ResourceRegistryStandardImpl   : Closing result set [HikariProxyResultSet@81608763 wrapping com.mysql.cj.jdbc.result.ResultSetImpl@2c1a7e46]
2026-08-31T13:43:47.231-04:00 TRACE 20072 --- [backend] [http-nio-8180-exec-9] o.h.r.j.i.ResourceRegistryStandardImpl   : Releasing statement [HikariProxyPreparedStatement@1831370893 wrapping com.mysql.cj.jdbc.ClientPreparedStatement: select p1_0.id,p1_0.age,p1_0.breed,p1_0.name,p1_0.owner,p1_0.species from patient p1_0]
2026-08-31T13:43:47.231-04:00 TRACE 20072 --- [backend] [http-nio-8180-exec-9] o.h.r.j.i.ResourceRegistryStandardImpl   : Closing prepared statement [HikariProxyPreparedStatement@1831370893 wrapping com.mysql.cj.jdbc.ClientPreparedStatement: select p1_0.id,p1_0.age,p1_0.breed,p1_0.name,p1_0.owner,p1_0.species from patient p1_0]
2026-08-31T13:43:47.231-04:00 TRACE 20072 --- [backend] [http-nio-8180-exec-9] j.i.AbstractLogicalConnectionImplementor : LogicalConnection#afterStatement
2026-08-31T13:43:47.231-04:00 TRACE 20072 --- [backend] [http-nio-8180-exec-9] o.h.e.i.StatefulPersistenceContext       : Initializing non-lazy collections
2026-08-31T13:43:47.231-04:00 DEBUG 20072 --- [backend] [http-nio-8180-exec-9] o.h.e.t.internal.TransactionImpl         : committing
2026-08-31T13:43:47.231-04:00 TRACE 20072 --- [backend] [http-nio-8180-exec-9] cResourceLocalTransactionCoordinatorImpl : ResourceLocalTransactionCoordinatorImpl#beforeCompletionCallback
2026-08-31T13:43:47.231-04:00 TRACE 20072 --- [backend] [http-nio-8180-exec-9] org.hibernate.internal.SessionImpl       : SessionImpl#beforeTransactionCompletion()
2026-08-31T13:43:47.232-04:00 TRACE 20072 --- [backend] [http-nio-8180-exec-9] j.i.AbstractLogicalConnectionImplementor : LogicalConnection#beforeTransactionCompletion
2026-08-31T13:43:47.232-04:00 TRACE 20072 --- [backend] [http-nio-8180-exec-9] .t.i.SynchronizationRegistryStandardImpl : SynchronizationRegistryStandardImpl.notifySynchronizationsBeforeTransactionCompletion
2026-08-31T13:43:47.232-04:00 TRACE 20072 --- [backend] [http-nio-8180-exec-9] j.i.AbstractLogicalConnectionImplementor : Preparing to commit transaction via JDBC Connection.commit()
2026-08-31T13:43:47.234-04:00 TRACE 20072 --- [backend] [http-nio-8180-exec-9] j.i.AbstractLogicalConnectionImplementor : Transaction committed via JDBC Connection.commit()
2026-08-31T13:43:47.234-04:00 TRACE 20072 --- [backend] [http-nio-8180-exec-9] j.i.AbstractLogicalConnectionImplementor : re-enabling auto-commit on JDBC Connection after completion of JDBC-based transaction
2026-08-31T13:43:47.235-04:00 TRACE 20072 --- [backend] [http-nio-8180-exec-9] j.i.AbstractLogicalConnectionImplementor : LogicalConnection#afterTransaction
2026-08-31T13:43:47.235-04:00 TRACE 20072 --- [backend] [http-nio-8180-exec-9] o.h.r.j.i.ResourceRegistryStandardImpl   : Releasing JDBC resources
2026-08-31T13:43:47.236-04:00 TRACE 20072 --- [backend] [http-nio-8180-exec-9] cResourceLocalTransactionCoordinatorImpl : ResourceLocalTransactionCoordinatorImpl#afterCompletionCallback(true)
2026-08-31T13:43:47.236-04:00 TRACE 20072 --- [backend] [http-nio-8180-exec-9] .t.i.SynchronizationRegistryStandardImpl : SynchronizationRegistryStandardImpl.notifySynchronizationsAfterTransactionCompletion(3)
2026-08-31T13:43:47.236-04:00 TRACE 20072 --- [backend] [http-nio-8180-exec-9] org.hibernate.internal.SessionImpl       : SessionImpl#afterTransactionCompletion(successful=true, delayed=false)
2026-08-31T13:43:47.238-04:00 DEBUG 20072 --- [backend] [http-nio-8180-exec-9] m.m.a.RequestResponseBodyMethodProcessor : Using 'application/json', given [*/*] and supported [application/json, application/*+json]
2026-08-31T13:43:47.238-04:00 TRACE 20072 --- [backend] [http-nio-8180-exec-9] m.m.a.RequestResponseBodyMethodProcessor : Writing [[com.duoc.backend.patient.Patient@34746ee9, com.duoc.backend.patient.Patient@5ac63cc4, com.duoc.backend.patient.Patient@25d18194, com.duoc.backend.patient.Patient@357994a5, com.duoc.backend.patient.Patient@226db7c5]]
2026-08-31T13:43:47.239-04:00 TRACE 20072 --- [backend] [http-nio-8180-exec-9] o.s.web.servlet.DispatcherServlet        : No view rendering, null ModelAndView returned.
2026-08-31T13:43:47.239-04:00 TRACE 20072 --- [backend] [http-nio-8180-exec-9] org.hibernate.internal.SessionImpl       : Closing session [9be525ff-ea81-417a-90fa-5e9bcc86db3f]
2026-08-31T13:43:47.239-04:00 TRACE 20072 --- [backend] [http-nio-8180-exec-9] o.h.e.jdbc.internal.JdbcCoordinatorImpl  : Closing JDBC container [org.hibernate.engine.jdbc.internal.JdbcCoordinatorImpl@49a68f50]
2026-08-31T13:43:47.239-04:00 TRACE 20072 --- [backend] [http-nio-8180-exec-9] o.h.r.j.i.ResourceRegistryStandardImpl   : Releasing JDBC resources
2026-08-31T13:43:47.239-04:00 TRACE 20072 --- [backend] [http-nio-8180-exec-9] o.h.r.j.i.LogicalConnectionManagedImpl   : Closing logical connection
2026-08-31T13:43:47.239-04:00 TRACE 20072 --- [backend] [http-nio-8180-exec-9] o.h.r.j.i.ResourceRegistryStandardImpl   : Releasing JDBC resources
2026-08-31T13:43:47.239-04:00 TRACE 20072 --- [backend] [http-nio-8180-exec-9] o.h.r.j.i.LogicalConnectionManagedImpl   : Logical connection closed
2026-08-31T13:43:47.240-04:00 DEBUG 20072 --- [backend] [http-nio-8180-exec-9] o.s.web.servlet.DispatcherServlet        : Completed 200 OK, headers={masked}
2026-08-31T13:44:12.350-04:00 DEBUG 20072 --- [backend] [http-nio-8180-exec-4] o.s.security.web.FilterChainProxy        : Securing POST /sppointment
2026-08-31T13:44:12.351-04:00 DEBUG 20072 --- [backend] [http-nio-8180-exec-4] o.s.security.web.FilterChainProxy        : Secured POST /sppointment
2026-08-31T13:44:12.351-04:00 TRACE 20072 --- [backend] [http-nio-8180-exec-4] o.s.web.servlet.DispatcherServlet        : POST "/sppointment", parameters={}, headers={masked} in DispatcherServlet 'dispatcherServlet'
2026-08-31T13:44:12.364-04:00 TRACE 20072 --- [backend] [http-nio-8180-exec-4] o.s.w.s.handler.SimpleUrlHandlerMapping  : Mapped to HandlerExecutionChain with [ResourceHttpRequestHandler [classpath [META-INF/resources/], classpath [resources/], classpath [static/], classpath [public/], ServletContext [/]]] and 4 interceptors
2026-08-31T13:44:12.368-04:00 TRACE 20072 --- [backend] [http-nio-8180-exec-4] .i.SessionFactoryImpl$SessionBuilderImpl : Opening Hibernate Session.  tenant=null
2026-08-31T13:44:12.369-04:00 TRACE 20072 --- [backend] [http-nio-8180-exec-4] org.hibernate.internal.SessionImpl       : Opened Session [836115da-6976-4e19-b595-1ac99626e5cc] at timestamp: 1788198252369
2026-08-31T13:44:12.390-04:00 DEBUG 20072 --- [backend] [http-nio-8180-exec-4] o.s.w.s.r.ResourceHttpRequestHandler     : Resource not found
2026-08-31T13:44:12.401-04:00 DEBUG 20072 --- [backend] [http-nio-8180-exec-4] .w.s.m.s.DefaultHandlerExceptionResolver : Resolved [org.springframework.web.servlet.resource.NoResourceFoundException: No static resource sppointment.]
2026-08-31T13:44:12.401-04:00 TRACE 20072 --- [backend] [http-nio-8180-exec-4] o.s.web.servlet.DispatcherServlet        : No view rendering, null ModelAndView returned.
2026-08-31T13:44:12.401-04:00 TRACE 20072 --- [backend] [http-nio-8180-exec-4] org.hibernate.internal.SessionImpl       : Closing session [836115da-6976-4e19-b595-1ac99626e5cc]
2026-08-31T13:44:12.402-04:00 TRACE 20072 --- [backend] [http-nio-8180-exec-4] o.h.e.jdbc.internal.JdbcCoordinatorImpl  : Closing JDBC container [org.hibernate.engine.jdbc.internal.JdbcCoordinatorImpl@5780946b]
2026-08-31T13:44:12.402-04:00 TRACE 20072 --- [backend] [http-nio-8180-exec-4] o.h.r.j.i.ResourceRegistryStandardImpl   : Releasing JDBC resources
2026-08-31T13:44:12.402-04:00 TRACE 20072 --- [backend] [http-nio-8180-exec-4] o.h.r.j.i.LogicalConnectionManagedImpl   : Closing logical connection
2026-08-31T13:44:12.402-04:00 TRACE 20072 --- [backend] [http-nio-8180-exec-4] o.h.r.j.i.LogicalConnectionManagedImpl   : Logical connection closed
2026-08-31T13:44:12.402-04:00 DEBUG 20072 --- [backend] [http-nio-8180-exec-4] o.s.web.servlet.DispatcherServlet        : Completed 404 NOT_FOUND, headers={masked}
2026-08-31T13:44:12.403-04:00 TRACE 20072 --- [backend] [http-nio-8180-exec-4] s.w.s.m.m.a.RequestMappingHandlerMapping : 2 matching mappings: [{ [/error]}, { [/error], produces [text/html]}]
2026-08-31T13:44:12.403-04:00 DEBUG 20072 --- [backend] [http-nio-8180-exec-4] o.s.security.web.FilterChainProxy        : Securing POST /error
2026-08-31T13:44:12.403-04:00 DEBUG 20072 --- [backend] [http-nio-8180-exec-4] o.s.s.w.a.AnonymousAuthenticationFilter  : Set SecurityContextHolder to anonymous SecurityContext
2026-08-31T13:44:12.403-04:00 DEBUG 20072 --- [backend] [http-nio-8180-exec-4] o.s.s.w.s.HttpSessionRequestCache        : Saved request http://localhost:8180/error?continue to session
2026-08-31T13:44:12.403-04:00 DEBUG 20072 --- [backend] [http-nio-8180-exec-4] o.s.s.w.a.Http403ForbiddenEntryPoint     : Pre-authenticated entry point called. Rejecting access
2026-08-31T13:44:12.947-04:00 DEBUG 20072 --- [backend] [HikariPool-1 housekeeper] com.zaxxer.hikari.pool.HikariPool        : HikariPool-1 - Pool stats (total=10, active=0, idle=10, waiting=0)
2026-08-31T13:44:12.947-04:00 DEBUG 20072 --- [backend] [HikariPool-1 housekeeper] com.zaxxer.hikari.pool.HikariPool        : HikariPool-1 - Fill pool skipped, pool has sufficient level or currently being filled.
2026-08-31T13:44:18.303-04:00 DEBUG 20072 --- [backend] [http-nio-8180-exec-8] o.s.security.web.FilterChainProxy        : Securing POST /appointment
2026-08-31T13:44:18.304-04:00 DEBUG 20072 --- [backend] [http-nio-8180-exec-8] o.s.security.web.FilterChainProxy        : Secured POST /appointment
2026-08-31T13:44:18.304-04:00 TRACE 20072 --- [backend] [http-nio-8180-exec-8] o.s.web.servlet.DispatcherServlet        : POST "/appointment", parameters={}, headers={masked} in DispatcherServlet 'dispatcherServlet'
2026-08-31T13:44:18.305-04:00 TRACE 20072 --- [backend] [http-nio-8180-exec-8] s.w.s.m.m.a.RequestMappingHandlerMapping : Mapped to com.duoc.backend.appointment.AppointmentController#saveAppointment(Appointment)
2026-08-31T13:44:18.305-04:00 TRACE 20072 --- [backend] [http-nio-8180-exec-8] .i.SessionFactoryImpl$SessionBuilderImpl : Opening Hibernate Session.  tenant=null
2026-08-31T13:44:18.307-04:00 TRACE 20072 --- [backend] [http-nio-8180-exec-8] org.hibernate.internal.SessionImpl       : Opened Session [ecaa6c56-21e9-4a31-a11f-6c4ad136c950] at timestamp: 1788198258307
2026-08-31T13:44:18.318-04:00 TRACE 20072 --- [backend] [http-nio-8180-exec-8] m.m.a.RequestResponseBodyMethodProcessor : Read "application/json;charset=UTF-8" to [com.duoc.backend.appointment.Appointment@73796b29]
2026-08-31T13:44:18.318-04:00 TRACE 20072 --- [backend] [http-nio-8180-exec-8] o.s.web.method.HandlerMethod             : Arguments: [com.duoc.backend.appointment.Appointment@73796b29]
2026-08-31T13:44:18.319-04:00 DEBUG 20072 --- [backend] [http-nio-8180-exec-8] o.h.e.t.internal.TransactionImpl         : On TransactionImpl creation, JpaCompliance#isJpaTransactionComplianceEnabled == false
2026-08-31T13:44:18.319-04:00 DEBUG 20072 --- [backend] [http-nio-8180-exec-8] o.h.e.t.internal.TransactionImpl         : begin
2026-08-31T13:44:18.320-04:00 TRACE 20072 --- [backend] [http-nio-8180-exec-8] j.i.AbstractLogicalConnectionImplementor : Preparing to begin transaction via JDBC Connection.setAutoCommit(false)
2026-08-31T13:44:18.323-04:00 TRACE 20072 --- [backend] [http-nio-8180-exec-8] j.i.AbstractLogicalConnectionImplementor : Transaction begun via JDBC Connection.setAutoCommit(false)
2026-08-31T13:44:18.323-04:00 TRACE 20072 --- [backend] [http-nio-8180-exec-8] cResourceLocalTransactionCoordinatorImpl : ResourceLocalTransactionCoordinatorImpl#afterBeginCallback
2026-08-31T13:44:18.323-04:00 DEBUG 20072 --- [backend] [http-nio-8180-exec-8] o.h.j.internal.PersistenceUnitUtilImpl   : jakarta.persistence.PersistenceUnitUtil.getIdentifier is only intended to work with enhanced entities (although Hibernate also adapts this support to its proxies); however the passed entity was not enhanced (nor a proxy).. may not be able to read identifier
2026-08-31T13:44:18.323-04:00 TRACE 20072 --- [backend] [http-nio-8180-exec-8] o.hibernate.event.internal.EntityState   : Transient instance of: com.duoc.backend.appointment.Appointment
2026-08-31T13:44:18.323-04:00 TRACE 20072 --- [backend] [http-nio-8180-exec-8] o.h.e.i.DefaultPersistEventListener      : Saving transient instance
2026-08-31T13:44:18.324-04:00 DEBUG 20072 --- [backend] [http-nio-8180-exec-8] o.h.e.i.AbstractSaveEventListener        : Generated identifier: 5, using strategy: org.hibernate.id.enhanced.SequenceStyleGenerator
2026-08-31T13:44:18.324-04:00 TRACE 20072 --- [backend] [http-nio-8180-exec-8] o.h.e.i.AbstractSaveEventListener        : Saving [com.duoc.backend.appointment.Appointment#5]
2026-08-31T13:44:18.325-04:00 TRACE 20072 --- [backend] [http-nio-8180-exec-8] org.hibernate.engine.spi.ActionQueue     : Adding an EntityInsertAction for [com.duoc.backend.appointment.Appointment] object
2026-08-31T13:44:18.325-04:00 TRACE 20072 --- [backend] [http-nio-8180-exec-8] org.hibernate.engine.spi.ActionQueue     : Adding insert with no non-nullable, transient entities: [EntityInsertAction[com.duoc.backend.appointment.Appointment#5]]
2026-08-31T13:44:18.325-04:00 TRACE 20072 --- [backend] [http-nio-8180-exec-8] org.hibernate.engine.spi.ActionQueue     : Adding resolved non-early insert action.
2026-08-31T13:44:18.325-04:00 DEBUG 20072 --- [backend] [http-nio-8180-exec-8] o.h.e.t.internal.TransactionImpl         : committing
2026-08-31T13:44:18.325-04:00 TRACE 20072 --- [backend] [http-nio-8180-exec-8] cResourceLocalTransactionCoordinatorImpl : ResourceLocalTransactionCoordinatorImpl#beforeCompletionCallback
2026-08-31T13:44:18.325-04:00 TRACE 20072 --- [backend] [http-nio-8180-exec-8] org.hibernate.internal.SessionImpl       : SessionImpl#beforeTransactionCompletion()
2026-08-31T13:44:18.325-04:00 TRACE 20072 --- [backend] [http-nio-8180-exec-8] org.hibernate.internal.SessionImpl       : Automatically flushing session
2026-08-31T13:44:18.325-04:00 TRACE 20072 --- [backend] [http-nio-8180-exec-8] o.h.e.i.AbstractFlushingEventListener    : Flushing session
2026-08-31T13:44:18.326-04:00 DEBUG 20072 --- [backend] [http-nio-8180-exec-8] o.h.e.i.AbstractFlushingEventListener    : Processing flush-time cascades
2026-08-31T13:44:18.326-04:00 TRACE 20072 --- [backend] [http-nio-8180-exec-8] org.hibernate.engine.internal.Cascade    : Processing cascade ACTION_CHECK_ON_FLUSH for: com.duoc.backend.appointment.Appointment
2026-08-31T13:44:18.326-04:00 TRACE 20072 --- [backend] [http-nio-8180-exec-8] org.hibernate.engine.internal.Cascade    : Done processing cascade ACTION_CHECK_ON_FLUSH for: com.duoc.backend.appointment.Appointment
2026-08-31T13:44:18.326-04:00 DEBUG 20072 --- [backend] [http-nio-8180-exec-8] o.h.e.i.AbstractFlushingEventListener    : Dirty checking collections
2026-08-31T13:44:18.326-04:00 TRACE 20072 --- [backend] [http-nio-8180-exec-8] o.h.e.i.AbstractFlushingEventListener    : Flushing entities and processing referenced collections
2026-08-31T13:44:18.326-04:00 TRACE 20072 --- [backend] [http-nio-8180-exec-8] o.h.e.i.AbstractFlushingEventListener    : Processing unreferenced collections
2026-08-31T13:44:18.326-04:00 TRACE 20072 --- [backend] [http-nio-8180-exec-8] o.h.e.i.AbstractFlushingEventListener    : Scheduling collection removes/(re)creates/updates
2026-08-31T13:44:18.327-04:00 DEBUG 20072 --- [backend] [http-nio-8180-exec-8] o.h.e.i.AbstractFlushingEventListener    : Flushed: 1 insertions, 0 updates, 0 deletions to 1 objects
2026-08-31T13:44:18.327-04:00 DEBUG 20072 --- [backend] [http-nio-8180-exec-8] o.h.e.i.AbstractFlushingEventListener    : Flushed: 0 (re)creations, 0 updates, 0 removals to 0 collections
2026-08-31T13:44:18.327-04:00 DEBUG 20072 --- [backend] [http-nio-8180-exec-8] o.hibernate.internal.util.EntityPrinter  : Listing entities:
2026-08-31T13:44:18.327-04:00 DEBUG 20072 --- [backend] [http-nio-8180-exec-8] o.hibernate.internal.util.EntityPrinter  : com.duoc.backend.appointment.Appointment{date=2026-09-01, reason=Control general, veterinarian=Dra. Pérez, id=5, time=10:00}
2026-08-31T13:44:18.328-04:00 TRACE 20072 --- [backend] [http-nio-8180-exec-8] o.h.e.i.AbstractFlushingEventListener    : Executing flush
2026-08-31T13:44:18.328-04:00 DEBUG 20072 --- [backend] [http-nio-8180-exec-8] org.hibernate.SQL                        : insert into appointment (date,reason,time,veterinarian,id) values (?,?,?,?,?)
2026-08-31T13:44:18.329-04:00 TRACE 20072 --- [backend] [http-nio-8180-exec-8] o.h.r.j.i.ResourceRegistryStandardImpl   : Registering statement [HikariProxyPreparedStatement@1451942800 wrapping com.mysql.cj.jdbc.ClientPreparedStatement: insert into appointment (date,reason,time,veterinarian,id) values (** NOT SPECIFIED **,** NOT SPECIFIED **,** NOT SPECIFIED **,** NOT SPECIFIED **,** NOT SPECIFIED **)]
2026-08-31T13:44:18.329-04:00 TRACE 20072 --- [backend] [http-nio-8180-exec-8] o.h.r.j.i.ResourceRegistryStandardImpl   : Registering result set [null]
2026-08-31T13:44:18.330-04:00 TRACE 20072 --- [backend] [http-nio-8180-exec-8] org.hibernate.orm.jdbc.bind              : binding parameter (1:DATE) <- [2026-09-01]
2026-08-31T13:44:18.331-04:00 TRACE 20072 --- [backend] [http-nio-8180-exec-8] org.hibernate.orm.jdbc.bind              : binding parameter (2:VARCHAR) <- [Control general]
2026-08-31T13:44:18.331-04:00 TRACE 20072 --- [backend] [http-nio-8180-exec-8] org.hibernate.orm.jdbc.bind              : binding parameter (3:TIME) <- [10:00]
2026-08-31T13:44:18.332-04:00 TRACE 20072 --- [backend] [http-nio-8180-exec-8] org.hibernate.orm.jdbc.bind              : binding parameter (4:VARCHAR) <- [Dra. Pérez]
2026-08-31T13:44:18.332-04:00 TRACE 20072 --- [backend] [http-nio-8180-exec-8] org.hibernate.orm.jdbc.bind              : binding parameter (5:BIGINT) <- [5]
2026-08-31T13:44:18.347-04:00 TRACE 20072 --- [backend] [http-nio-8180-exec-8] o.h.r.j.i.ResourceRegistryStandardImpl   : Releasing statement [HikariProxyPreparedStatement@1451942800 wrapping com.mysql.cj.jdbc.ClientPreparedStatement: insert into appointment (date,reason,time,veterinarian,id) values ('2026-09-01','Control general','10:00:00','Dra. Pérez',5)]
2026-08-31T13:44:18.348-04:00 TRACE 20072 --- [backend] [http-nio-8180-exec-8] o.h.r.j.i.ResourceRegistryStandardImpl   : Closing result set [null]
2026-08-31T13:44:18.348-04:00 TRACE 20072 --- [backend] [http-nio-8180-exec-8] o.h.r.j.i.ResourceRegistryStandardImpl   : Closing prepared statement [HikariProxyPreparedStatement@1451942800 wrapping com.mysql.cj.jdbc.ClientPreparedStatement: insert into appointment (date,reason,time,veterinarian,id) values ('2026-09-01','Control general','10:00:00','Dra. Pérez',5)]
2026-08-31T13:44:18.348-04:00 TRACE 20072 --- [backend] [http-nio-8180-exec-8] o.h.e.jdbc.internal.JdbcCoordinatorImpl  : Starting after statement execution processing [ON_CLOSE]
2026-08-31T13:44:18.348-04:00 TRACE 20072 --- [backend] [http-nio-8180-exec-8] o.h.e.i.AbstractFlushingEventListener    : Post flush
2026-08-31T13:44:18.348-04:00 TRACE 20072 --- [backend] [http-nio-8180-exec-8] j.i.AbstractLogicalConnectionImplementor : LogicalConnection#beforeTransactionCompletion
2026-08-31T13:44:18.348-04:00 TRACE 20072 --- [backend] [http-nio-8180-exec-8] .t.i.SynchronizationRegistryStandardImpl : SynchronizationRegistryStandardImpl.notifySynchronizationsBeforeTransactionCompletion
2026-08-31T13:44:18.348-04:00 TRACE 20072 --- [backend] [http-nio-8180-exec-8] j.i.AbstractLogicalConnectionImplementor : Preparing to commit transaction via JDBC Connection.commit()
2026-08-31T13:44:18.355-04:00 TRACE 20072 --- [backend] [http-nio-8180-exec-8] j.i.AbstractLogicalConnectionImplementor : Transaction committed via JDBC Connection.commit()
2026-08-31T13:44:18.355-04:00 TRACE 20072 --- [backend] [http-nio-8180-exec-8] j.i.AbstractLogicalConnectionImplementor : re-enabling auto-commit on JDBC Connection after completion of JDBC-based transaction
2026-08-31T13:44:18.357-04:00 TRACE 20072 --- [backend] [http-nio-8180-exec-8] j.i.AbstractLogicalConnectionImplementor : LogicalConnection#afterTransaction
2026-08-31T13:44:18.357-04:00 TRACE 20072 --- [backend] [http-nio-8180-exec-8] o.h.r.j.i.ResourceRegistryStandardImpl   : Releasing JDBC resources
2026-08-31T13:44:18.358-04:00 TRACE 20072 --- [backend] [http-nio-8180-exec-8] cResourceLocalTransactionCoordinatorImpl : ResourceLocalTransactionCoordinatorImpl#afterCompletionCallback(true)
2026-08-31T13:44:18.358-04:00 TRACE 20072 --- [backend] [http-nio-8180-exec-8] .t.i.SynchronizationRegistryStandardImpl : SynchronizationRegistryStandardImpl.notifySynchronizationsAfterTransactionCompletion(3)
2026-08-31T13:44:18.358-04:00 TRACE 20072 --- [backend] [http-nio-8180-exec-8] org.hibernate.internal.SessionImpl       : SessionImpl#afterTransactionCompletion(successful=true, delayed=false)
2026-08-31T13:44:18.359-04:00 DEBUG 20072 --- [backend] [http-nio-8180-exec-8] m.m.a.RequestResponseBodyMethodProcessor : Using 'application/json', given [*/*] and supported [application/json, application/*+json]
2026-08-31T13:44:18.359-04:00 TRACE 20072 --- [backend] [http-nio-8180-exec-8] m.m.a.RequestResponseBodyMethodProcessor : Writing [com.duoc.backend.appointment.Appointment@73796b29]
2026-08-31T13:44:18.367-04:00 TRACE 20072 --- [backend] [http-nio-8180-exec-8] o.s.web.servlet.DispatcherServlet        : No view rendering, null ModelAndView returned.
2026-08-31T13:44:18.368-04:00 TRACE 20072 --- [backend] [http-nio-8180-exec-8] org.hibernate.internal.SessionImpl       : Closing session [ecaa6c56-21e9-4a31-a11f-6c4ad136c950]
2026-08-31T13:44:18.368-04:00 TRACE 20072 --- [backend] [http-nio-8180-exec-8] o.h.e.jdbc.internal.JdbcCoordinatorImpl  : Closing JDBC container [org.hibernate.engine.jdbc.internal.JdbcCoordinatorImpl@7d94e86d]
2026-08-31T13:44:18.369-04:00 TRACE 20072 --- [backend] [http-nio-8180-exec-8] o.h.r.j.i.ResourceRegistryStandardImpl   : Releasing JDBC resources
2026-08-31T13:44:18.369-04:00 TRACE 20072 --- [backend] [http-nio-8180-exec-8] o.h.r.j.i.LogicalConnectionManagedImpl   : Closing logical connection
2026-08-31T13:44:18.369-04:00 TRACE 20072 --- [backend] [http-nio-8180-exec-8] o.h.r.j.i.ResourceRegistryStandardImpl   : Releasing JDBC resources
2026-08-31T13:44:18.369-04:00 TRACE 20072 --- [backend] [http-nio-8180-exec-8] o.h.r.j.i.LogicalConnectionManagedImpl   : Logical connection closed
2026-08-31T13:44:18.369-04:00 DEBUG 20072 --- [backend] [http-nio-8180-exec-8] o.s.web.servlet.DispatcherServlet        : Completed 200 OK, headers={masked}
2026-08-31T13:44:30.389-04:00 DEBUG 20072 --- [backend] [http-nio-8180-exec-6] o.s.security.web.FilterChainProxy        : Securing POST /appointment
2026-08-31T13:44:30.389-04:00 DEBUG 20072 --- [backend] [http-nio-8180-exec-6] o.s.security.web.FilterChainProxy        : Secured POST /appointment
2026-08-31T13:44:30.390-04:00 TRACE 20072 --- [backend] [http-nio-8180-exec-6] o.s.web.servlet.DispatcherServlet        : POST "/appointment", parameters={}, headers={masked} in DispatcherServlet 'dispatcherServlet'
2026-08-31T13:44:30.390-04:00 TRACE 20072 --- [backend] [http-nio-8180-exec-6] s.w.s.m.m.a.RequestMappingHandlerMapping : Mapped to com.duoc.backend.appointment.AppointmentController#saveAppointment(Appointment)
2026-08-31T13:44:30.390-04:00 TRACE 20072 --- [backend] [http-nio-8180-exec-6] .i.SessionFactoryImpl$SessionBuilderImpl : Opening Hibernate Session.  tenant=null
2026-08-31T13:44:30.390-04:00 TRACE 20072 --- [backend] [http-nio-8180-exec-6] org.hibernate.internal.SessionImpl       : Opened Session [3b7483e1-940f-4668-bf2d-3a9d0a26f442] at timestamp: 1788198270390
2026-08-31T13:44:30.391-04:00 TRACE 20072 --- [backend] [http-nio-8180-exec-6] m.m.a.RequestResponseBodyMethodProcessor : Read "application/json;charset=UTF-8" to [com.duoc.backend.appointment.Appointment@415fd52]
2026-08-31T13:44:30.391-04:00 TRACE 20072 --- [backend] [http-nio-8180-exec-6] o.s.web.method.HandlerMethod             : Arguments: [com.duoc.backend.appointment.Appointment@415fd52]
2026-08-31T13:44:30.391-04:00 DEBUG 20072 --- [backend] [http-nio-8180-exec-6] o.h.e.t.internal.TransactionImpl         : On TransactionImpl creation, JpaCompliance#isJpaTransactionComplianceEnabled == false
2026-08-31T13:44:30.391-04:00 DEBUG 20072 --- [backend] [http-nio-8180-exec-6] o.h.e.t.internal.TransactionImpl         : begin
2026-08-31T13:44:30.393-04:00 TRACE 20072 --- [backend] [http-nio-8180-exec-6] j.i.AbstractLogicalConnectionImplementor : Preparing to begin transaction via JDBC Connection.setAutoCommit(false)
2026-08-31T13:44:30.395-04:00 TRACE 20072 --- [backend] [http-nio-8180-exec-6] j.i.AbstractLogicalConnectionImplementor : Transaction begun via JDBC Connection.setAutoCommit(false)
2026-08-31T13:44:30.395-04:00 TRACE 20072 --- [backend] [http-nio-8180-exec-6] cResourceLocalTransactionCoordinatorImpl : ResourceLocalTransactionCoordinatorImpl#afterBeginCallback
2026-08-31T13:44:30.396-04:00 DEBUG 20072 --- [backend] [http-nio-8180-exec-6] o.h.j.internal.PersistenceUnitUtilImpl   : jakarta.persistence.PersistenceUnitUtil.getIdentifier is only intended to work with enhanced entities (although Hibernate also adapts this support to its proxies); however the passed entity was not enhanced (nor a proxy).. may not be able to read identifier
2026-08-31T13:44:30.397-04:00 TRACE 20072 --- [backend] [http-nio-8180-exec-6] o.hibernate.event.internal.EntityState   : Transient instance of: com.duoc.backend.appointment.Appointment
2026-08-31T13:44:30.398-04:00 TRACE 20072 --- [backend] [http-nio-8180-exec-6] o.h.e.i.DefaultPersistEventListener      : Saving transient instance
2026-08-31T13:44:30.399-04:00 DEBUG 20072 --- [backend] [http-nio-8180-exec-6] o.h.e.i.AbstractSaveEventListener        : Generated identifier: 6, using strategy: org.hibernate.id.enhanced.SequenceStyleGenerator
2026-08-31T13:44:30.399-04:00 TRACE 20072 --- [backend] [http-nio-8180-exec-6] o.h.e.i.AbstractSaveEventListener        : Saving [com.duoc.backend.appointment.Appointment#6]
2026-08-31T13:44:30.399-04:00 TRACE 20072 --- [backend] [http-nio-8180-exec-6] org.hibernate.engine.spi.ActionQueue     : Adding an EntityInsertAction for [com.duoc.backend.appointment.Appointment] object
2026-08-31T13:44:30.399-04:00 TRACE 20072 --- [backend] [http-nio-8180-exec-6] org.hibernate.engine.spi.ActionQueue     : Adding insert with no non-nullable, transient entities: [EntityInsertAction[com.duoc.backend.appointment.Appointment#6]]
2026-08-31T13:44:30.400-04:00 TRACE 20072 --- [backend] [http-nio-8180-exec-6] org.hibernate.engine.spi.ActionQueue     : Adding resolved non-early insert action.
2026-08-31T13:44:30.401-04:00 DEBUG 20072 --- [backend] [http-nio-8180-exec-6] o.h.e.t.internal.TransactionImpl         : committing
2026-08-31T13:44:30.401-04:00 TRACE 20072 --- [backend] [http-nio-8180-exec-6] cResourceLocalTransactionCoordinatorImpl : ResourceLocalTransactionCoordinatorImpl#beforeCompletionCallback
2026-08-31T13:44:30.401-04:00 TRACE 20072 --- [backend] [http-nio-8180-exec-6] org.hibernate.internal.SessionImpl       : SessionImpl#beforeTransactionCompletion()
2026-08-31T13:44:30.403-04:00 TRACE 20072 --- [backend] [http-nio-8180-exec-6] org.hibernate.internal.SessionImpl       : Automatically flushing session
2026-08-31T13:44:30.404-04:00 TRACE 20072 --- [backend] [http-nio-8180-exec-6] o.h.e.i.AbstractFlushingEventListener    : Flushing session
2026-08-31T13:44:30.404-04:00 DEBUG 20072 --- [backend] [http-nio-8180-exec-6] o.h.e.i.AbstractFlushingEventListener    : Processing flush-time cascades
2026-08-31T13:44:30.404-04:00 TRACE 20072 --- [backend] [http-nio-8180-exec-6] org.hibernate.engine.internal.Cascade    : Processing cascade ACTION_CHECK_ON_FLUSH for: com.duoc.backend.appointment.Appointment
2026-08-31T13:44:30.404-04:00 TRACE 20072 --- [backend] [http-nio-8180-exec-6] org.hibernate.engine.internal.Cascade    : Done processing cascade ACTION_CHECK_ON_FLUSH for: com.duoc.backend.appointment.Appointment
2026-08-31T13:44:30.405-04:00 DEBUG 20072 --- [backend] [http-nio-8180-exec-6] o.h.e.i.AbstractFlushingEventListener    : Dirty checking collections
2026-08-31T13:44:30.405-04:00 TRACE 20072 --- [backend] [http-nio-8180-exec-6] o.h.e.i.AbstractFlushingEventListener    : Flushing entities and processing referenced collections
2026-08-31T13:44:30.405-04:00 TRACE 20072 --- [backend] [http-nio-8180-exec-6] o.h.e.i.AbstractFlushingEventListener    : Processing unreferenced collections
2026-08-31T13:44:30.406-04:00 TRACE 20072 --- [backend] [http-nio-8180-exec-6] o.h.e.i.AbstractFlushingEventListener    : Scheduling collection removes/(re)creates/updates
2026-08-31T13:44:30.406-04:00 DEBUG 20072 --- [backend] [http-nio-8180-exec-6] o.h.e.i.AbstractFlushingEventListener    : Flushed: 1 insertions, 0 updates, 0 deletions to 1 objects
2026-08-31T13:44:30.406-04:00 DEBUG 20072 --- [backend] [http-nio-8180-exec-6] o.h.e.i.AbstractFlushingEventListener    : Flushed: 0 (re)creations, 0 updates, 0 removals to 0 collections
2026-08-31T13:44:30.406-04:00 DEBUG 20072 --- [backend] [http-nio-8180-exec-6] o.hibernate.internal.util.EntityPrinter  : Listing entities:
2026-08-31T13:44:30.406-04:00 DEBUG 20072 --- [backend] [http-nio-8180-exec-6] o.hibernate.internal.util.EntityPrinter  : com.duoc.backend.appointment.Appointment{date=2026-09-02, reason=Vacunación, veterinarian=Dr. Soto, id=6, time=11:30}
2026-08-31T13:44:30.407-04:00 TRACE 20072 --- [backend] [http-nio-8180-exec-6] o.h.e.i.AbstractFlushingEventListener    : Executing flush
2026-08-31T13:44:30.407-04:00 DEBUG 20072 --- [backend] [http-nio-8180-exec-6] org.hibernate.SQL                        : insert into appointment (date,reason,time,veterinarian,id) values (?,?,?,?,?)
2026-08-31T13:44:30.407-04:00 TRACE 20072 --- [backend] [http-nio-8180-exec-6] o.h.r.j.i.ResourceRegistryStandardImpl   : Registering statement [HikariProxyPreparedStatement@1126813684 wrapping com.mysql.cj.jdbc.ClientPreparedStatement: insert into appointment (date,reason,time,veterinarian,id) values (** NOT SPECIFIED **,** NOT SPECIFIED **,** NOT SPECIFIED **,** NOT SPECIFIED **,** NOT SPECIFIED **)]
2026-08-31T13:44:30.407-04:00 TRACE 20072 --- [backend] [http-nio-8180-exec-6] o.h.r.j.i.ResourceRegistryStandardImpl   : Registering result set [null]
2026-08-31T13:44:30.407-04:00 TRACE 20072 --- [backend] [http-nio-8180-exec-6] org.hibernate.orm.jdbc.bind              : binding parameter (1:DATE) <- [2026-09-02]
2026-08-31T13:44:30.408-04:00 TRACE 20072 --- [backend] [http-nio-8180-exec-6] org.hibernate.orm.jdbc.bind              : binding parameter (2:VARCHAR) <- [Vacunación]
2026-08-31T13:44:30.408-04:00 TRACE 20072 --- [backend] [http-nio-8180-exec-6] org.hibernate.orm.jdbc.bind              : binding parameter (3:TIME) <- [11:30]
2026-08-31T13:44:30.408-04:00 TRACE 20072 --- [backend] [http-nio-8180-exec-6] org.hibernate.orm.jdbc.bind              : binding parameter (4:VARCHAR) <- [Dr. Soto]
2026-08-31T13:44:30.408-04:00 TRACE 20072 --- [backend] [http-nio-8180-exec-6] org.hibernate.orm.jdbc.bind              : binding parameter (5:BIGINT) <- [6]
2026-08-31T13:44:30.414-04:00 TRACE 20072 --- [backend] [http-nio-8180-exec-6] o.h.r.j.i.ResourceRegistryStandardImpl   : Releasing statement [HikariProxyPreparedStatement@1126813684 wrapping com.mysql.cj.jdbc.ClientPreparedStatement: insert into appointment (date,reason,time,veterinarian,id) values ('2026-09-02','Vacunación','11:30:00','Dr. Soto',6)]
2026-08-31T13:44:30.415-04:00 TRACE 20072 --- [backend] [http-nio-8180-exec-6] o.h.r.j.i.ResourceRegistryStandardImpl   : Closing result set [null]
2026-08-31T13:44:30.415-04:00 TRACE 20072 --- [backend] [http-nio-8180-exec-6] o.h.r.j.i.ResourceRegistryStandardImpl   : Closing prepared statement [HikariProxyPreparedStatement@1126813684 wrapping com.mysql.cj.jdbc.ClientPreparedStatement: insert into appointment (date,reason,time,veterinarian,id) values ('2026-09-02','Vacunación','11:30:00','Dr. Soto',6)]
2026-08-31T13:44:30.416-04:00 TRACE 20072 --- [backend] [http-nio-8180-exec-6] o.h.e.jdbc.internal.JdbcCoordinatorImpl  : Starting after statement execution processing [ON_CLOSE]
2026-08-31T13:44:30.416-04:00 TRACE 20072 --- [backend] [http-nio-8180-exec-6] o.h.e.i.AbstractFlushingEventListener    : Post flush
2026-08-31T13:44:30.416-04:00 TRACE 20072 --- [backend] [http-nio-8180-exec-6] j.i.AbstractLogicalConnectionImplementor : LogicalConnection#beforeTransactionCompletion
2026-08-31T13:44:30.417-04:00 TRACE 20072 --- [backend] [http-nio-8180-exec-6] .t.i.SynchronizationRegistryStandardImpl : SynchronizationRegistryStandardImpl.notifySynchronizationsBeforeTransactionCompletion
2026-08-31T13:44:30.417-04:00 TRACE 20072 --- [backend] [http-nio-8180-exec-6] j.i.AbstractLogicalConnectionImplementor : Preparing to commit transaction via JDBC Connection.commit()
2026-08-31T13:44:30.423-04:00 TRACE 20072 --- [backend] [http-nio-8180-exec-6] j.i.AbstractLogicalConnectionImplementor : Transaction committed via JDBC Connection.commit()
2026-08-31T13:44:30.424-04:00 TRACE 20072 --- [backend] [http-nio-8180-exec-6] j.i.AbstractLogicalConnectionImplementor : re-enabling auto-commit on JDBC Connection after completion of JDBC-based transaction
2026-08-31T13:44:30.426-04:00 TRACE 20072 --- [backend] [http-nio-8180-exec-6] j.i.AbstractLogicalConnectionImplementor : LogicalConnection#afterTransaction
2026-08-31T13:44:30.426-04:00 TRACE 20072 --- [backend] [http-nio-8180-exec-6] o.h.r.j.i.ResourceRegistryStandardImpl   : Releasing JDBC resources
2026-08-31T13:44:30.426-04:00 TRACE 20072 --- [backend] [http-nio-8180-exec-6] cResourceLocalTransactionCoordinatorImpl : ResourceLocalTransactionCoordinatorImpl#afterCompletionCallback(true)
2026-08-31T13:44:30.426-04:00 TRACE 20072 --- [backend] [http-nio-8180-exec-6] .t.i.SynchronizationRegistryStandardImpl : SynchronizationRegistryStandardImpl.notifySynchronizationsAfterTransactionCompletion(3)
2026-08-31T13:44:30.426-04:00 TRACE 20072 --- [backend] [http-nio-8180-exec-6] org.hibernate.internal.SessionImpl       : SessionImpl#afterTransactionCompletion(successful=true, delayed=false)
2026-08-31T13:44:30.427-04:00 DEBUG 20072 --- [backend] [http-nio-8180-exec-6] m.m.a.RequestResponseBodyMethodProcessor : Using 'application/json', given [*/*] and supported [application/json, application/*+json]
2026-08-31T13:44:30.427-04:00 TRACE 20072 --- [backend] [http-nio-8180-exec-6] m.m.a.RequestResponseBodyMethodProcessor : Writing [com.duoc.backend.appointment.Appointment@415fd52]
2026-08-31T13:44:30.428-04:00 TRACE 20072 --- [backend] [http-nio-8180-exec-6] o.s.web.servlet.DispatcherServlet        : No view rendering, null ModelAndView returned.
2026-08-31T13:44:30.428-04:00 TRACE 20072 --- [backend] [http-nio-8180-exec-6] org.hibernate.internal.SessionImpl       : Closing session [3b7483e1-940f-4668-bf2d-3a9d0a26f442]
2026-08-31T13:44:30.429-04:00 TRACE 20072 --- [backend] [http-nio-8180-exec-6] o.h.e.jdbc.internal.JdbcCoordinatorImpl  : Closing JDBC container [org.hibernate.engine.jdbc.internal.JdbcCoordinatorImpl@45fa97c1]
2026-08-31T13:44:30.429-04:00 TRACE 20072 --- [backend] [http-nio-8180-exec-6] o.h.r.j.i.ResourceRegistryStandardImpl   : Releasing JDBC resources
2026-08-31T13:44:30.429-04:00 TRACE 20072 --- [backend] [http-nio-8180-exec-6] o.h.r.j.i.LogicalConnectionManagedImpl   : Closing logical connection
2026-08-31T13:44:30.429-04:00 TRACE 20072 --- [backend] [http-nio-8180-exec-6] o.h.r.j.i.ResourceRegistryStandardImpl   : Releasing JDBC resources
2026-08-31T13:44:30.429-04:00 TRACE 20072 --- [backend] [http-nio-8180-exec-6] o.h.r.j.i.LogicalConnectionManagedImpl   : Logical connection closed
2026-08-31T13:44:30.429-04:00 DEBUG 20072 --- [backend] [http-nio-8180-exec-6] o.s.web.servlet.DispatcherServlet        : Completed 200 OK, headers={masked}
2026-08-31T13:44:37.767-04:00 DEBUG 20072 --- [backend] [http-nio-8180-exec-2] o.s.security.web.FilterChainProxy        : Securing POST /appointment
2026-08-31T13:44:37.775-04:00 DEBUG 20072 --- [backend] [http-nio-8180-exec-2] o.s.security.web.FilterChainProxy        : Secured POST /appointment
2026-08-31T13:44:37.775-04:00 TRACE 20072 --- [backend] [http-nio-8180-exec-2] o.s.web.servlet.DispatcherServlet        : POST "/appointment", parameters={}, headers={masked} in DispatcherServlet 'dispatcherServlet'
2026-08-31T13:44:37.776-04:00 TRACE 20072 --- [backend] [http-nio-8180-exec-2] s.w.s.m.m.a.RequestMappingHandlerMapping : Mapped to com.duoc.backend.appointment.AppointmentController#saveAppointment(Appointment)
2026-08-31T13:44:37.776-04:00 TRACE 20072 --- [backend] [http-nio-8180-exec-2] .i.SessionFactoryImpl$SessionBuilderImpl : Opening Hibernate Session.  tenant=null
2026-08-31T13:44:37.776-04:00 TRACE 20072 --- [backend] [http-nio-8180-exec-2] org.hibernate.internal.SessionImpl       : Opened Session [413c5d2a-c39d-4407-bb6a-b4afb2bc2d94] at timestamp: 1788198277776
2026-08-31T13:44:37.777-04:00 TRACE 20072 --- [backend] [http-nio-8180-exec-2] m.m.a.RequestResponseBodyMethodProcessor : Read "application/json;charset=UTF-8" to [com.duoc.backend.appointment.Appointment@9dd0ad7]
2026-08-31T13:44:37.778-04:00 TRACE 20072 --- [backend] [http-nio-8180-exec-2] o.s.web.method.HandlerMethod             : Arguments: [com.duoc.backend.appointment.Appointment@9dd0ad7]
2026-08-31T13:44:37.778-04:00 DEBUG 20072 --- [backend] [http-nio-8180-exec-2] o.h.e.t.internal.TransactionImpl         : On TransactionImpl creation, JpaCompliance#isJpaTransactionComplianceEnabled == false
2026-08-31T13:44:37.778-04:00 DEBUG 20072 --- [backend] [http-nio-8180-exec-2] o.h.e.t.internal.TransactionImpl         : begin
2026-08-31T13:44:37.780-04:00 TRACE 20072 --- [backend] [http-nio-8180-exec-2] j.i.AbstractLogicalConnectionImplementor : Preparing to begin transaction via JDBC Connection.setAutoCommit(false)
2026-08-31T13:44:37.784-04:00 TRACE 20072 --- [backend] [http-nio-8180-exec-2] j.i.AbstractLogicalConnectionImplementor : Transaction begun via JDBC Connection.setAutoCommit(false)
2026-08-31T13:44:37.784-04:00 TRACE 20072 --- [backend] [http-nio-8180-exec-2] cResourceLocalTransactionCoordinatorImpl : ResourceLocalTransactionCoordinatorImpl#afterBeginCallback
2026-08-31T13:44:37.784-04:00 DEBUG 20072 --- [backend] [http-nio-8180-exec-2] o.h.j.internal.PersistenceUnitUtilImpl   : jakarta.persistence.PersistenceUnitUtil.getIdentifier is only intended to work with enhanced entities (although Hibernate also adapts this support to its proxies); however the passed entity was not enhanced (nor a proxy).. may not be able to read identifier
2026-08-31T13:44:37.784-04:00 TRACE 20072 --- [backend] [http-nio-8180-exec-2] o.hibernate.event.internal.EntityState   : Transient instance of: com.duoc.backend.appointment.Appointment
2026-08-31T13:44:37.785-04:00 TRACE 20072 --- [backend] [http-nio-8180-exec-2] o.h.e.i.DefaultPersistEventListener      : Saving transient instance
2026-08-31T13:44:37.785-04:00 DEBUG 20072 --- [backend] [http-nio-8180-exec-2] o.h.e.i.AbstractSaveEventListener        : Generated identifier: 7, using strategy: org.hibernate.id.enhanced.SequenceStyleGenerator
2026-08-31T13:44:37.785-04:00 TRACE 20072 --- [backend] [http-nio-8180-exec-2] o.h.e.i.AbstractSaveEventListener        : Saving [com.duoc.backend.appointment.Appointment#7]
2026-08-31T13:44:37.786-04:00 TRACE 20072 --- [backend] [http-nio-8180-exec-2] org.hibernate.engine.spi.ActionQueue     : Adding an EntityInsertAction for [com.duoc.backend.appointment.Appointment] object
2026-08-31T13:44:37.787-04:00 TRACE 20072 --- [backend] [http-nio-8180-exec-2] org.hibernate.engine.spi.ActionQueue     : Adding insert with no non-nullable, transient entities: [EntityInsertAction[com.duoc.backend.appointment.Appointment#7]]
2026-08-31T13:44:37.787-04:00 TRACE 20072 --- [backend] [http-nio-8180-exec-2] org.hibernate.engine.spi.ActionQueue     : Adding resolved non-early insert action.
2026-08-31T13:44:37.787-04:00 DEBUG 20072 --- [backend] [http-nio-8180-exec-2] o.h.e.t.internal.TransactionImpl         : committing
2026-08-31T13:44:37.787-04:00 TRACE 20072 --- [backend] [http-nio-8180-exec-2] cResourceLocalTransactionCoordinatorImpl : ResourceLocalTransactionCoordinatorImpl#beforeCompletionCallback
2026-08-31T13:44:37.788-04:00 TRACE 20072 --- [backend] [http-nio-8180-exec-2] org.hibernate.internal.SessionImpl       : SessionImpl#beforeTransactionCompletion()
2026-08-31T13:44:37.788-04:00 TRACE 20072 --- [backend] [http-nio-8180-exec-2] org.hibernate.internal.SessionImpl       : Automatically flushing session
2026-08-31T13:44:37.788-04:00 TRACE 20072 --- [backend] [http-nio-8180-exec-2] o.h.e.i.AbstractFlushingEventListener    : Flushing session
2026-08-31T13:44:37.788-04:00 DEBUG 20072 --- [backend] [http-nio-8180-exec-2] o.h.e.i.AbstractFlushingEventListener    : Processing flush-time cascades
2026-08-31T13:44:37.788-04:00 TRACE 20072 --- [backend] [http-nio-8180-exec-2] org.hibernate.engine.internal.Cascade    : Processing cascade ACTION_CHECK_ON_FLUSH for: com.duoc.backend.appointment.Appointment
2026-08-31T13:44:37.789-04:00 TRACE 20072 --- [backend] [http-nio-8180-exec-2] org.hibernate.engine.internal.Cascade    : Done processing cascade ACTION_CHECK_ON_FLUSH for: com.duoc.backend.appointment.Appointment
2026-08-31T13:44:37.789-04:00 DEBUG 20072 --- [backend] [http-nio-8180-exec-2] o.h.e.i.AbstractFlushingEventListener    : Dirty checking collections
2026-08-31T13:44:37.789-04:00 TRACE 20072 --- [backend] [http-nio-8180-exec-2] o.h.e.i.AbstractFlushingEventListener    : Flushing entities and processing referenced collections
2026-08-31T13:44:37.790-04:00 TRACE 20072 --- [backend] [http-nio-8180-exec-2] o.h.e.i.AbstractFlushingEventListener    : Processing unreferenced collections
2026-08-31T13:44:37.790-04:00 TRACE 20072 --- [backend] [http-nio-8180-exec-2] o.h.e.i.AbstractFlushingEventListener    : Scheduling collection removes/(re)creates/updates
2026-08-31T13:44:37.790-04:00 DEBUG 20072 --- [backend] [http-nio-8180-exec-2] o.h.e.i.AbstractFlushingEventListener    : Flushed: 1 insertions, 0 updates, 0 deletions to 1 objects
2026-08-31T13:44:37.790-04:00 DEBUG 20072 --- [backend] [http-nio-8180-exec-2] o.h.e.i.AbstractFlushingEventListener    : Flushed: 0 (re)creations, 0 updates, 0 removals to 0 collections
2026-08-31T13:44:37.790-04:00 DEBUG 20072 --- [backend] [http-nio-8180-exec-2] o.hibernate.internal.util.EntityPrinter  : Listing entities:
2026-08-31T13:44:37.790-04:00 DEBUG 20072 --- [backend] [http-nio-8180-exec-2] o.hibernate.internal.util.EntityPrinter  : com.duoc.backend.appointment.Appointment{date=2026-09-03, reason=Control dental, veterinarian=Dra. Pérez, id=7, time=15:00}
2026-08-31T13:44:37.790-04:00 TRACE 20072 --- [backend] [http-nio-8180-exec-2] o.h.e.i.AbstractFlushingEventListener    : Executing flush
2026-08-31T13:44:37.790-04:00 DEBUG 20072 --- [backend] [http-nio-8180-exec-2] org.hibernate.SQL                        : insert into appointment (date,reason,time,veterinarian,id) values (?,?,?,?,?)
2026-08-31T13:44:37.791-04:00 TRACE 20072 --- [backend] [http-nio-8180-exec-2] o.h.r.j.i.ResourceRegistryStandardImpl   : Registering statement [HikariProxyPreparedStatement@813698172 wrapping com.mysql.cj.jdbc.ClientPreparedStatement: insert into appointment (date,reason,time,veterinarian,id) values (** NOT SPECIFIED **,** NOT SPECIFIED **,** NOT SPECIFIED **,** NOT SPECIFIED **,** NOT SPECIFIED **)]
2026-08-31T13:44:37.791-04:00 TRACE 20072 --- [backend] [http-nio-8180-exec-2] o.h.r.j.i.ResourceRegistryStandardImpl   : Registering result set [null]
2026-08-31T13:44:37.791-04:00 TRACE 20072 --- [backend] [http-nio-8180-exec-2] org.hibernate.orm.jdbc.bind              : binding parameter (1:DATE) <- [2026-09-03]
2026-08-31T13:44:37.791-04:00 TRACE 20072 --- [backend] [http-nio-8180-exec-2] org.hibernate.orm.jdbc.bind              : binding parameter (2:VARCHAR) <- [Control dental]
2026-08-31T13:44:37.791-04:00 TRACE 20072 --- [backend] [http-nio-8180-exec-2] org.hibernate.orm.jdbc.bind              : binding parameter (3:TIME) <- [15:00]
2026-08-31T13:44:37.791-04:00 TRACE 20072 --- [backend] [http-nio-8180-exec-2] org.hibernate.orm.jdbc.bind              : binding parameter (4:VARCHAR) <- [Dra. Pérez]
2026-08-31T13:44:37.792-04:00 TRACE 20072 --- [backend] [http-nio-8180-exec-2] org.hibernate.orm.jdbc.bind              : binding parameter (5:BIGINT) <- [7]
2026-08-31T13:44:37.795-04:00 TRACE 20072 --- [backend] [http-nio-8180-exec-2] o.h.r.j.i.ResourceRegistryStandardImpl   : Releasing statement [HikariProxyPreparedStatement@813698172 wrapping com.mysql.cj.jdbc.ClientPreparedStatement: insert into appointment (date,reason,time,veterinarian,id) values ('2026-09-03','Control dental','15:00:00','Dra. Pérez',7)]
2026-08-31T13:44:37.796-04:00 TRACE 20072 --- [backend] [http-nio-8180-exec-2] o.h.r.j.i.ResourceRegistryStandardImpl   : Closing result set [null]
2026-08-31T13:44:37.796-04:00 TRACE 20072 --- [backend] [http-nio-8180-exec-2] o.h.r.j.i.ResourceRegistryStandardImpl   : Closing prepared statement [HikariProxyPreparedStatement@813698172 wrapping com.mysql.cj.jdbc.ClientPreparedStatement: insert into appointment (date,reason,time,veterinarian,id) values ('2026-09-03','Control dental','15:00:00','Dra. Pérez',7)]
2026-08-31T13:44:37.796-04:00 TRACE 20072 --- [backend] [http-nio-8180-exec-2] o.h.e.jdbc.internal.JdbcCoordinatorImpl  : Starting after statement execution processing [ON_CLOSE]
2026-08-31T13:44:37.796-04:00 TRACE 20072 --- [backend] [http-nio-8180-exec-2] o.h.e.i.AbstractFlushingEventListener    : Post flush
2026-08-31T13:44:37.796-04:00 TRACE 20072 --- [backend] [http-nio-8180-exec-2] j.i.AbstractLogicalConnectionImplementor : LogicalConnection#beforeTransactionCompletion
2026-08-31T13:44:37.796-04:00 TRACE 20072 --- [backend] [http-nio-8180-exec-2] .t.i.SynchronizationRegistryStandardImpl : SynchronizationRegistryStandardImpl.notifySynchronizationsBeforeTransactionCompletion
2026-08-31T13:44:37.796-04:00 TRACE 20072 --- [backend] [http-nio-8180-exec-2] j.i.AbstractLogicalConnectionImplementor : Preparing to commit transaction via JDBC Connection.commit()
2026-08-31T13:44:37.802-04:00 TRACE 20072 --- [backend] [http-nio-8180-exec-2] j.i.AbstractLogicalConnectionImplementor : Transaction committed via JDBC Connection.commit()
2026-08-31T13:44:37.803-04:00 TRACE 20072 --- [backend] [http-nio-8180-exec-2] j.i.AbstractLogicalConnectionImplementor : re-enabling auto-commit on JDBC Connection after completion of JDBC-based transaction
2026-08-31T13:44:37.805-04:00 TRACE 20072 --- [backend] [http-nio-8180-exec-2] j.i.AbstractLogicalConnectionImplementor : LogicalConnection#afterTransaction
2026-08-31T13:44:37.805-04:00 TRACE 20072 --- [backend] [http-nio-8180-exec-2] o.h.r.j.i.ResourceRegistryStandardImpl   : Releasing JDBC resources
2026-08-31T13:44:37.805-04:00 TRACE 20072 --- [backend] [http-nio-8180-exec-2] cResourceLocalTransactionCoordinatorImpl : ResourceLocalTransactionCoordinatorImpl#afterCompletionCallback(true)
2026-08-31T13:44:37.805-04:00 TRACE 20072 --- [backend] [http-nio-8180-exec-2] .t.i.SynchronizationRegistryStandardImpl : SynchronizationRegistryStandardImpl.notifySynchronizationsAfterTransactionCompletion(3)
2026-08-31T13:44:37.805-04:00 TRACE 20072 --- [backend] [http-nio-8180-exec-2] org.hibernate.internal.SessionImpl       : SessionImpl#afterTransactionCompletion(successful=true, delayed=false)
2026-08-31T13:44:37.805-04:00 DEBUG 20072 --- [backend] [http-nio-8180-exec-2] m.m.a.RequestResponseBodyMethodProcessor : Using 'application/json', given [*/*] and supported [application/json, application/*+json]
2026-08-31T13:44:37.806-04:00 TRACE 20072 --- [backend] [http-nio-8180-exec-2] m.m.a.RequestResponseBodyMethodProcessor : Writing [com.duoc.backend.appointment.Appointment@9dd0ad7]
2026-08-31T13:44:37.806-04:00 TRACE 20072 --- [backend] [http-nio-8180-exec-2] o.s.web.servlet.DispatcherServlet        : No view rendering, null ModelAndView returned.
2026-08-31T13:44:37.806-04:00 TRACE 20072 --- [backend] [http-nio-8180-exec-2] org.hibernate.internal.SessionImpl       : Closing session [413c5d2a-c39d-4407-bb6a-b4afb2bc2d94]
2026-08-31T13:44:37.807-04:00 TRACE 20072 --- [backend] [http-nio-8180-exec-2] o.h.e.jdbc.internal.JdbcCoordinatorImpl  : Closing JDBC container [org.hibernate.engine.jdbc.internal.JdbcCoordinatorImpl@5b29e51a]
2026-08-31T13:44:37.807-04:00 TRACE 20072 --- [backend] [http-nio-8180-exec-2] o.h.r.j.i.ResourceRegistryStandardImpl   : Releasing JDBC resources
2026-08-31T13:44:37.807-04:00 TRACE 20072 --- [backend] [http-nio-8180-exec-2] o.h.r.j.i.LogicalConnectionManagedImpl   : Closing logical connection
2026-08-31T13:44:37.807-04:00 TRACE 20072 --- [backend] [http-nio-8180-exec-2] o.h.r.j.i.ResourceRegistryStandardImpl   : Releasing JDBC resources
2026-08-31T13:44:37.807-04:00 TRACE 20072 --- [backend] [http-nio-8180-exec-2] o.h.r.j.i.LogicalConnectionManagedImpl   : Logical connection closed
2026-08-31T13:44:37.807-04:00 DEBUG 20072 --- [backend] [http-nio-8180-exec-2] o.s.web.servlet.DispatcherServlet        : Completed 200 OK, headers={masked}
2026-08-31T13:44:42.948-04:00 DEBUG 20072 --- [backend] [HikariPool-1 housekeeper] com.zaxxer.hikari.pool.HikariPool        : HikariPool-1 - Pool stats (total=10, active=0, idle=10, waiting=0)
2026-08-31T13:44:42.949-04:00 DEBUG 20072 --- [backend] [HikariPool-1 housekeeper] com.zaxxer.hikari.pool.HikariPool        : HikariPool-1 - Fill pool skipped, pool has sufficient level or currently being filled.
2026-08-31T13:44:44.423-04:00 DEBUG 20072 --- [backend] [http-nio-8180-exec-10] o.s.security.web.FilterChainProxy        : Securing POST /appointment
2026-08-31T13:44:44.423-04:00 DEBUG 20072 --- [backend] [http-nio-8180-exec-10] o.s.security.web.FilterChainProxy        : Secured POST /appointment
2026-08-31T13:44:44.424-04:00 TRACE 20072 --- [backend] [http-nio-8180-exec-10] o.s.web.servlet.DispatcherServlet        : POST "/appointment", parameters={}, headers={masked} in DispatcherServlet 'dispatcherServlet'
2026-08-31T13:44:44.424-04:00 TRACE 20072 --- [backend] [http-nio-8180-exec-10] s.w.s.m.m.a.RequestMappingHandlerMapping : Mapped to com.duoc.backend.appointment.AppointmentController#saveAppointment(Appointment)
2026-08-31T13:44:44.425-04:00 TRACE 20072 --- [backend] [http-nio-8180-exec-10] .i.SessionFactoryImpl$SessionBuilderImpl : Opening Hibernate Session.  tenant=null
2026-08-31T13:44:44.425-04:00 TRACE 20072 --- [backend] [http-nio-8180-exec-10] org.hibernate.internal.SessionImpl       : Opened Session [8ee664ea-2c9b-4a80-acee-0c27ab1bcd4a] at timestamp: 1788198284425
2026-08-31T13:44:44.426-04:00 TRACE 20072 --- [backend] [http-nio-8180-exec-10] m.m.a.RequestResponseBodyMethodProcessor : Read "application/json;charset=UTF-8" to [com.duoc.backend.appointment.Appointment@733c6511]
2026-08-31T13:44:44.426-04:00 TRACE 20072 --- [backend] [http-nio-8180-exec-10] o.s.web.method.HandlerMethod             : Arguments: [com.duoc.backend.appointment.Appointment@733c6511]
2026-08-31T13:44:44.426-04:00 DEBUG 20072 --- [backend] [http-nio-8180-exec-10] o.h.e.t.internal.TransactionImpl         : On TransactionImpl creation, JpaCompliance#isJpaTransactionComplianceEnabled == false
2026-08-31T13:44:44.427-04:00 DEBUG 20072 --- [backend] [http-nio-8180-exec-10] o.h.e.t.internal.TransactionImpl         : begin
2026-08-31T13:44:44.429-04:00 TRACE 20072 --- [backend] [http-nio-8180-exec-10] j.i.AbstractLogicalConnectionImplementor : Preparing to begin transaction via JDBC Connection.setAutoCommit(false)
2026-08-31T13:44:44.431-04:00 TRACE 20072 --- [backend] [http-nio-8180-exec-10] j.i.AbstractLogicalConnectionImplementor : Transaction begun via JDBC Connection.setAutoCommit(false)
2026-08-31T13:44:44.431-04:00 TRACE 20072 --- [backend] [http-nio-8180-exec-10] cResourceLocalTransactionCoordinatorImpl : ResourceLocalTransactionCoordinatorImpl#afterBeginCallback
2026-08-31T13:44:44.432-04:00 DEBUG 20072 --- [backend] [http-nio-8180-exec-10] o.h.j.internal.PersistenceUnitUtilImpl   : jakarta.persistence.PersistenceUnitUtil.getIdentifier is only intended to work with enhanced entities (although Hibernate also adapts this support to its proxies); however the passed entity was not enhanced (nor a proxy).. may not be able to read identifier
2026-08-31T13:44:44.432-04:00 TRACE 20072 --- [backend] [http-nio-8180-exec-10] o.hibernate.event.internal.EntityState   : Transient instance of: com.duoc.backend.appointment.Appointment
2026-08-31T13:44:44.433-04:00 TRACE 20072 --- [backend] [http-nio-8180-exec-10] o.h.e.i.DefaultPersistEventListener      : Saving transient instance
2026-08-31T13:44:44.433-04:00 DEBUG 20072 --- [backend] [http-nio-8180-exec-10] o.h.e.i.AbstractSaveEventListener        : Generated identifier: 8, using strategy: org.hibernate.id.enhanced.SequenceStyleGenerator
2026-08-31T13:44:44.433-04:00 TRACE 20072 --- [backend] [http-nio-8180-exec-10] o.h.e.i.AbstractSaveEventListener        : Saving [com.duoc.backend.appointment.Appointment#8]
2026-08-31T13:44:44.433-04:00 TRACE 20072 --- [backend] [http-nio-8180-exec-10] org.hibernate.engine.spi.ActionQueue     : Adding an EntityInsertAction for [com.duoc.backend.appointment.Appointment] object
2026-08-31T13:44:44.433-04:00 TRACE 20072 --- [backend] [http-nio-8180-exec-10] org.hibernate.engine.spi.ActionQueue     : Adding insert with no non-nullable, transient entities: [EntityInsertAction[com.duoc.backend.appointment.Appointment#8]]
2026-08-31T13:44:44.433-04:00 TRACE 20072 --- [backend] [http-nio-8180-exec-10] org.hibernate.engine.spi.ActionQueue     : Adding resolved non-early insert action.
2026-08-31T13:44:44.434-04:00 DEBUG 20072 --- [backend] [http-nio-8180-exec-10] o.h.e.t.internal.TransactionImpl         : committing
2026-08-31T13:44:44.434-04:00 TRACE 20072 --- [backend] [http-nio-8180-exec-10] cResourceLocalTransactionCoordinatorImpl : ResourceLocalTransactionCoordinatorImpl#beforeCompletionCallback
2026-08-31T13:44:44.434-04:00 TRACE 20072 --- [backend] [http-nio-8180-exec-10] org.hibernate.internal.SessionImpl       : SessionImpl#beforeTransactionCompletion()
2026-08-31T13:44:44.434-04:00 TRACE 20072 --- [backend] [http-nio-8180-exec-10] org.hibernate.internal.SessionImpl       : Automatically flushing session
2026-08-31T13:44:44.434-04:00 TRACE 20072 --- [backend] [http-nio-8180-exec-10] o.h.e.i.AbstractFlushingEventListener    : Flushing session
2026-08-31T13:44:44.435-04:00 DEBUG 20072 --- [backend] [http-nio-8180-exec-10] o.h.e.i.AbstractFlushingEventListener    : Processing flush-time cascades
2026-08-31T13:44:44.435-04:00 TRACE 20072 --- [backend] [http-nio-8180-exec-10] org.hibernate.engine.internal.Cascade    : Processing cascade ACTION_CHECK_ON_FLUSH for: com.duoc.backend.appointment.Appointment
2026-08-31T13:44:44.435-04:00 TRACE 20072 --- [backend] [http-nio-8180-exec-10] org.hibernate.engine.internal.Cascade    : Done processing cascade ACTION_CHECK_ON_FLUSH for: com.duoc.backend.appointment.Appointment
2026-08-31T13:44:44.435-04:00 DEBUG 20072 --- [backend] [http-nio-8180-exec-10] o.h.e.i.AbstractFlushingEventListener    : Dirty checking collections
2026-08-31T13:44:44.435-04:00 TRACE 20072 --- [backend] [http-nio-8180-exec-10] o.h.e.i.AbstractFlushingEventListener    : Flushing entities and processing referenced collections
2026-08-31T13:44:44.435-04:00 TRACE 20072 --- [backend] [http-nio-8180-exec-10] o.h.e.i.AbstractFlushingEventListener    : Processing unreferenced collections
2026-08-31T13:44:44.435-04:00 TRACE 20072 --- [backend] [http-nio-8180-exec-10] o.h.e.i.AbstractFlushingEventListener    : Scheduling collection removes/(re)creates/updates
2026-08-31T13:44:44.435-04:00 DEBUG 20072 --- [backend] [http-nio-8180-exec-10] o.h.e.i.AbstractFlushingEventListener    : Flushed: 1 insertions, 0 updates, 0 deletions to 1 objects
2026-08-31T13:44:44.436-04:00 DEBUG 20072 --- [backend] [http-nio-8180-exec-10] o.h.e.i.AbstractFlushingEventListener    : Flushed: 0 (re)creations, 0 updates, 0 removals to 0 collections
2026-08-31T13:44:44.436-04:00 DEBUG 20072 --- [backend] [http-nio-8180-exec-10] o.hibernate.internal.util.EntityPrinter  : Listing entities:
2026-08-31T13:44:44.436-04:00 DEBUG 20072 --- [backend] [http-nio-8180-exec-10] o.hibernate.internal.util.EntityPrinter  : com.duoc.backend.appointment.Appointment{date=2026-09-04, reason=Control preventivo, veterinarian=Dr. Soto, id=8, time=16:30}
2026-08-31T13:44:44.436-04:00 TRACE 20072 --- [backend] [http-nio-8180-exec-10] o.h.e.i.AbstractFlushingEventListener    : Executing flush
2026-08-31T13:44:44.436-04:00 DEBUG 20072 --- [backend] [http-nio-8180-exec-10] org.hibernate.SQL                        : insert into appointment (date,reason,time,veterinarian,id) values (?,?,?,?,?)
2026-08-31T13:44:44.437-04:00 TRACE 20072 --- [backend] [http-nio-8180-exec-10] o.h.r.j.i.ResourceRegistryStandardImpl   : Registering statement [HikariProxyPreparedStatement@1540456198 wrapping com.mysql.cj.jdbc.ClientPreparedStatement: insert into appointment (date,reason,time,veterinarian,id) values (** NOT SPECIFIED **,** NOT SPECIFIED **,** NOT SPECIFIED **,** NOT SPECIFIED **,** NOT SPECIFIED **)]
2026-08-31T13:44:44.438-04:00 TRACE 20072 --- [backend] [http-nio-8180-exec-10] o.h.r.j.i.ResourceRegistryStandardImpl   : Registering result set [null]
2026-08-31T13:44:44.438-04:00 TRACE 20072 --- [backend] [http-nio-8180-exec-10] org.hibernate.orm.jdbc.bind              : binding parameter (1:DATE) <- [2026-09-04]
2026-08-31T13:44:44.438-04:00 TRACE 20072 --- [backend] [http-nio-8180-exec-10] org.hibernate.orm.jdbc.bind              : binding parameter (2:VARCHAR) <- [Control preventivo]
2026-08-31T13:44:44.439-04:00 TRACE 20072 --- [backend] [http-nio-8180-exec-10] org.hibernate.orm.jdbc.bind              : binding parameter (3:TIME) <- [16:30]
2026-08-31T13:44:44.439-04:00 TRACE 20072 --- [backend] [http-nio-8180-exec-10] org.hibernate.orm.jdbc.bind              : binding parameter (4:VARCHAR) <- [Dr. Soto]
2026-08-31T13:44:44.440-04:00 TRACE 20072 --- [backend] [http-nio-8180-exec-10] org.hibernate.orm.jdbc.bind              : binding parameter (5:BIGINT) <- [8]
2026-08-31T13:44:44.444-04:00 TRACE 20072 --- [backend] [http-nio-8180-exec-10] o.h.r.j.i.ResourceRegistryStandardImpl   : Releasing statement [HikariProxyPreparedStatement@1540456198 wrapping com.mysql.cj.jdbc.ClientPreparedStatement: insert into appointment (date,reason,time,veterinarian,id) values ('2026-09-04','Control preventivo','16:30:00','Dr. Soto',8)]
2026-08-31T13:44:44.445-04:00 TRACE 20072 --- [backend] [http-nio-8180-exec-10] o.h.r.j.i.ResourceRegistryStandardImpl   : Closing result set [null]
2026-08-31T13:44:44.445-04:00 TRACE 20072 --- [backend] [http-nio-8180-exec-10] o.h.r.j.i.ResourceRegistryStandardImpl   : Closing prepared statement [HikariProxyPreparedStatement@1540456198 wrapping com.mysql.cj.jdbc.ClientPreparedStatement: insert into appointment (date,reason,time,veterinarian,id) values ('2026-09-04','Control preventivo','16:30:00','Dr. Soto',8)]
2026-08-31T13:44:44.445-04:00 TRACE 20072 --- [backend] [http-nio-8180-exec-10] o.h.e.jdbc.internal.JdbcCoordinatorImpl  : Starting after statement execution processing [ON_CLOSE]
2026-08-31T13:44:44.445-04:00 TRACE 20072 --- [backend] [http-nio-8180-exec-10] o.h.e.i.AbstractFlushingEventListener    : Post flush
2026-08-31T13:44:44.446-04:00 TRACE 20072 --- [backend] [http-nio-8180-exec-10] j.i.AbstractLogicalConnectionImplementor : LogicalConnection#beforeTransactionCompletion
2026-08-31T13:44:44.446-04:00 TRACE 20072 --- [backend] [http-nio-8180-exec-10] .t.i.SynchronizationRegistryStandardImpl : SynchronizationRegistryStandardImpl.notifySynchronizationsBeforeTransactionCompletion
2026-08-31T13:44:44.446-04:00 TRACE 20072 --- [backend] [http-nio-8180-exec-10] j.i.AbstractLogicalConnectionImplementor : Preparing to commit transaction via JDBC Connection.commit()
2026-08-31T13:44:44.452-04:00 TRACE 20072 --- [backend] [http-nio-8180-exec-10] j.i.AbstractLogicalConnectionImplementor : Transaction committed via JDBC Connection.commit()
2026-08-31T13:44:44.452-04:00 TRACE 20072 --- [backend] [http-nio-8180-exec-10] j.i.AbstractLogicalConnectionImplementor : re-enabling auto-commit on JDBC Connection after completion of JDBC-based transaction
2026-08-31T13:44:44.453-04:00 TRACE 20072 --- [backend] [http-nio-8180-exec-10] j.i.AbstractLogicalConnectionImplementor : LogicalConnection#afterTransaction
2026-08-31T13:44:44.453-04:00 TRACE 20072 --- [backend] [http-nio-8180-exec-10] o.h.r.j.i.ResourceRegistryStandardImpl   : Releasing JDBC resources
2026-08-31T13:44:44.454-04:00 TRACE 20072 --- [backend] [http-nio-8180-exec-10] cResourceLocalTransactionCoordinatorImpl : ResourceLocalTransactionCoordinatorImpl#afterCompletionCallback(true)
2026-08-31T13:44:44.454-04:00 TRACE 20072 --- [backend] [http-nio-8180-exec-10] .t.i.SynchronizationRegistryStandardImpl : SynchronizationRegistryStandardImpl.notifySynchronizationsAfterTransactionCompletion(3)
2026-08-31T13:44:44.454-04:00 TRACE 20072 --- [backend] [http-nio-8180-exec-10] org.hibernate.internal.SessionImpl       : SessionImpl#afterTransactionCompletion(successful=true, delayed=false)
2026-08-31T13:44:44.454-04:00 DEBUG 20072 --- [backend] [http-nio-8180-exec-10] m.m.a.RequestResponseBodyMethodProcessor : Using 'application/json', given [*/*] and supported [application/json, application/*+json]
2026-08-31T13:44:44.454-04:00 TRACE 20072 --- [backend] [http-nio-8180-exec-10] m.m.a.RequestResponseBodyMethodProcessor : Writing [com.duoc.backend.appointment.Appointment@733c6511]
2026-08-31T13:44:44.455-04:00 TRACE 20072 --- [backend] [http-nio-8180-exec-10] o.s.web.servlet.DispatcherServlet        : No view rendering, null ModelAndView returned.
2026-08-31T13:44:44.455-04:00 TRACE 20072 --- [backend] [http-nio-8180-exec-10] org.hibernate.internal.SessionImpl       : Closing session [8ee664ea-2c9b-4a80-acee-0c27ab1bcd4a]
2026-08-31T13:44:44.455-04:00 TRACE 20072 --- [backend] [http-nio-8180-exec-10] o.h.e.jdbc.internal.JdbcCoordinatorImpl  : Closing JDBC container [org.hibernate.engine.jdbc.internal.JdbcCoordinatorImpl@447196f3]
2026-08-31T13:44:44.455-04:00 TRACE 20072 --- [backend] [http-nio-8180-exec-10] o.h.r.j.i.ResourceRegistryStandardImpl   : Releasing JDBC resources
2026-08-31T13:44:44.455-04:00 TRACE 20072 --- [backend] [http-nio-8180-exec-10] o.h.r.j.i.LogicalConnectionManagedImpl   : Closing logical connection
2026-08-31T13:44:44.455-04:00 TRACE 20072 --- [backend] [http-nio-8180-exec-10] o.h.r.j.i.ResourceRegistryStandardImpl   : Releasing JDBC resources
2026-08-31T13:44:44.456-04:00 TRACE 20072 --- [backend] [http-nio-8180-exec-10] o.h.r.j.i.LogicalConnectionManagedImpl   : Logical connection closed
2026-08-31T13:44:44.456-04:00 DEBUG 20072 --- [backend] [http-nio-8180-exec-10] o.s.web.servlet.DispatcherServlet        : Completed 200 OK, headers={masked}
2026-08-31T13:44:53.833-04:00 DEBUG 20072 --- [backend] [http-nio-8180-exec-7] o.s.security.web.FilterChainProxy        : Securing GET /appointment
2026-08-31T13:44:53.834-04:00 DEBUG 20072 --- [backend] [http-nio-8180-exec-7] o.s.security.web.FilterChainProxy        : Secured GET /appointment
2026-08-31T13:44:53.834-04:00 TRACE 20072 --- [backend] [http-nio-8180-exec-7] o.s.web.servlet.DispatcherServlet        : GET "/appointment", parameters={}, headers={masked} in DispatcherServlet 'dispatcherServlet'
2026-08-31T13:44:53.834-04:00 TRACE 20072 --- [backend] [http-nio-8180-exec-7] s.w.s.m.m.a.RequestMappingHandlerMapping : Mapped to com.duoc.backend.appointment.AppointmentController#getAllAppointments()
2026-08-31T13:44:53.835-04:00 TRACE 20072 --- [backend] [http-nio-8180-exec-7] .i.SessionFactoryImpl$SessionBuilderImpl : Opening Hibernate Session.  tenant=null
2026-08-31T13:44:53.835-04:00 TRACE 20072 --- [backend] [http-nio-8180-exec-7] org.hibernate.internal.SessionImpl       : Opened Session [8b108155-83b6-4c1f-8cb0-00a5f7b3147b] at timestamp: 1788198293835
2026-08-31T13:44:53.835-04:00 TRACE 20072 --- [backend] [http-nio-8180-exec-7] o.s.web.method.HandlerMethod             : Arguments: []
2026-08-31T13:44:53.839-04:00 DEBUG 20072 --- [backend] [http-nio-8180-exec-7] o.h.e.t.internal.TransactionImpl         : On TransactionImpl creation, JpaCompliance#isJpaTransactionComplianceEnabled == false
2026-08-31T13:44:53.839-04:00 DEBUG 20072 --- [backend] [http-nio-8180-exec-7] o.h.e.t.internal.TransactionImpl         : begin
2026-08-31T13:44:53.839-04:00 TRACE 20072 --- [backend] [http-nio-8180-exec-7] j.i.AbstractLogicalConnectionImplementor : Preparing to begin transaction via JDBC Connection.setAutoCommit(false)
2026-08-31T13:44:53.840-04:00 TRACE 20072 --- [backend] [http-nio-8180-exec-7] j.i.AbstractLogicalConnectionImplementor : Transaction begun via JDBC Connection.setAutoCommit(false)
2026-08-31T13:44:53.841-04:00 TRACE 20072 --- [backend] [http-nio-8180-exec-7] cResourceLocalTransactionCoordinatorImpl : ResourceLocalTransactionCoordinatorImpl#afterBeginCallback
2026-08-31T13:44:53.841-04:00 TRACE 20072 --- [backend] [http-nio-8180-exec-7] o.h.q.sqm.sql.BaseSqmToSqlAstConverter   : Resolving SqmRoot [com.duoc.backend.appointment.Appointment] to TableGroup
2026-08-31T13:44:53.842-04:00 TRACE 20072 --- [backend] [http-nio-8180-exec-7] o.h.q.sqm.sql.BaseSqmToSqlAstConverter   : Resolving SqmRoot [com.duoc.backend.appointment.Appointment] to TableGroup
2026-08-31T13:44:53.842-04:00 DEBUG 20072 --- [backend] [http-nio-8180-exec-7] org.hibernate.orm.sql.ast.create         : Created new SQL alias : a1_0
2026-08-31T13:44:53.842-04:00 TRACE 20072 --- [backend] [http-nio-8180-exec-7] o.h.q.sqm.sql.BaseSqmToSqlAstConverter   : Resolved SqmRoot [com.duoc.backend.appointment.Appointment] to new TableGroup [StandardTableGroup(com.duoc.backend.appointment.Appointment(15))]
2026-08-31T13:44:53.843-04:00 DEBUG 20072 --- [backend] [http-nio-8180-exec-7] org.hibernate.orm.sql.ast.create         : Registration of TableGroup [StandardTableGroup(com.duoc.backend.appointment.Appointment(15))] with identifierForTableGroup [com.duoc.backend.appointment.Appointment] for NavigablePath [com.duoc.backend.appointment.Appointment] 
2026-08-31T13:44:53.843-04:00 TRACE 20072 --- [backend] [http-nio-8180-exec-7] o.h.q.sqm.sql.BaseSqmToSqlAstConverter   : Visiting explicit joins for `com.duoc.backend.appointment.Appointment(15)`
2026-08-31T13:44:53.843-04:00 TRACE 20072 --- [backend] [http-nio-8180-exec-7] o.h.q.sqm.sql.BaseSqmToSqlAstConverter   : SqmRoot [com.duoc.backend.appointment.Appointment] resolved to existing TableGroup [StandardTableGroup(com.duoc.backend.appointment.Appointment(15))]
2026-08-31T13:44:53.843-04:00 DEBUG 20072 --- [backend] [http-nio-8180-exec-7] org.hibernate.orm.results.graph.AST      : DomainResult Graph:
 \-EntityResultImpl [com.duoc.backend.appointment.Appointment(15)]
 |  +-BasicFetch [com.duoc.backend.appointment.Appointment(15).date]
 |  +-BasicFetch [com.duoc.backend.appointment.Appointment(15).reason]
 |  +-BasicFetch [com.duoc.backend.appointment.Appointment(15).time]
 |  \-BasicFetch [com.duoc.backend.appointment.Appointment(15).veterinarian]

2026-08-31T13:44:53.844-04:00 TRACE 20072 --- [backend] [http-nio-8180-exec-7] org.hibernate.orm.results.graph.AST      : Stack trace calling DomainResultGraphPrinter

java.lang.Exception: null
	at org.hibernate.sql.results.graph.DomainResultGraphPrinter.visitDomainResults(DomainResultGraphPrinter.java:70) ~[hibernate-core-6.6.11.Final.jar:6.6.11.Final]
	at org.hibernate.sql.results.graph.DomainResultGraphPrinter.logDomainResultGraph(DomainResultGraphPrinter.java:46) ~[hibernate-core-6.6.11.Final.jar:6.6.11.Final]
	at org.hibernate.sql.results.graph.DomainResultGraphPrinter.logDomainResultGraph(DomainResultGraphPrinter.java:37) ~[hibernate-core-6.6.11.Final.jar:6.6.11.Final]
	at org.hibernate.sql.ast.spi.AbstractSqlAstTranslator.translateSelect(AbstractSqlAstTranslator.java:877) ~[hibernate-core-6.6.11.Final.jar:6.6.11.Final]
	at org.hibernate.sql.ast.spi.AbstractSqlAstTranslator.translate(AbstractSqlAstTranslator.java:815) ~[hibernate-core-6.6.11.Final.jar:6.6.11.Final]
	at org.hibernate.query.sqm.internal.ConcreteSqmSelectQueryPlan.buildCacheableSqmInterpretation(ConcreteSqmSelectQueryPlan.java:510) ~[hibernate-core-6.6.11.Final.jar:6.6.11.Final]
	at org.hibernate.query.sqm.internal.ConcreteSqmSelectQueryPlan.withCacheableSqmInterpretation(ConcreteSqmSelectQueryPlan.java:388) ~[hibernate-core-6.6.11.Final.jar:6.6.11.Final]
	at org.hibernate.query.sqm.internal.ConcreteSqmSelectQueryPlan.performList(ConcreteSqmSelectQueryPlan.java:362) ~[hibernate-core-6.6.11.Final.jar:6.6.11.Final]
	at org.hibernate.query.sqm.internal.QuerySqmImpl.doList(QuerySqmImpl.java:380) ~[hibernate-core-6.6.11.Final.jar:6.6.11.Final]
	at org.hibernate.query.spi.AbstractSelectionQuery.list(AbstractSelectionQuery.java:143) ~[hibernate-core-6.6.11.Final.jar:6.6.11.Final]
	at org.hibernate.query.Query.getResultList(Query.java:120) ~[hibernate-core-6.6.11.Final.jar:6.6.11.Final]
	at org.springframework.data.jpa.repository.support.SimpleJpaRepository.findAll(SimpleJpaRepository.java:395) ~[spring-data-jpa-3.4.4.jar:3.4.4]
	at java.base/jdk.internal.reflect.NativeMethodAccessorImpl.invoke0(Native Method) ~[na:na]
	at java.base/jdk.internal.reflect.NativeMethodAccessorImpl.invoke(NativeMethodAccessorImpl.java:77) ~[na:na]
	at java.base/jdk.internal.reflect.DelegatingMethodAccessorImpl.invoke(DelegatingMethodAccessorImpl.java:43) ~[na:na]
	at java.base/java.lang.reflect.Method.invoke(Method.java:568) ~[na:na]
	at org.springframework.aop.support.AopUtils.invokeJoinpointUsingReflection(AopUtils.java:359) ~[spring-aop-6.2.5.jar:6.2.5]
	at org.springframework.data.repository.core.support.RepositoryMethodInvoker$RepositoryFragmentMethodInvoker.lambda$new$0(RepositoryMethodInvoker.java:277) ~[spring-data-commons-3.4.4.jar:3.4.4]
	at org.springframework.data.repository.core.support.RepositoryMethodInvoker.doInvoke(RepositoryMethodInvoker.java:170) ~[spring-data-commons-3.4.4.jar:3.4.4]
	at org.springframework.data.repository.core.support.RepositoryMethodInvoker.invoke(RepositoryMethodInvoker.java:158) ~[spring-data-commons-3.4.4.jar:3.4.4]
	at org.springframework.data.repository.core.support.RepositoryComposition$RepositoryFragments.invoke(RepositoryComposition.java:515) ~[spring-data-commons-3.4.4.jar:3.4.4]
	at org.springframework.data.repository.core.support.RepositoryComposition.invoke(RepositoryComposition.java:284) ~[spring-data-commons-3.4.4.jar:3.4.4]
	at org.springframework.data.repository.core.support.RepositoryFactorySupport$ImplementationMethodExecutionInterceptor.invoke(RepositoryFactorySupport.java:731) ~[spring-data-commons-3.4.4.jar:3.4.4]
	at org.springframework.aop.framework.ReflectiveMethodInvocation.proceed(ReflectiveMethodInvocation.java:184) ~[spring-aop-6.2.5.jar:6.2.5]
	at org.springframework.data.repository.core.support.QueryExecutorMethodInterceptor.doInvoke(QueryExecutorMethodInterceptor.java:174) ~[spring-data-commons-3.4.4.jar:3.4.4]
	at org.springframework.data.repository.core.support.QueryExecutorMethodInterceptor.invoke(QueryExecutorMethodInterceptor.java:149) ~[spring-data-commons-3.4.4.jar:3.4.4]
	at org.springframework.aop.framework.ReflectiveMethodInvocation.proceed(ReflectiveMethodInvocation.java:184) ~[spring-aop-6.2.5.jar:6.2.5]
	at org.springframework.transaction.interceptor.TransactionAspectSupport.invokeWithinTransaction(TransactionAspectSupport.java:380) ~[spring-tx-6.2.5.jar:6.2.5]
	at org.springframework.transaction.interceptor.TransactionInterceptor.invoke(TransactionInterceptor.java:119) ~[spring-tx-6.2.5.jar:6.2.5]
	at org.springframework.aop.framework.ReflectiveMethodInvocation.proceed(ReflectiveMethodInvocation.java:184) ~[spring-aop-6.2.5.jar:6.2.5]
	at org.springframework.dao.support.PersistenceExceptionTranslationInterceptor.invoke(PersistenceExceptionTranslationInterceptor.java:138) ~[spring-tx-6.2.5.jar:6.2.5]
	at org.springframework.aop.framework.ReflectiveMethodInvocation.proceed(ReflectiveMethodInvocation.java:184) ~[spring-aop-6.2.5.jar:6.2.5]
	at org.springframework.data.jpa.repository.support.CrudMethodMetadataPostProcessor$CrudMethodMetadataPopulatingMethodInterceptor.invoke(CrudMethodMetadataPostProcessor.java:165) ~[spring-data-jpa-3.4.4.jar:3.4.4]
	at org.springframework.aop.framework.ReflectiveMethodInvocation.proceed(ReflectiveMethodInvocation.java:184) ~[spring-aop-6.2.5.jar:6.2.5]
	at org.springframework.aop.framework.JdkDynamicAopProxy.invoke(JdkDynamicAopProxy.java:223) ~[spring-aop-6.2.5.jar:6.2.5]
	at jdk.proxy2/jdk.proxy2.$Proxy120.findAll(Unknown Source) ~[na:na]
	at com.duoc.backend.appointment.AppointmentService.getAllAppointments(AppointmentService.java:13) ~[classes/:na]
	at com.duoc.backend.appointment.AppointmentController.getAllAppointments(AppointmentController.java:17) ~[classes/:na]
	at java.base/jdk.internal.reflect.NativeMethodAccessorImpl.invoke0(Native Method) ~[na:na]
	at java.base/jdk.internal.reflect.NativeMethodAccessorImpl.invoke(NativeMethodAccessorImpl.java:77) ~[na:na]
	at java.base/jdk.internal.reflect.DelegatingMethodAccessorImpl.invoke(DelegatingMethodAccessorImpl.java:43) ~[na:na]
	at java.base/java.lang.reflect.Method.invoke(Method.java:568) ~[na:na]
	at org.springframework.web.method.support.InvocableHandlerMethod.doInvoke(InvocableHandlerMethod.java:258) ~[spring-web-6.2.5.jar:6.2.5]
	at org.springframework.web.method.support.InvocableHandlerMethod.invokeForRequest(InvocableHandlerMethod.java:191) ~[spring-web-6.2.5.jar:6.2.5]
	at org.springframework.web.servlet.mvc.method.annotation.ServletInvocableHandlerMethod.invokeAndHandle(ServletInvocableHandlerMethod.java:118) ~[spring-webmvc-6.2.5.jar:6.2.5]
	at org.springframework.web.servlet.mvc.method.annotation.RequestMappingHandlerAdapter.invokeHandlerMethod(RequestMappingHandlerAdapter.java:986) ~[spring-webmvc-6.2.5.jar:6.2.5]
	at org.springframework.web.servlet.mvc.method.annotation.RequestMappingHandlerAdapter.handleInternal(RequestMappingHandlerAdapter.java:891) ~[spring-webmvc-6.2.5.jar:6.2.5]
	at org.springframework.web.servlet.mvc.method.AbstractHandlerMethodAdapter.handle(AbstractHandlerMethodAdapter.java:87) ~[spring-webmvc-6.2.5.jar:6.2.5]
	at org.springframework.web.servlet.DispatcherServlet.doDispatch(DispatcherServlet.java:1089) ~[spring-webmvc-6.2.5.jar:6.2.5]
	at org.springframework.web.servlet.DispatcherServlet.doService(DispatcherServlet.java:979) ~[spring-webmvc-6.2.5.jar:6.2.5]
	at org.springframework.web.servlet.FrameworkServlet.processRequest(FrameworkServlet.java:1014) ~[spring-webmvc-6.2.5.jar:6.2.5]
	at org.springframework.web.servlet.FrameworkServlet.doGet(FrameworkServlet.java:903) ~[spring-webmvc-6.2.5.jar:6.2.5]
	at jakarta.servlet.http.HttpServlet.service(HttpServlet.java:564) ~[tomcat-embed-core-10.1.39.jar:6.0]
	at org.springframework.web.servlet.FrameworkServlet.service(FrameworkServlet.java:885) ~[spring-webmvc-6.2.5.jar:6.2.5]
	at jakarta.servlet.http.HttpServlet.service(HttpServlet.java:658) ~[tomcat-embed-core-10.1.39.jar:6.0]
	at org.apache.catalina.core.ApplicationFilterChain.internalDoFilter(ApplicationFilterChain.java:195) ~[tomcat-embed-core-10.1.39.jar:10.1.39]
	at org.apache.catalina.core.ApplicationFilterChain.doFilter(ApplicationFilterChain.java:140) ~[tomcat-embed-core-10.1.39.jar:10.1.39]
	at org.apache.tomcat.websocket.server.WsFilter.doFilter(WsFilter.java:51) ~[tomcat-embed-websocket-10.1.39.jar:10.1.39]
	at org.apache.catalina.core.ApplicationFilterChain.internalDoFilter(ApplicationFilterChain.java:164) ~[tomcat-embed-core-10.1.39.jar:10.1.39]
	at org.apache.catalina.core.ApplicationFilterChain.doFilter(ApplicationFilterChain.java:140) ~[tomcat-embed-core-10.1.39.jar:10.1.39]
	at org.springframework.web.filter.OncePerRequestFilter.doFilter(OncePerRequestFilter.java:110) ~[spring-web-6.2.5.jar:6.2.5]
	at org.apache.catalina.core.ApplicationFilterChain.internalDoFilter(ApplicationFilterChain.java:164) ~[tomcat-embed-core-10.1.39.jar:10.1.39]
	at org.apache.catalina.core.ApplicationFilterChain.doFilter(ApplicationFilterChain.java:140) ~[tomcat-embed-core-10.1.39.jar:10.1.39]
	at org.springframework.web.filter.CompositeFilter$VirtualFilterChain.doFilter(CompositeFilter.java:108) ~[spring-web-6.2.5.jar:6.2.5]
	at org.springframework.security.web.FilterChainProxy.lambda$doFilterInternal$3(FilterChainProxy.java:231) ~[spring-security-web-6.4.4.jar:6.4.4]
	at org.springframework.security.web.FilterChainProxy$VirtualFilterChain.doFilter(FilterChainProxy.java:365) ~[spring-security-web-6.4.4.jar:6.4.4]
	at org.springframework.security.web.access.intercept.AuthorizationFilter.doFilter(AuthorizationFilter.java:101) ~[spring-security-web-6.4.4.jar:6.4.4]
	at org.springframework.security.web.FilterChainProxy$VirtualFilterChain.doFilter(FilterChainProxy.java:374) ~[spring-security-web-6.4.4.jar:6.4.4]
	at org.springframework.security.web.access.ExceptionTranslationFilter.doFilter(ExceptionTranslationFilter.java:126) ~[spring-security-web-6.4.4.jar:6.4.4]
	at org.springframework.security.web.access.ExceptionTranslationFilter.doFilter(ExceptionTranslationFilter.java:120) ~[spring-security-web-6.4.4.jar:6.4.4]
	at org.springframework.security.web.FilterChainProxy$VirtualFilterChain.doFilter(FilterChainProxy.java:374) ~[spring-security-web-6.4.4.jar:6.4.4]
	at org.springframework.security.web.authentication.AnonymousAuthenticationFilter.doFilter(AnonymousAuthenticationFilter.java:100) ~[spring-security-web-6.4.4.jar:6.4.4]
	at org.springframework.security.web.FilterChainProxy$VirtualFilterChain.doFilter(FilterChainProxy.java:374) ~[spring-security-web-6.4.4.jar:6.4.4]
	at org.springframework.security.web.servletapi.SecurityContextHolderAwareRequestFilter.doFilter(SecurityContextHolderAwareRequestFilter.java:179) ~[spring-security-web-6.4.4.jar:6.4.4]
	at org.springframework.security.web.FilterChainProxy$VirtualFilterChain.doFilter(FilterChainProxy.java:374) ~[spring-security-web-6.4.4.jar:6.4.4]
	at org.springframework.security.web.savedrequest.RequestCacheAwareFilter.doFilter(RequestCacheAwareFilter.java:63) ~[spring-security-web-6.4.4.jar:6.4.4]
	at org.springframework.security.web.FilterChainProxy$VirtualFilterChain.doFilter(FilterChainProxy.java:374) ~[spring-security-web-6.4.4.jar:6.4.4]
	at com.duoc.backend.JWTAuthorizationFilter.doFilterInternal(JWTAuthorizationFilter.java:70) ~[classes/:na]
	at org.springframework.web.filter.OncePerRequestFilter.doFilter(OncePerRequestFilter.java:116) ~[spring-web-6.2.5.jar:6.2.5]
	at org.springframework.security.web.FilterChainProxy$VirtualFilterChain.doFilter(FilterChainProxy.java:374) ~[spring-security-web-6.4.4.jar:6.4.4]
	at org.springframework.security.web.authentication.logout.LogoutFilter.doFilter(LogoutFilter.java:107) ~[spring-security-web-6.4.4.jar:6.4.4]
	at org.springframework.security.web.authentication.logout.LogoutFilter.doFilter(LogoutFilter.java:93) ~[spring-security-web-6.4.4.jar:6.4.4]
	at org.springframework.security.web.FilterChainProxy$VirtualFilterChain.doFilter(FilterChainProxy.java:374) ~[spring-security-web-6.4.4.jar:6.4.4]
	at org.springframework.security.web.header.HeaderWriterFilter.doHeadersAfter(HeaderWriterFilter.java:90) ~[spring-security-web-6.4.4.jar:6.4.4]
	at org.springframework.security.web.header.HeaderWriterFilter.doFilterInternal(HeaderWriterFilter.java:75) ~[spring-security-web-6.4.4.jar:6.4.4]
	at org.springframework.web.filter.OncePerRequestFilter.doFilter(OncePerRequestFilter.java:116) ~[spring-web-6.2.5.jar:6.2.5]
	at org.springframework.security.web.FilterChainProxy$VirtualFilterChain.doFilter(FilterChainProxy.java:374) ~[spring-security-web-6.4.4.jar:6.4.4]
	at org.springframework.security.web.context.SecurityContextHolderFilter.doFilter(SecurityContextHolderFilter.java:82) ~[spring-security-web-6.4.4.jar:6.4.4]
	at org.springframework.security.web.context.SecurityContextHolderFilter.doFilter(SecurityContextHolderFilter.java:69) ~[spring-security-web-6.4.4.jar:6.4.4]
	at org.springframework.security.web.FilterChainProxy$VirtualFilterChain.doFilter(FilterChainProxy.java:374) ~[spring-security-web-6.4.4.jar:6.4.4]
	at org.springframework.security.web.context.request.async.WebAsyncManagerIntegrationFilter.doFilterInternal(WebAsyncManagerIntegrationFilter.java:62) ~[spring-security-web-6.4.4.jar:6.4.4]
	at org.springframework.web.filter.OncePerRequestFilter.doFilter(OncePerRequestFilter.java:116) ~[spring-web-6.2.5.jar:6.2.5]
	at org.springframework.security.web.FilterChainProxy$VirtualFilterChain.doFilter(FilterChainProxy.java:374) ~[spring-security-web-6.4.4.jar:6.4.4]
	at org.springframework.security.web.session.DisableEncodeUrlFilter.doFilterInternal(DisableEncodeUrlFilter.java:42) ~[spring-security-web-6.4.4.jar:6.4.4]
	at org.springframework.web.filter.OncePerRequestFilter.doFilter(OncePerRequestFilter.java:116) ~[spring-web-6.2.5.jar:6.2.5]
	at org.springframework.security.web.FilterChainProxy$VirtualFilterChain.doFilter(FilterChainProxy.java:374) ~[spring-security-web-6.4.4.jar:6.4.4]
	at org.springframework.security.web.FilterChainProxy.doFilterInternal(FilterChainProxy.java:233) ~[spring-security-web-6.4.4.jar:6.4.4]
	at org.springframework.security.web.FilterChainProxy.doFilter(FilterChainProxy.java:191) ~[spring-security-web-6.4.4.jar:6.4.4]
	at org.springframework.web.filter.CompositeFilter$VirtualFilterChain.doFilter(CompositeFilter.java:113) ~[spring-web-6.2.5.jar:6.2.5]
	at org.springframework.web.servlet.handler.HandlerMappingIntrospector.lambda$createCacheFilter$3(HandlerMappingIntrospector.java:243) ~[spring-webmvc-6.2.5.jar:6.2.5]
	at org.springframework.web.filter.CompositeFilter$VirtualFilterChain.doFilter(CompositeFilter.java:113) ~[spring-web-6.2.5.jar:6.2.5]
	at org.springframework.web.filter.CompositeFilter.doFilter(CompositeFilter.java:74) ~[spring-web-6.2.5.jar:6.2.5]
	at org.springframework.security.config.annotation.web.configuration.WebMvcSecurityConfiguration$CompositeFilterChainProxy.doFilter(WebMvcSecurityConfiguration.java:238) ~[spring-security-config-6.4.4.jar:6.4.4]
	at org.springframework.web.filter.DelegatingFilterProxy.invokeDelegate(DelegatingFilterProxy.java:362) ~[spring-web-6.2.5.jar:6.2.5]
	at org.springframework.web.filter.DelegatingFilterProxy.doFilter(DelegatingFilterProxy.java:278) ~[spring-web-6.2.5.jar:6.2.5]
	at org.apache.catalina.core.ApplicationFilterChain.internalDoFilter(ApplicationFilterChain.java:164) ~[tomcat-embed-core-10.1.39.jar:10.1.39]
	at org.apache.catalina.core.ApplicationFilterChain.doFilter(ApplicationFilterChain.java:140) ~[tomcat-embed-core-10.1.39.jar:10.1.39]
	at org.springframework.web.filter.RequestContextFilter.doFilterInternal(RequestContextFilter.java:100) ~[spring-web-6.2.5.jar:6.2.5]
	at org.springframework.web.filter.OncePerRequestFilter.doFilter(OncePerRequestFilter.java:116) ~[spring-web-6.2.5.jar:6.2.5]
	at org.apache.catalina.core.ApplicationFilterChain.internalDoFilter(ApplicationFilterChain.java:164) ~[tomcat-embed-core-10.1.39.jar:10.1.39]
	at org.apache.catalina.core.ApplicationFilterChain.doFilter(ApplicationFilterChain.java:140) ~[tomcat-embed-core-10.1.39.jar:10.1.39]
	at org.springframework.web.filter.FormContentFilter.doFilterInternal(FormContentFilter.java:93) ~[spring-web-6.2.5.jar:6.2.5]
	at org.springframework.web.filter.OncePerRequestFilter.doFilter(OncePerRequestFilter.java:116) ~[spring-web-6.2.5.jar:6.2.5]
	at org.apache.catalina.core.ApplicationFilterChain.internalDoFilter(ApplicationFilterChain.java:164) ~[tomcat-embed-core-10.1.39.jar:10.1.39]
	at org.apache.catalina.core.ApplicationFilterChain.doFilter(ApplicationFilterChain.java:140) ~[tomcat-embed-core-10.1.39.jar:10.1.39]
	at org.springframework.web.filter.CharacterEncodingFilter.doFilterInternal(CharacterEncodingFilter.java:201) ~[spring-web-6.2.5.jar:6.2.5]
	at org.springframework.web.filter.OncePerRequestFilter.doFilter(OncePerRequestFilter.java:116) ~[spring-web-6.2.5.jar:6.2.5]
	at org.apache.catalina.core.ApplicationFilterChain.internalDoFilter(ApplicationFilterChain.java:164) ~[tomcat-embed-core-10.1.39.jar:10.1.39]
	at org.apache.catalina.core.ApplicationFilterChain.doFilter(ApplicationFilterChain.java:140) ~[tomcat-embed-core-10.1.39.jar:10.1.39]
	at org.apache.catalina.core.StandardWrapperValve.invoke(StandardWrapperValve.java:167) ~[tomcat-embed-core-10.1.39.jar:10.1.39]
	at org.apache.catalina.core.StandardContextValve.invoke(StandardContextValve.java:90) ~[tomcat-embed-core-10.1.39.jar:10.1.39]
	at org.apache.catalina.authenticator.AuthenticatorBase.invoke(AuthenticatorBase.java:483) ~[tomcat-embed-core-10.1.39.jar:10.1.39]
	at org.apache.catalina.core.StandardHostValve.invoke(StandardHostValve.java:115) ~[tomcat-embed-core-10.1.39.jar:10.1.39]
	at org.apache.catalina.valves.ErrorReportValve.invoke(ErrorReportValve.java:93) ~[tomcat-embed-core-10.1.39.jar:10.1.39]
	at org.apache.catalina.core.StandardEngineValve.invoke(StandardEngineValve.java:74) ~[tomcat-embed-core-10.1.39.jar:10.1.39]
	at org.apache.catalina.connector.CoyoteAdapter.service(CoyoteAdapter.java:344) ~[tomcat-embed-core-10.1.39.jar:10.1.39]
	at org.apache.coyote.http11.Http11Processor.service(Http11Processor.java:397) ~[tomcat-embed-core-10.1.39.jar:10.1.39]
	at org.apache.coyote.AbstractProcessorLight.process(AbstractProcessorLight.java:63) ~[tomcat-embed-core-10.1.39.jar:10.1.39]
	at org.apache.coyote.AbstractProtocol$ConnectionHandler.process(AbstractProtocol.java:905) ~[tomcat-embed-core-10.1.39.jar:10.1.39]
	at org.apache.tomcat.util.net.NioEndpoint$SocketProcessor.doRun(NioEndpoint.java:1743) ~[tomcat-embed-core-10.1.39.jar:10.1.39]
	at org.apache.tomcat.util.net.SocketProcessorBase.run(SocketProcessorBase.java:52) ~[tomcat-embed-core-10.1.39.jar:10.1.39]
	at org.apache.tomcat.util.threads.ThreadPoolExecutor.runWorker(ThreadPoolExecutor.java:1190) ~[tomcat-embed-core-10.1.39.jar:10.1.39]
	at org.apache.tomcat.util.threads.ThreadPoolExecutor$Worker.run(ThreadPoolExecutor.java:659) ~[tomcat-embed-core-10.1.39.jar:10.1.39]
	at org.apache.tomcat.util.threads.TaskThread$WrappingRunnable.run(TaskThread.java:63) ~[tomcat-embed-core-10.1.39.jar:10.1.39]
	at java.base/java.lang.Thread.run(Thread.java:842) ~[na:na]

2026-08-31T13:44:53.845-04:00 DEBUG 20072 --- [backend] [http-nio-8180-exec-7] org.hibernate.orm.sql.ast.tree           : SQL AST Tree:
    SelectStatement {
      FromClause {
        StandardTableGroup (a1 : com.duoc.backend.appointment.Appointment(15)) {
          primaryTableReference : appointment as a1_0
        }
      }
    }

2026-08-31T13:44:53.848-04:00 DEBUG 20072 --- [backend] [http-nio-8180-exec-7] org.hibernate.orm.sql.exec               : Skipping reading Query result cache data: cache-enabled = false, cache-mode = NORMAL
2026-08-31T13:44:53.849-04:00 TRACE 20072 --- [backend] [http-nio-8180-exec-7] o.h.s.r.j.i.DeferredResultSetAccess      : Executing query to retrieve ResultSet : select a1_0.id,a1_0.date,a1_0.reason,a1_0.time,a1_0.veterinarian from appointment a1_0
2026-08-31T13:44:53.850-04:00 DEBUG 20072 --- [backend] [http-nio-8180-exec-7] org.hibernate.SQL                        : select a1_0.id,a1_0.date,a1_0.reason,a1_0.time,a1_0.veterinarian from appointment a1_0
2026-08-31T13:44:53.851-04:00 TRACE 20072 --- [backend] [http-nio-8180-exec-7] o.h.r.j.i.ResourceRegistryStandardImpl   : Registering statement [HikariProxyPreparedStatement@734000136 wrapping com.mysql.cj.jdbc.ClientPreparedStatement: select a1_0.id,a1_0.date,a1_0.reason,a1_0.time,a1_0.veterinarian from appointment a1_0]
2026-08-31T13:44:53.851-04:00 TRACE 20072 --- [backend] [http-nio-8180-exec-7] o.h.e.jdbc.internal.JdbcCoordinatorImpl  : Registering last query statement [HikariProxyPreparedStatement@734000136 wrapping com.mysql.cj.jdbc.ClientPreparedStatement: select a1_0.id,a1_0.date,a1_0.reason,a1_0.time,a1_0.veterinarian from appointment a1_0]
2026-08-31T13:44:53.858-04:00 TRACE 20072 --- [backend] [http-nio-8180-exec-7] o.h.r.j.i.ResourceRegistryStandardImpl   : Registering result set [HikariProxyResultSet@279924890 wrapping com.mysql.cj.jdbc.result.ResultSetImpl@2dd697e7]
2026-08-31T13:44:53.859-04:00 TRACE 20072 --- [backend] [http-nio-8180-exec-7] org.hibernate.orm.results                : Registering initializer : EntityJoinedFetchInitializer(com.duoc.backend.appointment.Appointment(15))
2026-08-31T13:44:53.859-04:00 DEBUG 20072 --- [backend] [http-nio-8180-exec-7] org.hibernate.orm.results                : Initializer list:
	  com.duoc.backend.appointment.Appointment(15) -> EntityJoinedFetchInitializer(com.duoc.backend.appointment.Appointment(15))@2075915556 (SingleTableEntityPersister(com.duoc.backend.appointment.Appointment))

2026-08-31T13:44:53.859-04:00 TRACE 20072 --- [backend] [http-nio-8180-exec-7] org.hibernate.orm.jdbc.extract           : extracted value (1:BIGINT) -> [3]
2026-08-31T13:44:53.860-04:00 TRACE 20072 --- [backend] [http-nio-8180-exec-7] org.hibernate.orm.jdbc.extract           : extracted value (2:DATE) -> [2026-09-03]
2026-08-31T13:44:53.860-04:00 TRACE 20072 --- [backend] [http-nio-8180-exec-7] org.hibernate.orm.jdbc.extract           : extracted value (3:VARCHAR) -> [Control dental]
2026-08-31T13:44:53.861-04:00 TRACE 20072 --- [backend] [http-nio-8180-exec-7] org.hibernate.orm.jdbc.extract           : extracted value (4:TIME) -> [15:00]
2026-08-31T13:44:53.862-04:00 TRACE 20072 --- [backend] [http-nio-8180-exec-7] org.hibernate.orm.jdbc.extract           : extracted value (5:VARCHAR) -> [Dra. Pérez]
2026-08-31T13:44:53.862-04:00 TRACE 20072 --- [backend] [http-nio-8180-exec-7] org.hibernate.orm.jdbc.extract           : extracted value (1:BIGINT) -> [4]
2026-08-31T13:44:53.862-04:00 TRACE 20072 --- [backend] [http-nio-8180-exec-7] org.hibernate.orm.jdbc.extract           : extracted value (2:DATE) -> [2026-09-04]
2026-08-31T13:44:53.862-04:00 TRACE 20072 --- [backend] [http-nio-8180-exec-7] org.hibernate.orm.jdbc.extract           : extracted value (3:VARCHAR) -> [Control preventivo]
2026-08-31T13:44:53.862-04:00 TRACE 20072 --- [backend] [http-nio-8180-exec-7] org.hibernate.orm.jdbc.extract           : extracted value (4:TIME) -> [16:30]
2026-08-31T13:44:53.862-04:00 TRACE 20072 --- [backend] [http-nio-8180-exec-7] org.hibernate.orm.jdbc.extract           : extracted value (5:VARCHAR) -> [Dr. Soto]
2026-08-31T13:44:53.863-04:00 TRACE 20072 --- [backend] [http-nio-8180-exec-7] org.hibernate.orm.jdbc.extract           : extracted value (1:BIGINT) -> [5]
2026-08-31T13:44:53.863-04:00 TRACE 20072 --- [backend] [http-nio-8180-exec-7] org.hibernate.orm.jdbc.extract           : extracted value (2:DATE) -> [2026-09-01]
2026-08-31T13:44:53.863-04:00 TRACE 20072 --- [backend] [http-nio-8180-exec-7] org.hibernate.orm.jdbc.extract           : extracted value (3:VARCHAR) -> [Control general]
2026-08-31T13:44:53.863-04:00 TRACE 20072 --- [backend] [http-nio-8180-exec-7] org.hibernate.orm.jdbc.extract           : extracted value (4:TIME) -> [10:00]
2026-08-31T13:44:53.863-04:00 TRACE 20072 --- [backend] [http-nio-8180-exec-7] org.hibernate.orm.jdbc.extract           : extracted value (5:VARCHAR) -> [Dra. Pérez]
2026-08-31T13:44:53.864-04:00 TRACE 20072 --- [backend] [http-nio-8180-exec-7] org.hibernate.orm.jdbc.extract           : extracted value (1:BIGINT) -> [6]
2026-08-31T13:44:53.864-04:00 TRACE 20072 --- [backend] [http-nio-8180-exec-7] org.hibernate.orm.jdbc.extract           : extracted value (2:DATE) -> [2026-09-02]
2026-08-31T13:44:53.864-04:00 TRACE 20072 --- [backend] [http-nio-8180-exec-7] org.hibernate.orm.jdbc.extract           : extracted value (3:VARCHAR) -> [Vacunación]
2026-08-31T13:44:53.864-04:00 TRACE 20072 --- [backend] [http-nio-8180-exec-7] org.hibernate.orm.jdbc.extract           : extracted value (4:TIME) -> [11:30]
2026-08-31T13:44:53.864-04:00 TRACE 20072 --- [backend] [http-nio-8180-exec-7] org.hibernate.orm.jdbc.extract           : extracted value (5:VARCHAR) -> [Dr. Soto]
2026-08-31T13:44:53.864-04:00 TRACE 20072 --- [backend] [http-nio-8180-exec-7] org.hibernate.orm.jdbc.extract           : extracted value (1:BIGINT) -> [7]
2026-08-31T13:44:53.865-04:00 TRACE 20072 --- [backend] [http-nio-8180-exec-7] org.hibernate.orm.jdbc.extract           : extracted value (2:DATE) -> [2026-09-03]
2026-08-31T13:44:53.865-04:00 TRACE 20072 --- [backend] [http-nio-8180-exec-7] org.hibernate.orm.jdbc.extract           : extracted value (3:VARCHAR) -> [Control dental]
2026-08-31T13:44:53.865-04:00 TRACE 20072 --- [backend] [http-nio-8180-exec-7] org.hibernate.orm.jdbc.extract           : extracted value (4:TIME) -> [15:00]
2026-08-31T13:44:53.865-04:00 TRACE 20072 --- [backend] [http-nio-8180-exec-7] org.hibernate.orm.jdbc.extract           : extracted value (5:VARCHAR) -> [Dra. Pérez]
2026-08-31T13:44:53.866-04:00 TRACE 20072 --- [backend] [http-nio-8180-exec-7] org.hibernate.orm.jdbc.extract           : extracted value (1:BIGINT) -> [8]
2026-08-31T13:44:53.866-04:00 TRACE 20072 --- [backend] [http-nio-8180-exec-7] org.hibernate.orm.jdbc.extract           : extracted value (2:DATE) -> [2026-09-04]
2026-08-31T13:44:53.866-04:00 TRACE 20072 --- [backend] [http-nio-8180-exec-7] org.hibernate.orm.jdbc.extract           : extracted value (3:VARCHAR) -> [Control preventivo]
2026-08-31T13:44:53.866-04:00 TRACE 20072 --- [backend] [http-nio-8180-exec-7] org.hibernate.orm.jdbc.extract           : extracted value (4:TIME) -> [16:30]
2026-08-31T13:44:53.866-04:00 TRACE 20072 --- [backend] [http-nio-8180-exec-7] org.hibernate.orm.jdbc.extract           : extracted value (5:VARCHAR) -> [Dr. Soto]
2026-08-31T13:44:53.867-04:00 TRACE 20072 --- [backend] [http-nio-8180-exec-7] o.h.r.j.i.ResourceRegistryStandardImpl   : Releasing result set [HikariProxyResultSet@279924890 wrapping com.mysql.cj.jdbc.result.ResultSetImpl@2dd697e7]
2026-08-31T13:44:53.867-04:00 TRACE 20072 --- [backend] [http-nio-8180-exec-7] o.h.r.j.i.ResourceRegistryStandardImpl   : Closing result set [HikariProxyResultSet@279924890 wrapping com.mysql.cj.jdbc.result.ResultSetImpl@2dd697e7]
2026-08-31T13:44:53.867-04:00 TRACE 20072 --- [backend] [http-nio-8180-exec-7] o.h.r.j.i.ResourceRegistryStandardImpl   : Releasing statement [HikariProxyPreparedStatement@734000136 wrapping com.mysql.cj.jdbc.ClientPreparedStatement: select a1_0.id,a1_0.date,a1_0.reason,a1_0.time,a1_0.veterinarian from appointment a1_0]
2026-08-31T13:44:53.867-04:00 TRACE 20072 --- [backend] [http-nio-8180-exec-7] o.h.r.j.i.ResourceRegistryStandardImpl   : Closing prepared statement [HikariProxyPreparedStatement@734000136 wrapping com.mysql.cj.jdbc.ClientPreparedStatement: select a1_0.id,a1_0.date,a1_0.reason,a1_0.time,a1_0.veterinarian from appointment a1_0]
2026-08-31T13:44:53.867-04:00 TRACE 20072 --- [backend] [http-nio-8180-exec-7] j.i.AbstractLogicalConnectionImplementor : LogicalConnection#afterStatement
2026-08-31T13:44:53.867-04:00 TRACE 20072 --- [backend] [http-nio-8180-exec-7] o.h.e.i.StatefulPersistenceContext       : Initializing non-lazy collections
2026-08-31T13:44:53.867-04:00 DEBUG 20072 --- [backend] [http-nio-8180-exec-7] o.h.e.t.internal.TransactionImpl         : committing
2026-08-31T13:44:53.867-04:00 TRACE 20072 --- [backend] [http-nio-8180-exec-7] cResourceLocalTransactionCoordinatorImpl : ResourceLocalTransactionCoordinatorImpl#beforeCompletionCallback
2026-08-31T13:44:53.867-04:00 TRACE 20072 --- [backend] [http-nio-8180-exec-7] org.hibernate.internal.SessionImpl       : SessionImpl#beforeTransactionCompletion()
2026-08-31T13:44:53.868-04:00 TRACE 20072 --- [backend] [http-nio-8180-exec-7] j.i.AbstractLogicalConnectionImplementor : LogicalConnection#beforeTransactionCompletion
2026-08-31T13:44:53.868-04:00 TRACE 20072 --- [backend] [http-nio-8180-exec-7] .t.i.SynchronizationRegistryStandardImpl : SynchronizationRegistryStandardImpl.notifySynchronizationsBeforeTransactionCompletion
2026-08-31T13:44:53.868-04:00 TRACE 20072 --- [backend] [http-nio-8180-exec-7] j.i.AbstractLogicalConnectionImplementor : Preparing to commit transaction via JDBC Connection.commit()
2026-08-31T13:44:53.870-04:00 TRACE 20072 --- [backend] [http-nio-8180-exec-7] j.i.AbstractLogicalConnectionImplementor : Transaction committed via JDBC Connection.commit()
2026-08-31T13:44:53.870-04:00 TRACE 20072 --- [backend] [http-nio-8180-exec-7] j.i.AbstractLogicalConnectionImplementor : re-enabling auto-commit on JDBC Connection after completion of JDBC-based transaction
2026-08-31T13:44:53.871-04:00 TRACE 20072 --- [backend] [http-nio-8180-exec-7] j.i.AbstractLogicalConnectionImplementor : LogicalConnection#afterTransaction
2026-08-31T13:44:53.871-04:00 TRACE 20072 --- [backend] [http-nio-8180-exec-7] o.h.r.j.i.ResourceRegistryStandardImpl   : Releasing JDBC resources
2026-08-31T13:44:53.872-04:00 TRACE 20072 --- [backend] [http-nio-8180-exec-7] cResourceLocalTransactionCoordinatorImpl : ResourceLocalTransactionCoordinatorImpl#afterCompletionCallback(true)
2026-08-31T13:44:53.872-04:00 TRACE 20072 --- [backend] [http-nio-8180-exec-7] .t.i.SynchronizationRegistryStandardImpl : SynchronizationRegistryStandardImpl.notifySynchronizationsAfterTransactionCompletion(3)
2026-08-31T13:44:53.872-04:00 TRACE 20072 --- [backend] [http-nio-8180-exec-7] org.hibernate.internal.SessionImpl       : SessionImpl#afterTransactionCompletion(successful=true, delayed=false)
2026-08-31T13:44:53.873-04:00 DEBUG 20072 --- [backend] [http-nio-8180-exec-7] m.m.a.RequestResponseBodyMethodProcessor : Using 'application/json', given [*/*] and supported [application/json, application/*+json]
2026-08-31T13:44:53.874-04:00 TRACE 20072 --- [backend] [http-nio-8180-exec-7] m.m.a.RequestResponseBodyMethodProcessor : Writing [[com.duoc.backend.appointment.Appointment@2ff041ef, com.duoc.backend.appointment.Appointment@45b1ff0b, com.duoc.backend.appointment.Appointment@5c4121f5, com.duoc.backend.appointment.Appointment@7877ed8c, com.duoc.backend.appointment.Appointment@55a52454, com.duoc.backend.appointment.Appointment@1fa6c04c]]
2026-08-31T13:44:53.874-04:00 TRACE 20072 --- [backend] [http-nio-8180-exec-7] o.s.web.servlet.DispatcherServlet        : No view rendering, null ModelAndView returned.
2026-08-31T13:44:53.875-04:00 TRACE 20072 --- [backend] [http-nio-8180-exec-7] org.hibernate.internal.SessionImpl       : Closing session [8b108155-83b6-4c1f-8cb0-00a5f7b3147b]
2026-08-31T13:44:53.875-04:00 TRACE 20072 --- [backend] [http-nio-8180-exec-7] o.h.e.jdbc.internal.JdbcCoordinatorImpl  : Closing JDBC container [org.hibernate.engine.jdbc.internal.JdbcCoordinatorImpl@4abd04c4]
2026-08-31T13:44:53.875-04:00 TRACE 20072 --- [backend] [http-nio-8180-exec-7] o.h.r.j.i.ResourceRegistryStandardImpl   : Releasing JDBC resources
2026-08-31T13:44:53.875-04:00 TRACE 20072 --- [backend] [http-nio-8180-exec-7] o.h.r.j.i.LogicalConnectionManagedImpl   : Closing logical connection
2026-08-31T13:44:53.875-04:00 TRACE 20072 --- [backend] [http-nio-8180-exec-7] o.h.r.j.i.ResourceRegistryStandardImpl   : Releasing JDBC resources
2026-08-31T13:44:53.875-04:00 TRACE 20072 --- [backend] [http-nio-8180-exec-7] o.h.r.j.i.LogicalConnectionManagedImpl   : Logical connection closed
2026-08-31T13:44:53.876-04:00 DEBUG 20072 --- [backend] [http-nio-8180-exec-7] o.s.web.servlet.DispatcherServlet        : Completed 200 OK, headers={masked}
2026-08-31T13:45:11.252-04:00 DEBUG 20072 --- [backend] [http-nio-8180-exec-3] o.s.security.web.FilterChainProxy        : Securing GET /appointment/4
2026-08-31T13:45:11.253-04:00 DEBUG 20072 --- [backend] [http-nio-8180-exec-3] o.s.security.web.FilterChainProxy        : Secured GET /appointment/4
2026-08-31T13:45:11.254-04:00 TRACE 20072 --- [backend] [http-nio-8180-exec-3] o.s.web.servlet.DispatcherServlet        : GET "/appointment/4", parameters={}, headers={masked} in DispatcherServlet 'dispatcherServlet'
2026-08-31T13:45:11.254-04:00 TRACE 20072 --- [backend] [http-nio-8180-exec-3] s.w.s.m.m.a.RequestMappingHandlerMapping : Mapped to com.duoc.backend.appointment.AppointmentController#getAppointmentById(Long)
2026-08-31T13:45:11.254-04:00 TRACE 20072 --- [backend] [http-nio-8180-exec-3] .i.SessionFactoryImpl$SessionBuilderImpl : Opening Hibernate Session.  tenant=null
2026-08-31T13:45:11.254-04:00 TRACE 20072 --- [backend] [http-nio-8180-exec-3] org.hibernate.internal.SessionImpl       : Opened Session [784235c9-b2d1-49e7-be46-4bdd263dc44e] at timestamp: 1788198311254
2026-08-31T13:45:11.255-04:00 TRACE 20072 --- [backend] [http-nio-8180-exec-3] o.s.web.method.HandlerMethod             : Arguments: [4]
2026-08-31T13:45:11.258-04:00 DEBUG 20072 --- [backend] [http-nio-8180-exec-3] o.h.e.t.internal.TransactionImpl         : On TransactionImpl creation, JpaCompliance#isJpaTransactionComplianceEnabled == false
2026-08-31T13:45:11.258-04:00 DEBUG 20072 --- [backend] [http-nio-8180-exec-3] o.h.e.t.internal.TransactionImpl         : begin
2026-08-31T13:45:11.259-04:00 TRACE 20072 --- [backend] [http-nio-8180-exec-3] j.i.AbstractLogicalConnectionImplementor : Preparing to begin transaction via JDBC Connection.setAutoCommit(false)
2026-08-31T13:45:11.262-04:00 TRACE 20072 --- [backend] [http-nio-8180-exec-3] j.i.AbstractLogicalConnectionImplementor : Transaction begun via JDBC Connection.setAutoCommit(false)
2026-08-31T13:45:11.264-04:00 TRACE 20072 --- [backend] [http-nio-8180-exec-3] cResourceLocalTransactionCoordinatorImpl : ResourceLocalTransactionCoordinatorImpl#afterBeginCallback
2026-08-31T13:45:11.265-04:00 TRACE 20072 --- [backend] [http-nio-8180-exec-3] o.h.e.internal.DefaultLoadEventListener  : Loading entity: [com.duoc.backend.appointment.Appointment#4]
2026-08-31T13:45:11.267-04:00 TRACE 20072 --- [backend] [http-nio-8180-exec-3] o.h.e.internal.DefaultLoadEventListener  : Attempting to resolve: [com.duoc.backend.appointment.Appointment#4]
2026-08-31T13:45:11.267-04:00 TRACE 20072 --- [backend] [http-nio-8180-exec-3] o.h.e.internal.DefaultLoadEventListener  : Object not resolved in any cache: [com.duoc.backend.appointment.Appointment#4]
2026-08-31T13:45:11.267-04:00 TRACE 20072 --- [backend] [http-nio-8180-exec-3] o.h.p.entity.AbstractEntityPersister     : Fetching entity: [com.duoc.backend.appointment.Appointment#4]
2026-08-31T13:45:11.267-04:00 DEBUG 20072 --- [backend] [http-nio-8180-exec-3] org.hibernate.orm.sql.exec               : Skipping reading Query result cache data: cache-enabled = false, cache-mode = IGNORE
2026-08-31T13:45:11.267-04:00 TRACE 20072 --- [backend] [http-nio-8180-exec-3] o.h.s.r.j.i.DeferredResultSetAccess      : Executing query to retrieve ResultSet : select a1_0.id,a1_0.date,a1_0.reason,a1_0.time,a1_0.veterinarian from appointment a1_0 where a1_0.id=?
2026-08-31T13:45:11.267-04:00 DEBUG 20072 --- [backend] [http-nio-8180-exec-3] org.hibernate.SQL                        : select a1_0.id,a1_0.date,a1_0.reason,a1_0.time,a1_0.veterinarian from appointment a1_0 where a1_0.id=?
2026-08-31T13:45:11.269-04:00 TRACE 20072 --- [backend] [http-nio-8180-exec-3] o.h.r.j.i.ResourceRegistryStandardImpl   : Registering statement [HikariProxyPreparedStatement@470463791 wrapping com.mysql.cj.jdbc.ClientPreparedStatement: select a1_0.id,a1_0.date,a1_0.reason,a1_0.time,a1_0.veterinarian from appointment a1_0 where a1_0.id=** NOT SPECIFIED **]
2026-08-31T13:45:11.269-04:00 TRACE 20072 --- [backend] [http-nio-8180-exec-3] o.h.e.jdbc.internal.JdbcCoordinatorImpl  : Registering last query statement [HikariProxyPreparedStatement@470463791 wrapping com.mysql.cj.jdbc.ClientPreparedStatement: select a1_0.id,a1_0.date,a1_0.reason,a1_0.time,a1_0.veterinarian from appointment a1_0 where a1_0.id=** NOT SPECIFIED **]
2026-08-31T13:45:11.269-04:00 TRACE 20072 --- [backend] [http-nio-8180-exec-3] org.hibernate.orm.jdbc.bind              : binding parameter (1:BIGINT) <- [4]
2026-08-31T13:45:11.273-04:00 TRACE 20072 --- [backend] [http-nio-8180-exec-3] o.h.r.j.i.ResourceRegistryStandardImpl   : Registering result set [HikariProxyResultSet@1439881158 wrapping com.mysql.cj.jdbc.result.ResultSetImpl@5357615a]
2026-08-31T13:45:11.277-04:00 TRACE 20072 --- [backend] [http-nio-8180-exec-3] org.hibernate.orm.jdbc.extract           : extracted value (2:DATE) -> [2026-09-04]
2026-08-31T13:45:11.279-04:00 TRACE 20072 --- [backend] [http-nio-8180-exec-3] org.hibernate.orm.jdbc.extract           : extracted value (3:VARCHAR) -> [Control preventivo]
2026-08-31T13:45:11.280-04:00 TRACE 20072 --- [backend] [http-nio-8180-exec-3] org.hibernate.orm.jdbc.extract           : extracted value (4:TIME) -> [16:30]
2026-08-31T13:45:11.280-04:00 TRACE 20072 --- [backend] [http-nio-8180-exec-3] org.hibernate.orm.jdbc.extract           : extracted value (5:VARCHAR) -> [Dr. Soto]
2026-08-31T13:45:11.280-04:00 TRACE 20072 --- [backend] [http-nio-8180-exec-3] o.h.r.j.i.ResourceRegistryStandardImpl   : Releasing result set [HikariProxyResultSet@1439881158 wrapping com.mysql.cj.jdbc.result.ResultSetImpl@5357615a]
2026-08-31T13:45:11.280-04:00 TRACE 20072 --- [backend] [http-nio-8180-exec-3] o.h.r.j.i.ResourceRegistryStandardImpl   : Closing result set [HikariProxyResultSet@1439881158 wrapping com.mysql.cj.jdbc.result.ResultSetImpl@5357615a]
2026-08-31T13:45:11.281-04:00 TRACE 20072 --- [backend] [http-nio-8180-exec-3] o.h.r.j.i.ResourceRegistryStandardImpl   : Releasing statement [HikariProxyPreparedStatement@470463791 wrapping com.mysql.cj.jdbc.ClientPreparedStatement: select a1_0.id,a1_0.date,a1_0.reason,a1_0.time,a1_0.veterinarian from appointment a1_0 where a1_0.id=4]
2026-08-31T13:45:11.281-04:00 TRACE 20072 --- [backend] [http-nio-8180-exec-3] o.h.r.j.i.ResourceRegistryStandardImpl   : Closing prepared statement [HikariProxyPreparedStatement@470463791 wrapping com.mysql.cj.jdbc.ClientPreparedStatement: select a1_0.id,a1_0.date,a1_0.reason,a1_0.time,a1_0.veterinarian from appointment a1_0 where a1_0.id=4]
2026-08-31T13:45:11.281-04:00 TRACE 20072 --- [backend] [http-nio-8180-exec-3] j.i.AbstractLogicalConnectionImplementor : LogicalConnection#afterStatement
2026-08-31T13:45:11.281-04:00 TRACE 20072 --- [backend] [http-nio-8180-exec-3] o.h.e.i.StatefulPersistenceContext       : Initializing non-lazy collections
2026-08-31T13:45:11.281-04:00 DEBUG 20072 --- [backend] [http-nio-8180-exec-3] o.h.e.t.internal.TransactionImpl         : committing
2026-08-31T13:45:11.281-04:00 TRACE 20072 --- [backend] [http-nio-8180-exec-3] cResourceLocalTransactionCoordinatorImpl : ResourceLocalTransactionCoordinatorImpl#beforeCompletionCallback
2026-08-31T13:45:11.281-04:00 TRACE 20072 --- [backend] [http-nio-8180-exec-3] org.hibernate.internal.SessionImpl       : SessionImpl#beforeTransactionCompletion()
2026-08-31T13:45:11.281-04:00 TRACE 20072 --- [backend] [http-nio-8180-exec-3] j.i.AbstractLogicalConnectionImplementor : LogicalConnection#beforeTransactionCompletion
2026-08-31T13:45:11.282-04:00 TRACE 20072 --- [backend] [http-nio-8180-exec-3] .t.i.SynchronizationRegistryStandardImpl : SynchronizationRegistryStandardImpl.notifySynchronizationsBeforeTransactionCompletion
2026-08-31T13:45:11.282-04:00 TRACE 20072 --- [backend] [http-nio-8180-exec-3] j.i.AbstractLogicalConnectionImplementor : Preparing to commit transaction via JDBC Connection.commit()
2026-08-31T13:45:11.283-04:00 TRACE 20072 --- [backend] [http-nio-8180-exec-3] j.i.AbstractLogicalConnectionImplementor : Transaction committed via JDBC Connection.commit()
2026-08-31T13:45:11.283-04:00 TRACE 20072 --- [backend] [http-nio-8180-exec-3] j.i.AbstractLogicalConnectionImplementor : re-enabling auto-commit on JDBC Connection after completion of JDBC-based transaction
2026-08-31T13:45:11.286-04:00 TRACE 20072 --- [backend] [http-nio-8180-exec-3] j.i.AbstractLogicalConnectionImplementor : LogicalConnection#afterTransaction
2026-08-31T13:45:11.286-04:00 TRACE 20072 --- [backend] [http-nio-8180-exec-3] o.h.r.j.i.ResourceRegistryStandardImpl   : Releasing JDBC resources
2026-08-31T13:45:11.286-04:00 TRACE 20072 --- [backend] [http-nio-8180-exec-3] cResourceLocalTransactionCoordinatorImpl : ResourceLocalTransactionCoordinatorImpl#afterCompletionCallback(true)
2026-08-31T13:45:11.286-04:00 TRACE 20072 --- [backend] [http-nio-8180-exec-3] .t.i.SynchronizationRegistryStandardImpl : SynchronizationRegistryStandardImpl.notifySynchronizationsAfterTransactionCompletion(3)
2026-08-31T13:45:11.286-04:00 TRACE 20072 --- [backend] [http-nio-8180-exec-3] org.hibernate.internal.SessionImpl       : SessionImpl#afterTransactionCompletion(successful=true, delayed=false)
2026-08-31T13:45:11.288-04:00 DEBUG 20072 --- [backend] [http-nio-8180-exec-3] m.m.a.RequestResponseBodyMethodProcessor : Using 'application/json', given [*/*] and supported [application/json, application/*+json]
2026-08-31T13:45:11.288-04:00 TRACE 20072 --- [backend] [http-nio-8180-exec-3] m.m.a.RequestResponseBodyMethodProcessor : Writing [com.duoc.backend.appointment.Appointment@b669950]
2026-08-31T13:45:11.289-04:00 TRACE 20072 --- [backend] [http-nio-8180-exec-3] o.s.web.servlet.DispatcherServlet        : No view rendering, null ModelAndView returned.
2026-08-31T13:45:11.289-04:00 TRACE 20072 --- [backend] [http-nio-8180-exec-3] org.hibernate.internal.SessionImpl       : Closing session [784235c9-b2d1-49e7-be46-4bdd263dc44e]
2026-08-31T13:45:11.289-04:00 TRACE 20072 --- [backend] [http-nio-8180-exec-3] o.h.e.jdbc.internal.JdbcCoordinatorImpl  : Closing JDBC container [org.hibernate.engine.jdbc.internal.JdbcCoordinatorImpl@428cf6de]
2026-08-31T13:45:11.290-04:00 TRACE 20072 --- [backend] [http-nio-8180-exec-3] o.h.r.j.i.ResourceRegistryStandardImpl   : Releasing JDBC resources
2026-08-31T13:45:11.290-04:00 TRACE 20072 --- [backend] [http-nio-8180-exec-3] o.h.r.j.i.LogicalConnectionManagedImpl   : Closing logical connection
2026-08-31T13:45:11.290-04:00 TRACE 20072 --- [backend] [http-nio-8180-exec-3] o.h.r.j.i.ResourceRegistryStandardImpl   : Releasing JDBC resources
2026-08-31T13:45:11.290-04:00 TRACE 20072 --- [backend] [http-nio-8180-exec-3] o.h.r.j.i.LogicalConnectionManagedImpl   : Logical connection closed
2026-08-31T13:45:11.290-04:00 DEBUG 20072 --- [backend] [http-nio-8180-exec-3] o.s.web.servlet.DispatcherServlet        : Completed 200 OK, headers={masked}
2026-08-31T13:45:12.956-04:00 DEBUG 20072 --- [backend] [HikariPool-1 housekeeper] com.zaxxer.hikari.pool.HikariPool        : HikariPool-1 - Pool stats (total=10, active=0, idle=10, waiting=0)
2026-08-31T13:45:12.956-04:00 DEBUG 20072 --- [backend] [HikariPool-1 housekeeper] com.zaxxer.hikari.pool.HikariPool        : HikariPool-1 - Fill pool skipped, pool has sufficient level or currently being filled.
2026-08-31T13:45:23.957-04:00 DEBUG 20072 --- [backend] [http-nio-8180-exec-1] o.s.security.web.FilterChainProxy        : Securing GET /appointment
2026-08-31T13:45:23.958-04:00 DEBUG 20072 --- [backend] [http-nio-8180-exec-1] o.s.security.web.FilterChainProxy        : Secured GET /appointment
2026-08-31T13:45:23.959-04:00 TRACE 20072 --- [backend] [http-nio-8180-exec-1] o.s.web.servlet.DispatcherServlet        : GET "/appointment", parameters={}, headers={masked} in DispatcherServlet 'dispatcherServlet'
2026-08-31T13:45:23.959-04:00 TRACE 20072 --- [backend] [http-nio-8180-exec-1] s.w.s.m.m.a.RequestMappingHandlerMapping : Mapped to com.duoc.backend.appointment.AppointmentController#getAllAppointments()
2026-08-31T13:45:23.959-04:00 TRACE 20072 --- [backend] [http-nio-8180-exec-1] .i.SessionFactoryImpl$SessionBuilderImpl : Opening Hibernate Session.  tenant=null
2026-08-31T13:45:23.959-04:00 TRACE 20072 --- [backend] [http-nio-8180-exec-1] org.hibernate.internal.SessionImpl       : Opened Session [fa583d98-fcbb-40dd-a861-4546975a3ae6] at timestamp: 1788198323959
2026-08-31T13:45:23.959-04:00 TRACE 20072 --- [backend] [http-nio-8180-exec-1] o.s.web.method.HandlerMethod             : Arguments: []
2026-08-31T13:45:23.963-04:00 DEBUG 20072 --- [backend] [http-nio-8180-exec-1] o.h.e.t.internal.TransactionImpl         : On TransactionImpl creation, JpaCompliance#isJpaTransactionComplianceEnabled == false
2026-08-31T13:45:23.964-04:00 DEBUG 20072 --- [backend] [http-nio-8180-exec-1] o.h.e.t.internal.TransactionImpl         : begin
2026-08-31T13:45:23.964-04:00 TRACE 20072 --- [backend] [http-nio-8180-exec-1] j.i.AbstractLogicalConnectionImplementor : Preparing to begin transaction via JDBC Connection.setAutoCommit(false)
2026-08-31T13:45:23.965-04:00 TRACE 20072 --- [backend] [http-nio-8180-exec-1] j.i.AbstractLogicalConnectionImplementor : Transaction begun via JDBC Connection.setAutoCommit(false)
2026-08-31T13:45:23.966-04:00 TRACE 20072 --- [backend] [http-nio-8180-exec-1] cResourceLocalTransactionCoordinatorImpl : ResourceLocalTransactionCoordinatorImpl#afterBeginCallback
2026-08-31T13:45:23.969-04:00 TRACE 20072 --- [backend] [http-nio-8180-exec-1] o.h.q.sqm.sql.BaseSqmToSqlAstConverter   : Resolving SqmRoot [com.duoc.backend.appointment.Appointment] to TableGroup
2026-08-31T13:45:23.969-04:00 TRACE 20072 --- [backend] [http-nio-8180-exec-1] o.h.q.sqm.sql.BaseSqmToSqlAstConverter   : Resolving SqmRoot [com.duoc.backend.appointment.Appointment] to TableGroup
2026-08-31T13:45:23.969-04:00 DEBUG 20072 --- [backend] [http-nio-8180-exec-1] org.hibernate.orm.sql.ast.create         : Created new SQL alias : a1_0
2026-08-31T13:45:23.969-04:00 TRACE 20072 --- [backend] [http-nio-8180-exec-1] o.h.q.sqm.sql.BaseSqmToSqlAstConverter   : Resolved SqmRoot [com.duoc.backend.appointment.Appointment] to new TableGroup [StandardTableGroup(com.duoc.backend.appointment.Appointment(16))]
2026-08-31T13:45:23.969-04:00 DEBUG 20072 --- [backend] [http-nio-8180-exec-1] org.hibernate.orm.sql.ast.create         : Registration of TableGroup [StandardTableGroup(com.duoc.backend.appointment.Appointment(16))] with identifierForTableGroup [com.duoc.backend.appointment.Appointment] for NavigablePath [com.duoc.backend.appointment.Appointment] 
2026-08-31T13:45:23.970-04:00 TRACE 20072 --- [backend] [http-nio-8180-exec-1] o.h.q.sqm.sql.BaseSqmToSqlAstConverter   : Visiting explicit joins for `com.duoc.backend.appointment.Appointment(16)`
2026-08-31T13:45:23.970-04:00 TRACE 20072 --- [backend] [http-nio-8180-exec-1] o.h.q.sqm.sql.BaseSqmToSqlAstConverter   : SqmRoot [com.duoc.backend.appointment.Appointment] resolved to existing TableGroup [StandardTableGroup(com.duoc.backend.appointment.Appointment(16))]
2026-08-31T13:45:23.971-04:00 DEBUG 20072 --- [backend] [http-nio-8180-exec-1] org.hibernate.orm.results.graph.AST      : DomainResult Graph:
 \-EntityResultImpl [com.duoc.backend.appointment.Appointment(16)]
 |  +-BasicFetch [com.duoc.backend.appointment.Appointment(16).date]
 |  +-BasicFetch [com.duoc.backend.appointment.Appointment(16).reason]
 |  +-BasicFetch [com.duoc.backend.appointment.Appointment(16).time]
 |  \-BasicFetch [com.duoc.backend.appointment.Appointment(16).veterinarian]

2026-08-31T13:45:23.971-04:00 TRACE 20072 --- [backend] [http-nio-8180-exec-1] org.hibernate.orm.results.graph.AST      : Stack trace calling DomainResultGraphPrinter

java.lang.Exception: null
	at org.hibernate.sql.results.graph.DomainResultGraphPrinter.visitDomainResults(DomainResultGraphPrinter.java:70) ~[hibernate-core-6.6.11.Final.jar:6.6.11.Final]
	at org.hibernate.sql.results.graph.DomainResultGraphPrinter.logDomainResultGraph(DomainResultGraphPrinter.java:46) ~[hibernate-core-6.6.11.Final.jar:6.6.11.Final]
	at org.hibernate.sql.results.graph.DomainResultGraphPrinter.logDomainResultGraph(DomainResultGraphPrinter.java:37) ~[hibernate-core-6.6.11.Final.jar:6.6.11.Final]
	at org.hibernate.sql.ast.spi.AbstractSqlAstTranslator.translateSelect(AbstractSqlAstTranslator.java:877) ~[hibernate-core-6.6.11.Final.jar:6.6.11.Final]
	at org.hibernate.sql.ast.spi.AbstractSqlAstTranslator.translate(AbstractSqlAstTranslator.java:815) ~[hibernate-core-6.6.11.Final.jar:6.6.11.Final]
	at org.hibernate.query.sqm.internal.ConcreteSqmSelectQueryPlan.buildCacheableSqmInterpretation(ConcreteSqmSelectQueryPlan.java:510) ~[hibernate-core-6.6.11.Final.jar:6.6.11.Final]
	at org.hibernate.query.sqm.internal.ConcreteSqmSelectQueryPlan.withCacheableSqmInterpretation(ConcreteSqmSelectQueryPlan.java:388) ~[hibernate-core-6.6.11.Final.jar:6.6.11.Final]
	at org.hibernate.query.sqm.internal.ConcreteSqmSelectQueryPlan.performList(ConcreteSqmSelectQueryPlan.java:362) ~[hibernate-core-6.6.11.Final.jar:6.6.11.Final]
	at org.hibernate.query.sqm.internal.QuerySqmImpl.doList(QuerySqmImpl.java:380) ~[hibernate-core-6.6.11.Final.jar:6.6.11.Final]
	at org.hibernate.query.spi.AbstractSelectionQuery.list(AbstractSelectionQuery.java:143) ~[hibernate-core-6.6.11.Final.jar:6.6.11.Final]
	at org.hibernate.query.Query.getResultList(Query.java:120) ~[hibernate-core-6.6.11.Final.jar:6.6.11.Final]
	at org.springframework.data.jpa.repository.support.SimpleJpaRepository.findAll(SimpleJpaRepository.java:395) ~[spring-data-jpa-3.4.4.jar:3.4.4]
	at java.base/jdk.internal.reflect.NativeMethodAccessorImpl.invoke0(Native Method) ~[na:na]
	at java.base/jdk.internal.reflect.NativeMethodAccessorImpl.invoke(NativeMethodAccessorImpl.java:77) ~[na:na]
	at java.base/jdk.internal.reflect.DelegatingMethodAccessorImpl.invoke(DelegatingMethodAccessorImpl.java:43) ~[na:na]
	at java.base/java.lang.reflect.Method.invoke(Method.java:568) ~[na:na]
	at org.springframework.aop.support.AopUtils.invokeJoinpointUsingReflection(AopUtils.java:359) ~[spring-aop-6.2.5.jar:6.2.5]
	at org.springframework.data.repository.core.support.RepositoryMethodInvoker$RepositoryFragmentMethodInvoker.lambda$new$0(RepositoryMethodInvoker.java:277) ~[spring-data-commons-3.4.4.jar:3.4.4]
	at org.springframework.data.repository.core.support.RepositoryMethodInvoker.doInvoke(RepositoryMethodInvoker.java:170) ~[spring-data-commons-3.4.4.jar:3.4.4]
	at org.springframework.data.repository.core.support.RepositoryMethodInvoker.invoke(RepositoryMethodInvoker.java:158) ~[spring-data-commons-3.4.4.jar:3.4.4]
	at org.springframework.data.repository.core.support.RepositoryComposition$RepositoryFragments.invoke(RepositoryComposition.java:515) ~[spring-data-commons-3.4.4.jar:3.4.4]
	at org.springframework.data.repository.core.support.RepositoryComposition.invoke(RepositoryComposition.java:284) ~[spring-data-commons-3.4.4.jar:3.4.4]
	at org.springframework.data.repository.core.support.RepositoryFactorySupport$ImplementationMethodExecutionInterceptor.invoke(RepositoryFactorySupport.java:731) ~[spring-data-commons-3.4.4.jar:3.4.4]
	at org.springframework.aop.framework.ReflectiveMethodInvocation.proceed(ReflectiveMethodInvocation.java:184) ~[spring-aop-6.2.5.jar:6.2.5]
	at org.springframework.data.repository.core.support.QueryExecutorMethodInterceptor.doInvoke(QueryExecutorMethodInterceptor.java:174) ~[spring-data-commons-3.4.4.jar:3.4.4]
	at org.springframework.data.repository.core.support.QueryExecutorMethodInterceptor.invoke(QueryExecutorMethodInterceptor.java:149) ~[spring-data-commons-3.4.4.jar:3.4.4]
	at org.springframework.aop.framework.ReflectiveMethodInvocation.proceed(ReflectiveMethodInvocation.java:184) ~[spring-aop-6.2.5.jar:6.2.5]
	at org.springframework.transaction.interceptor.TransactionAspectSupport.invokeWithinTransaction(TransactionAspectSupport.java:380) ~[spring-tx-6.2.5.jar:6.2.5]
	at org.springframework.transaction.interceptor.TransactionInterceptor.invoke(TransactionInterceptor.java:119) ~[spring-tx-6.2.5.jar:6.2.5]
	at org.springframework.aop.framework.ReflectiveMethodInvocation.proceed(ReflectiveMethodInvocation.java:184) ~[spring-aop-6.2.5.jar:6.2.5]
	at org.springframework.dao.support.PersistenceExceptionTranslationInterceptor.invoke(PersistenceExceptionTranslationInterceptor.java:138) ~[spring-tx-6.2.5.jar:6.2.5]
	at org.springframework.aop.framework.ReflectiveMethodInvocation.proceed(ReflectiveMethodInvocation.java:184) ~[spring-aop-6.2.5.jar:6.2.5]
	at org.springframework.data.jpa.repository.support.CrudMethodMetadataPostProcessor$CrudMethodMetadataPopulatingMethodInterceptor.invoke(CrudMethodMetadataPostProcessor.java:165) ~[spring-data-jpa-3.4.4.jar:3.4.4]
	at org.springframework.aop.framework.ReflectiveMethodInvocation.proceed(ReflectiveMethodInvocation.java:184) ~[spring-aop-6.2.5.jar:6.2.5]
	at org.springframework.aop.framework.JdkDynamicAopProxy.invoke(JdkDynamicAopProxy.java:223) ~[spring-aop-6.2.5.jar:6.2.5]
	at jdk.proxy2/jdk.proxy2.$Proxy120.findAll(Unknown Source) ~[na:na]
	at com.duoc.backend.appointment.AppointmentService.getAllAppointments(AppointmentService.java:13) ~[classes/:na]
	at com.duoc.backend.appointment.AppointmentController.getAllAppointments(AppointmentController.java:17) ~[classes/:na]
	at java.base/jdk.internal.reflect.NativeMethodAccessorImpl.invoke0(Native Method) ~[na:na]
	at java.base/jdk.internal.reflect.NativeMethodAccessorImpl.invoke(NativeMethodAccessorImpl.java:77) ~[na:na]
	at java.base/jdk.internal.reflect.DelegatingMethodAccessorImpl.invoke(DelegatingMethodAccessorImpl.java:43) ~[na:na]
	at java.base/java.lang.reflect.Method.invoke(Method.java:568) ~[na:na]
	at org.springframework.web.method.support.InvocableHandlerMethod.doInvoke(InvocableHandlerMethod.java:258) ~[spring-web-6.2.5.jar:6.2.5]
	at org.springframework.web.method.support.InvocableHandlerMethod.invokeForRequest(InvocableHandlerMethod.java:191) ~[spring-web-6.2.5.jar:6.2.5]
	at org.springframework.web.servlet.mvc.method.annotation.ServletInvocableHandlerMethod.invokeAndHandle(ServletInvocableHandlerMethod.java:118) ~[spring-webmvc-6.2.5.jar:6.2.5]
	at org.springframework.web.servlet.mvc.method.annotation.RequestMappingHandlerAdapter.invokeHandlerMethod(RequestMappingHandlerAdapter.java:986) ~[spring-webmvc-6.2.5.jar:6.2.5]
	at org.springframework.web.servlet.mvc.method.annotation.RequestMappingHandlerAdapter.handleInternal(RequestMappingHandlerAdapter.java:891) ~[spring-webmvc-6.2.5.jar:6.2.5]
	at org.springframework.web.servlet.mvc.method.AbstractHandlerMethodAdapter.handle(AbstractHandlerMethodAdapter.java:87) ~[spring-webmvc-6.2.5.jar:6.2.5]
	at org.springframework.web.servlet.DispatcherServlet.doDispatch(DispatcherServlet.java:1089) ~[spring-webmvc-6.2.5.jar:6.2.5]
	at org.springframework.web.servlet.DispatcherServlet.doService(DispatcherServlet.java:979) ~[spring-webmvc-6.2.5.jar:6.2.5]
	at org.springframework.web.servlet.FrameworkServlet.processRequest(FrameworkServlet.java:1014) ~[spring-webmvc-6.2.5.jar:6.2.5]
	at org.springframework.web.servlet.FrameworkServlet.doGet(FrameworkServlet.java:903) ~[spring-webmvc-6.2.5.jar:6.2.5]
	at jakarta.servlet.http.HttpServlet.service(HttpServlet.java:564) ~[tomcat-embed-core-10.1.39.jar:6.0]
	at org.springframework.web.servlet.FrameworkServlet.service(FrameworkServlet.java:885) ~[spring-webmvc-6.2.5.jar:6.2.5]
	at jakarta.servlet.http.HttpServlet.service(HttpServlet.java:658) ~[tomcat-embed-core-10.1.39.jar:6.0]
	at org.apache.catalina.core.ApplicationFilterChain.internalDoFilter(ApplicationFilterChain.java:195) ~[tomcat-embed-core-10.1.39.jar:10.1.39]
	at org.apache.catalina.core.ApplicationFilterChain.doFilter(ApplicationFilterChain.java:140) ~[tomcat-embed-core-10.1.39.jar:10.1.39]
	at org.apache.tomcat.websocket.server.WsFilter.doFilter(WsFilter.java:51) ~[tomcat-embed-websocket-10.1.39.jar:10.1.39]
	at org.apache.catalina.core.ApplicationFilterChain.internalDoFilter(ApplicationFilterChain.java:164) ~[tomcat-embed-core-10.1.39.jar:10.1.39]
	at org.apache.catalina.core.ApplicationFilterChain.doFilter(ApplicationFilterChain.java:140) ~[tomcat-embed-core-10.1.39.jar:10.1.39]
	at org.springframework.web.filter.OncePerRequestFilter.doFilter(OncePerRequestFilter.java:110) ~[spring-web-6.2.5.jar:6.2.5]
	at org.apache.catalina.core.ApplicationFilterChain.internalDoFilter(ApplicationFilterChain.java:164) ~[tomcat-embed-core-10.1.39.jar:10.1.39]
	at org.apache.catalina.core.ApplicationFilterChain.doFilter(ApplicationFilterChain.java:140) ~[tomcat-embed-core-10.1.39.jar:10.1.39]
	at org.springframework.web.filter.CompositeFilter$VirtualFilterChain.doFilter(CompositeFilter.java:108) ~[spring-web-6.2.5.jar:6.2.5]
	at org.springframework.security.web.FilterChainProxy.lambda$doFilterInternal$3(FilterChainProxy.java:231) ~[spring-security-web-6.4.4.jar:6.4.4]
	at org.springframework.security.web.FilterChainProxy$VirtualFilterChain.doFilter(FilterChainProxy.java:365) ~[spring-security-web-6.4.4.jar:6.4.4]
	at org.springframework.security.web.access.intercept.AuthorizationFilter.doFilter(AuthorizationFilter.java:101) ~[spring-security-web-6.4.4.jar:6.4.4]
	at org.springframework.security.web.FilterChainProxy$VirtualFilterChain.doFilter(FilterChainProxy.java:374) ~[spring-security-web-6.4.4.jar:6.4.4]
	at org.springframework.security.web.access.ExceptionTranslationFilter.doFilter(ExceptionTranslationFilter.java:126) ~[spring-security-web-6.4.4.jar:6.4.4]
	at org.springframework.security.web.access.ExceptionTranslationFilter.doFilter(ExceptionTranslationFilter.java:120) ~[spring-security-web-6.4.4.jar:6.4.4]
	at org.springframework.security.web.FilterChainProxy$VirtualFilterChain.doFilter(FilterChainProxy.java:374) ~[spring-security-web-6.4.4.jar:6.4.4]
	at org.springframework.security.web.authentication.AnonymousAuthenticationFilter.doFilter(AnonymousAuthenticationFilter.java:100) ~[spring-security-web-6.4.4.jar:6.4.4]
	at org.springframework.security.web.FilterChainProxy$VirtualFilterChain.doFilter(FilterChainProxy.java:374) ~[spring-security-web-6.4.4.jar:6.4.4]
	at org.springframework.security.web.servletapi.SecurityContextHolderAwareRequestFilter.doFilter(SecurityContextHolderAwareRequestFilter.java:179) ~[spring-security-web-6.4.4.jar:6.4.4]
	at org.springframework.security.web.FilterChainProxy$VirtualFilterChain.doFilter(FilterChainProxy.java:374) ~[spring-security-web-6.4.4.jar:6.4.4]
	at org.springframework.security.web.savedrequest.RequestCacheAwareFilter.doFilter(RequestCacheAwareFilter.java:63) ~[spring-security-web-6.4.4.jar:6.4.4]
	at org.springframework.security.web.FilterChainProxy$VirtualFilterChain.doFilter(FilterChainProxy.java:374) ~[spring-security-web-6.4.4.jar:6.4.4]
	at com.duoc.backend.JWTAuthorizationFilter.doFilterInternal(JWTAuthorizationFilter.java:70) ~[classes/:na]
	at org.springframework.web.filter.OncePerRequestFilter.doFilter(OncePerRequestFilter.java:116) ~[spring-web-6.2.5.jar:6.2.5]
	at org.springframework.security.web.FilterChainProxy$VirtualFilterChain.doFilter(FilterChainProxy.java:374) ~[spring-security-web-6.4.4.jar:6.4.4]
	at org.springframework.security.web.authentication.logout.LogoutFilter.doFilter(LogoutFilter.java:107) ~[spring-security-web-6.4.4.jar:6.4.4]
	at org.springframework.security.web.authentication.logout.LogoutFilter.doFilter(LogoutFilter.java:93) ~[spring-security-web-6.4.4.jar:6.4.4]
	at org.springframework.security.web.FilterChainProxy$VirtualFilterChain.doFilter(FilterChainProxy.java:374) ~[spring-security-web-6.4.4.jar:6.4.4]
	at org.springframework.security.web.header.HeaderWriterFilter.doHeadersAfter(HeaderWriterFilter.java:90) ~[spring-security-web-6.4.4.jar:6.4.4]
	at org.springframework.security.web.header.HeaderWriterFilter.doFilterInternal(HeaderWriterFilter.java:75) ~[spring-security-web-6.4.4.jar:6.4.4]
	at org.springframework.web.filter.OncePerRequestFilter.doFilter(OncePerRequestFilter.java:116) ~[spring-web-6.2.5.jar:6.2.5]
	at org.springframework.security.web.FilterChainProxy$VirtualFilterChain.doFilter(FilterChainProxy.java:374) ~[spring-security-web-6.4.4.jar:6.4.4]
	at org.springframework.security.web.context.SecurityContextHolderFilter.doFilter(SecurityContextHolderFilter.java:82) ~[spring-security-web-6.4.4.jar:6.4.4]
	at org.springframework.security.web.context.SecurityContextHolderFilter.doFilter(SecurityContextHolderFilter.java:69) ~[spring-security-web-6.4.4.jar:6.4.4]
	at org.springframework.security.web.FilterChainProxy$VirtualFilterChain.doFilter(FilterChainProxy.java:374) ~[spring-security-web-6.4.4.jar:6.4.4]
	at org.springframework.security.web.context.request.async.WebAsyncManagerIntegrationFilter.doFilterInternal(WebAsyncManagerIntegrationFilter.java:62) ~[spring-security-web-6.4.4.jar:6.4.4]
	at org.springframework.web.filter.OncePerRequestFilter.doFilter(OncePerRequestFilter.java:116) ~[spring-web-6.2.5.jar:6.2.5]
	at org.springframework.security.web.FilterChainProxy$VirtualFilterChain.doFilter(FilterChainProxy.java:374) ~[spring-security-web-6.4.4.jar:6.4.4]
	at org.springframework.security.web.session.DisableEncodeUrlFilter.doFilterInternal(DisableEncodeUrlFilter.java:42) ~[spring-security-web-6.4.4.jar:6.4.4]
	at org.springframework.web.filter.OncePerRequestFilter.doFilter(OncePerRequestFilter.java:116) ~[spring-web-6.2.5.jar:6.2.5]
	at org.springframework.security.web.FilterChainProxy$VirtualFilterChain.doFilter(FilterChainProxy.java:374) ~[spring-security-web-6.4.4.jar:6.4.4]
	at org.springframework.security.web.FilterChainProxy.doFilterInternal(FilterChainProxy.java:233) ~[spring-security-web-6.4.4.jar:6.4.4]
	at org.springframework.security.web.FilterChainProxy.doFilter(FilterChainProxy.java:191) ~[spring-security-web-6.4.4.jar:6.4.4]
	at org.springframework.web.filter.CompositeFilter$VirtualFilterChain.doFilter(CompositeFilter.java:113) ~[spring-web-6.2.5.jar:6.2.5]
	at org.springframework.web.servlet.handler.HandlerMappingIntrospector.lambda$createCacheFilter$3(HandlerMappingIntrospector.java:243) ~[spring-webmvc-6.2.5.jar:6.2.5]
	at org.springframework.web.filter.CompositeFilter$VirtualFilterChain.doFilter(CompositeFilter.java:113) ~[spring-web-6.2.5.jar:6.2.5]
	at org.springframework.web.filter.CompositeFilter.doFilter(CompositeFilter.java:74) ~[spring-web-6.2.5.jar:6.2.5]
	at org.springframework.security.config.annotation.web.configuration.WebMvcSecurityConfiguration$CompositeFilterChainProxy.doFilter(WebMvcSecurityConfiguration.java:238) ~[spring-security-config-6.4.4.jar:6.4.4]
	at org.springframework.web.filter.DelegatingFilterProxy.invokeDelegate(DelegatingFilterProxy.java:362) ~[spring-web-6.2.5.jar:6.2.5]
	at org.springframework.web.filter.DelegatingFilterProxy.doFilter(DelegatingFilterProxy.java:278) ~[spring-web-6.2.5.jar:6.2.5]
	at org.apache.catalina.core.ApplicationFilterChain.internalDoFilter(ApplicationFilterChain.java:164) ~[tomcat-embed-core-10.1.39.jar:10.1.39]
	at org.apache.catalina.core.ApplicationFilterChain.doFilter(ApplicationFilterChain.java:140) ~[tomcat-embed-core-10.1.39.jar:10.1.39]
	at org.springframework.web.filter.RequestContextFilter.doFilterInternal(RequestContextFilter.java:100) ~[spring-web-6.2.5.jar:6.2.5]
	at org.springframework.web.filter.OncePerRequestFilter.doFilter(OncePerRequestFilter.java:116) ~[spring-web-6.2.5.jar:6.2.5]
	at org.apache.catalina.core.ApplicationFilterChain.internalDoFilter(ApplicationFilterChain.java:164) ~[tomcat-embed-core-10.1.39.jar:10.1.39]
	at org.apache.catalina.core.ApplicationFilterChain.doFilter(ApplicationFilterChain.java:140) ~[tomcat-embed-core-10.1.39.jar:10.1.39]
	at org.springframework.web.filter.FormContentFilter.doFilterInternal(FormContentFilter.java:93) ~[spring-web-6.2.5.jar:6.2.5]
	at org.springframework.web.filter.OncePerRequestFilter.doFilter(OncePerRequestFilter.java:116) ~[spring-web-6.2.5.jar:6.2.5]
	at org.apache.catalina.core.ApplicationFilterChain.internalDoFilter(ApplicationFilterChain.java:164) ~[tomcat-embed-core-10.1.39.jar:10.1.39]
	at org.apache.catalina.core.ApplicationFilterChain.doFilter(ApplicationFilterChain.java:140) ~[tomcat-embed-core-10.1.39.jar:10.1.39]
	at org.springframework.web.filter.CharacterEncodingFilter.doFilterInternal(CharacterEncodingFilter.java:201) ~[spring-web-6.2.5.jar:6.2.5]
	at org.springframework.web.filter.OncePerRequestFilter.doFilter(OncePerRequestFilter.java:116) ~[spring-web-6.2.5.jar:6.2.5]
	at org.apache.catalina.core.ApplicationFilterChain.internalDoFilter(ApplicationFilterChain.java:164) ~[tomcat-embed-core-10.1.39.jar:10.1.39]
	at org.apache.catalina.core.ApplicationFilterChain.doFilter(ApplicationFilterChain.java:140) ~[tomcat-embed-core-10.1.39.jar:10.1.39]
	at org.apache.catalina.core.StandardWrapperValve.invoke(StandardWrapperValve.java:167) ~[tomcat-embed-core-10.1.39.jar:10.1.39]
	at org.apache.catalina.core.StandardContextValve.invoke(StandardContextValve.java:90) ~[tomcat-embed-core-10.1.39.jar:10.1.39]
	at org.apache.catalina.authenticator.AuthenticatorBase.invoke(AuthenticatorBase.java:483) ~[tomcat-embed-core-10.1.39.jar:10.1.39]
	at org.apache.catalina.core.StandardHostValve.invoke(StandardHostValve.java:115) ~[tomcat-embed-core-10.1.39.jar:10.1.39]
	at org.apache.catalina.valves.ErrorReportValve.invoke(ErrorReportValve.java:93) ~[tomcat-embed-core-10.1.39.jar:10.1.39]
	at org.apache.catalina.core.StandardEngineValve.invoke(StandardEngineValve.java:74) ~[tomcat-embed-core-10.1.39.jar:10.1.39]
	at org.apache.catalina.connector.CoyoteAdapter.service(CoyoteAdapter.java:344) ~[tomcat-embed-core-10.1.39.jar:10.1.39]
	at org.apache.coyote.http11.Http11Processor.service(Http11Processor.java:397) ~[tomcat-embed-core-10.1.39.jar:10.1.39]
	at org.apache.coyote.AbstractProcessorLight.process(AbstractProcessorLight.java:63) ~[tomcat-embed-core-10.1.39.jar:10.1.39]
	at org.apache.coyote.AbstractProtocol$ConnectionHandler.process(AbstractProtocol.java:905) ~[tomcat-embed-core-10.1.39.jar:10.1.39]
	at org.apache.tomcat.util.net.NioEndpoint$SocketProcessor.doRun(NioEndpoint.java:1743) ~[tomcat-embed-core-10.1.39.jar:10.1.39]
	at org.apache.tomcat.util.net.SocketProcessorBase.run(SocketProcessorBase.java:52) ~[tomcat-embed-core-10.1.39.jar:10.1.39]
	at org.apache.tomcat.util.threads.ThreadPoolExecutor.runWorker(ThreadPoolExecutor.java:1190) ~[tomcat-embed-core-10.1.39.jar:10.1.39]
	at org.apache.tomcat.util.threads.ThreadPoolExecutor$Worker.run(ThreadPoolExecutor.java:659) ~[tomcat-embed-core-10.1.39.jar:10.1.39]
	at org.apache.tomcat.util.threads.TaskThread$WrappingRunnable.run(TaskThread.java:63) ~[tomcat-embed-core-10.1.39.jar:10.1.39]
	at java.base/java.lang.Thread.run(Thread.java:842) ~[na:na]

2026-08-31T13:45:23.974-04:00 DEBUG 20072 --- [backend] [http-nio-8180-exec-1] org.hibernate.orm.sql.ast.tree           : SQL AST Tree:
    SelectStatement {
      FromClause {
        StandardTableGroup (a1 : com.duoc.backend.appointment.Appointment(16)) {
          primaryTableReference : appointment as a1_0
        }
      }
    }

2026-08-31T13:45:23.974-04:00 DEBUG 20072 --- [backend] [http-nio-8180-exec-1] org.hibernate.orm.sql.exec               : Skipping reading Query result cache data: cache-enabled = false, cache-mode = NORMAL
2026-08-31T13:45:23.974-04:00 TRACE 20072 --- [backend] [http-nio-8180-exec-1] o.h.s.r.j.i.DeferredResultSetAccess      : Executing query to retrieve ResultSet : select a1_0.id,a1_0.date,a1_0.reason,a1_0.time,a1_0.veterinarian from appointment a1_0
2026-08-31T13:45:23.974-04:00 DEBUG 20072 --- [backend] [http-nio-8180-exec-1] org.hibernate.SQL                        : select a1_0.id,a1_0.date,a1_0.reason,a1_0.time,a1_0.veterinarian from appointment a1_0
2026-08-31T13:45:23.975-04:00 TRACE 20072 --- [backend] [http-nio-8180-exec-1] o.h.r.j.i.ResourceRegistryStandardImpl   : Registering statement [HikariProxyPreparedStatement@165309981 wrapping com.mysql.cj.jdbc.ClientPreparedStatement: select a1_0.id,a1_0.date,a1_0.reason,a1_0.time,a1_0.veterinarian from appointment a1_0]
2026-08-31T13:45:23.977-04:00 TRACE 20072 --- [backend] [http-nio-8180-exec-1] o.h.e.jdbc.internal.JdbcCoordinatorImpl  : Registering last query statement [HikariProxyPreparedStatement@165309981 wrapping com.mysql.cj.jdbc.ClientPreparedStatement: select a1_0.id,a1_0.date,a1_0.reason,a1_0.time,a1_0.veterinarian from appointment a1_0]
2026-08-31T13:45:23.982-04:00 TRACE 20072 --- [backend] [http-nio-8180-exec-1] o.h.r.j.i.ResourceRegistryStandardImpl   : Registering result set [HikariProxyResultSet@523088336 wrapping com.mysql.cj.jdbc.result.ResultSetImpl@6e55994a]
2026-08-31T13:45:23.983-04:00 TRACE 20072 --- [backend] [http-nio-8180-exec-1] org.hibernate.orm.results                : Registering initializer : EntityJoinedFetchInitializer(com.duoc.backend.appointment.Appointment(16))
2026-08-31T13:45:23.983-04:00 DEBUG 20072 --- [backend] [http-nio-8180-exec-1] org.hibernate.orm.results                : Initializer list:
	  com.duoc.backend.appointment.Appointment(16) -> EntityJoinedFetchInitializer(com.duoc.backend.appointment.Appointment(16))@782533800 (SingleTableEntityPersister(com.duoc.backend.appointment.Appointment))

2026-08-31T13:45:23.983-04:00 TRACE 20072 --- [backend] [http-nio-8180-exec-1] org.hibernate.orm.jdbc.extract           : extracted value (1:BIGINT) -> [3]
2026-08-31T13:45:23.984-04:00 TRACE 20072 --- [backend] [http-nio-8180-exec-1] org.hibernate.orm.jdbc.extract           : extracted value (2:DATE) -> [2026-09-03]
2026-08-31T13:45:23.984-04:00 TRACE 20072 --- [backend] [http-nio-8180-exec-1] org.hibernate.orm.jdbc.extract           : extracted value (3:VARCHAR) -> [Control dental]
2026-08-31T13:45:23.984-04:00 TRACE 20072 --- [backend] [http-nio-8180-exec-1] org.hibernate.orm.jdbc.extract           : extracted value (4:TIME) -> [15:00]
2026-08-31T13:45:23.984-04:00 TRACE 20072 --- [backend] [http-nio-8180-exec-1] org.hibernate.orm.jdbc.extract           : extracted value (5:VARCHAR) -> [Dra. Pérez]
2026-08-31T13:45:23.985-04:00 TRACE 20072 --- [backend] [http-nio-8180-exec-1] org.hibernate.orm.jdbc.extract           : extracted value (1:BIGINT) -> [4]
2026-08-31T13:45:23.985-04:00 TRACE 20072 --- [backend] [http-nio-8180-exec-1] org.hibernate.orm.jdbc.extract           : extracted value (2:DATE) -> [2026-09-04]
2026-08-31T13:45:23.985-04:00 TRACE 20072 --- [backend] [http-nio-8180-exec-1] org.hibernate.orm.jdbc.extract           : extracted value (3:VARCHAR) -> [Control preventivo]
2026-08-31T13:45:23.985-04:00 TRACE 20072 --- [backend] [http-nio-8180-exec-1] org.hibernate.orm.jdbc.extract           : extracted value (4:TIME) -> [16:30]
2026-08-31T13:45:23.985-04:00 TRACE 20072 --- [backend] [http-nio-8180-exec-1] org.hibernate.orm.jdbc.extract           : extracted value (5:VARCHAR) -> [Dr. Soto]
2026-08-31T13:45:23.985-04:00 TRACE 20072 --- [backend] [http-nio-8180-exec-1] org.hibernate.orm.jdbc.extract           : extracted value (1:BIGINT) -> [5]
2026-08-31T13:45:23.986-04:00 TRACE 20072 --- [backend] [http-nio-8180-exec-1] org.hibernate.orm.jdbc.extract           : extracted value (2:DATE) -> [2026-09-01]
2026-08-31T13:45:23.986-04:00 TRACE 20072 --- [backend] [http-nio-8180-exec-1] org.hibernate.orm.jdbc.extract           : extracted value (3:VARCHAR) -> [Control general]
2026-08-31T13:45:23.986-04:00 TRACE 20072 --- [backend] [http-nio-8180-exec-1] org.hibernate.orm.jdbc.extract           : extracted value (4:TIME) -> [10:00]
2026-08-31T13:45:23.986-04:00 TRACE 20072 --- [backend] [http-nio-8180-exec-1] org.hibernate.orm.jdbc.extract           : extracted value (5:VARCHAR) -> [Dra. Pérez]
2026-08-31T13:45:23.986-04:00 TRACE 20072 --- [backend] [http-nio-8180-exec-1] org.hibernate.orm.jdbc.extract           : extracted value (1:BIGINT) -> [6]
2026-08-31T13:45:23.986-04:00 TRACE 20072 --- [backend] [http-nio-8180-exec-1] org.hibernate.orm.jdbc.extract           : extracted value (2:DATE) -> [2026-09-02]
2026-08-31T13:45:23.986-04:00 TRACE 20072 --- [backend] [http-nio-8180-exec-1] org.hibernate.orm.jdbc.extract           : extracted value (3:VARCHAR) -> [Vacunación]
2026-08-31T13:45:23.987-04:00 TRACE 20072 --- [backend] [http-nio-8180-exec-1] org.hibernate.orm.jdbc.extract           : extracted value (4:TIME) -> [11:30]
2026-08-31T13:45:23.987-04:00 TRACE 20072 --- [backend] [http-nio-8180-exec-1] org.hibernate.orm.jdbc.extract           : extracted value (5:VARCHAR) -> [Dr. Soto]
2026-08-31T13:45:23.987-04:00 TRACE 20072 --- [backend] [http-nio-8180-exec-1] org.hibernate.orm.jdbc.extract           : extracted value (1:BIGINT) -> [7]
2026-08-31T13:45:23.987-04:00 TRACE 20072 --- [backend] [http-nio-8180-exec-1] org.hibernate.orm.jdbc.extract           : extracted value (2:DATE) -> [2026-09-03]
2026-08-31T13:45:23.987-04:00 TRACE 20072 --- [backend] [http-nio-8180-exec-1] org.hibernate.orm.jdbc.extract           : extracted value (3:VARCHAR) -> [Control dental]
2026-08-31T13:45:23.987-04:00 TRACE 20072 --- [backend] [http-nio-8180-exec-1] org.hibernate.orm.jdbc.extract           : extracted value (4:TIME) -> [15:00]
2026-08-31T13:45:23.987-04:00 TRACE 20072 --- [backend] [http-nio-8180-exec-1] org.hibernate.orm.jdbc.extract           : extracted value (5:VARCHAR) -> [Dra. Pérez]
2026-08-31T13:45:23.988-04:00 TRACE 20072 --- [backend] [http-nio-8180-exec-1] org.hibernate.orm.jdbc.extract           : extracted value (1:BIGINT) -> [8]
2026-08-31T13:45:23.988-04:00 TRACE 20072 --- [backend] [http-nio-8180-exec-1] org.hibernate.orm.jdbc.extract           : extracted value (2:DATE) -> [2026-09-04]
2026-08-31T13:45:23.988-04:00 TRACE 20072 --- [backend] [http-nio-8180-exec-1] org.hibernate.orm.jdbc.extract           : extracted value (3:VARCHAR) -> [Control preventivo]
2026-08-31T13:45:23.988-04:00 TRACE 20072 --- [backend] [http-nio-8180-exec-1] org.hibernate.orm.jdbc.extract           : extracted value (4:TIME) -> [16:30]
2026-08-31T13:45:23.988-04:00 TRACE 20072 --- [backend] [http-nio-8180-exec-1] org.hibernate.orm.jdbc.extract           : extracted value (5:VARCHAR) -> [Dr. Soto]
2026-08-31T13:45:23.988-04:00 TRACE 20072 --- [backend] [http-nio-8180-exec-1] o.h.r.j.i.ResourceRegistryStandardImpl   : Releasing result set [HikariProxyResultSet@523088336 wrapping com.mysql.cj.jdbc.result.ResultSetImpl@6e55994a]
2026-08-31T13:45:23.989-04:00 TRACE 20072 --- [backend] [http-nio-8180-exec-1] o.h.r.j.i.ResourceRegistryStandardImpl   : Closing result set [HikariProxyResultSet@523088336 wrapping com.mysql.cj.jdbc.result.ResultSetImpl@6e55994a]
2026-08-31T13:45:23.989-04:00 TRACE 20072 --- [backend] [http-nio-8180-exec-1] o.h.r.j.i.ResourceRegistryStandardImpl   : Releasing statement [HikariProxyPreparedStatement@165309981 wrapping com.mysql.cj.jdbc.ClientPreparedStatement: select a1_0.id,a1_0.date,a1_0.reason,a1_0.time,a1_0.veterinarian from appointment a1_0]
2026-08-31T13:45:23.990-04:00 TRACE 20072 --- [backend] [http-nio-8180-exec-1] o.h.r.j.i.ResourceRegistryStandardImpl   : Closing prepared statement [HikariProxyPreparedStatement@165309981 wrapping com.mysql.cj.jdbc.ClientPreparedStatement: select a1_0.id,a1_0.date,a1_0.reason,a1_0.time,a1_0.veterinarian from appointment a1_0]
2026-08-31T13:45:23.990-04:00 TRACE 20072 --- [backend] [http-nio-8180-exec-1] j.i.AbstractLogicalConnectionImplementor : LogicalConnection#afterStatement
2026-08-31T13:45:23.990-04:00 TRACE 20072 --- [backend] [http-nio-8180-exec-1] o.h.e.i.StatefulPersistenceContext       : Initializing non-lazy collections
2026-08-31T13:45:23.990-04:00 DEBUG 20072 --- [backend] [http-nio-8180-exec-1] o.h.e.t.internal.TransactionImpl         : committing
2026-08-31T13:45:23.990-04:00 TRACE 20072 --- [backend] [http-nio-8180-exec-1] cResourceLocalTransactionCoordinatorImpl : ResourceLocalTransactionCoordinatorImpl#beforeCompletionCallback
2026-08-31T13:45:23.990-04:00 TRACE 20072 --- [backend] [http-nio-8180-exec-1] org.hibernate.internal.SessionImpl       : SessionImpl#beforeTransactionCompletion()
2026-08-31T13:45:23.991-04:00 TRACE 20072 --- [backend] [http-nio-8180-exec-1] j.i.AbstractLogicalConnectionImplementor : LogicalConnection#beforeTransactionCompletion
2026-08-31T13:45:23.991-04:00 TRACE 20072 --- [backend] [http-nio-8180-exec-1] .t.i.SynchronizationRegistryStandardImpl : SynchronizationRegistryStandardImpl.notifySynchronizationsBeforeTransactionCompletion
2026-08-31T13:45:23.991-04:00 TRACE 20072 --- [backend] [http-nio-8180-exec-1] j.i.AbstractLogicalConnectionImplementor : Preparing to commit transaction via JDBC Connection.commit()
2026-08-31T13:45:23.993-04:00 TRACE 20072 --- [backend] [http-nio-8180-exec-1] j.i.AbstractLogicalConnectionImplementor : Transaction committed via JDBC Connection.commit()
2026-08-31T13:45:23.994-04:00 TRACE 20072 --- [backend] [http-nio-8180-exec-1] j.i.AbstractLogicalConnectionImplementor : re-enabling auto-commit on JDBC Connection after completion of JDBC-based transaction
2026-08-31T13:45:23.997-04:00 TRACE 20072 --- [backend] [http-nio-8180-exec-1] j.i.AbstractLogicalConnectionImplementor : LogicalConnection#afterTransaction
2026-08-31T13:45:23.997-04:00 TRACE 20072 --- [backend] [http-nio-8180-exec-1] o.h.r.j.i.ResourceRegistryStandardImpl   : Releasing JDBC resources
2026-08-31T13:45:23.997-04:00 TRACE 20072 --- [backend] [http-nio-8180-exec-1] cResourceLocalTransactionCoordinatorImpl : ResourceLocalTransactionCoordinatorImpl#afterCompletionCallback(true)
2026-08-31T13:45:23.997-04:00 TRACE 20072 --- [backend] [http-nio-8180-exec-1] .t.i.SynchronizationRegistryStandardImpl : SynchronizationRegistryStandardImpl.notifySynchronizationsAfterTransactionCompletion(3)
2026-08-31T13:45:23.997-04:00 TRACE 20072 --- [backend] [http-nio-8180-exec-1] org.hibernate.internal.SessionImpl       : SessionImpl#afterTransactionCompletion(successful=true, delayed=false)
2026-08-31T13:45:24.000-04:00 DEBUG 20072 --- [backend] [http-nio-8180-exec-1] m.m.a.RequestResponseBodyMethodProcessor : Using 'application/json', given [*/*] and supported [application/json, application/*+json]
2026-08-31T13:45:24.000-04:00 TRACE 20072 --- [backend] [http-nio-8180-exec-1] m.m.a.RequestResponseBodyMethodProcessor : Writing [[com.duoc.backend.appointment.Appointment@74d4ade7, com.duoc.backend.appointment.Appointment@605219c, com.duoc.backend.appointment.Appointment@44d867df, com.duoc.backend.appointment.Appointment@4e533a28, com.duoc.backend.appointment.Appointment@1fb90d90, com.duoc.backend.appointment.Appointment@301fd63a]]
2026-08-31T13:45:24.001-04:00 TRACE 20072 --- [backend] [http-nio-8180-exec-1] o.s.web.servlet.DispatcherServlet        : No view rendering, null ModelAndView returned.
2026-08-31T13:45:24.002-04:00 TRACE 20072 --- [backend] [http-nio-8180-exec-1] org.hibernate.internal.SessionImpl       : Closing session [fa583d98-fcbb-40dd-a861-4546975a3ae6]
2026-08-31T13:45:24.002-04:00 TRACE 20072 --- [backend] [http-nio-8180-exec-1] o.h.e.jdbc.internal.JdbcCoordinatorImpl  : Closing JDBC container [org.hibernate.engine.jdbc.internal.JdbcCoordinatorImpl@37fea979]
2026-08-31T13:45:24.002-04:00 TRACE 20072 --- [backend] [http-nio-8180-exec-1] o.h.r.j.i.ResourceRegistryStandardImpl   : Releasing JDBC resources
2026-08-31T13:45:24.002-04:00 TRACE 20072 --- [backend] [http-nio-8180-exec-1] o.h.r.j.i.LogicalConnectionManagedImpl   : Closing logical connection
2026-08-31T13:45:24.002-04:00 TRACE 20072 --- [backend] [http-nio-8180-exec-1] o.h.r.j.i.ResourceRegistryStandardImpl   : Releasing JDBC resources
2026-08-31T13:45:24.003-04:00 TRACE 20072 --- [backend] [http-nio-8180-exec-1] o.h.r.j.i.LogicalConnectionManagedImpl   : Logical connection closed
2026-08-31T13:45:24.003-04:00 DEBUG 20072 --- [backend] [http-nio-8180-exec-1] o.s.web.servlet.DispatcherServlet        : Completed 200 OK, headers={masked}
2026-08-31T13:45:33.088-04:00 DEBUG 20072 --- [backend] [http-nio-8180-exec-5] o.s.security.web.FilterChainProxy        : Securing DELETE /appointment/3
2026-08-31T13:45:33.090-04:00 DEBUG 20072 --- [backend] [http-nio-8180-exec-5] o.s.security.web.FilterChainProxy        : Secured DELETE /appointment/3
2026-08-31T13:45:33.090-04:00 TRACE 20072 --- [backend] [http-nio-8180-exec-5] o.s.web.servlet.DispatcherServlet        : DELETE "/appointment/3", parameters={}, headers={masked} in DispatcherServlet 'dispatcherServlet'
2026-08-31T13:45:33.091-04:00 TRACE 20072 --- [backend] [http-nio-8180-exec-5] s.w.s.m.m.a.RequestMappingHandlerMapping : Mapped to com.duoc.backend.appointment.AppointmentController#deleteAppointment(Long)
2026-08-31T13:45:33.091-04:00 TRACE 20072 --- [backend] [http-nio-8180-exec-5] .i.SessionFactoryImpl$SessionBuilderImpl : Opening Hibernate Session.  tenant=null
2026-08-31T13:45:33.091-04:00 TRACE 20072 --- [backend] [http-nio-8180-exec-5] org.hibernate.internal.SessionImpl       : Opened Session [41d58ebb-fe4a-42a4-86fb-8d409ef57f2b] at timestamp: 1788198333091
2026-08-31T13:45:33.092-04:00 TRACE 20072 --- [backend] [http-nio-8180-exec-5] o.s.web.method.HandlerMethod             : Arguments: [3]
2026-08-31T13:45:33.092-04:00 DEBUG 20072 --- [backend] [http-nio-8180-exec-5] o.h.e.t.internal.TransactionImpl         : On TransactionImpl creation, JpaCompliance#isJpaTransactionComplianceEnabled == false
2026-08-31T13:45:33.092-04:00 DEBUG 20072 --- [backend] [http-nio-8180-exec-5] o.h.e.t.internal.TransactionImpl         : begin
2026-08-31T13:45:33.094-04:00 TRACE 20072 --- [backend] [http-nio-8180-exec-5] j.i.AbstractLogicalConnectionImplementor : Preparing to begin transaction via JDBC Connection.setAutoCommit(false)
2026-08-31T13:45:33.096-04:00 TRACE 20072 --- [backend] [http-nio-8180-exec-5] j.i.AbstractLogicalConnectionImplementor : Transaction begun via JDBC Connection.setAutoCommit(false)
2026-08-31T13:45:33.097-04:00 TRACE 20072 --- [backend] [http-nio-8180-exec-5] cResourceLocalTransactionCoordinatorImpl : ResourceLocalTransactionCoordinatorImpl#afterBeginCallback
2026-08-31T13:45:33.097-04:00 TRACE 20072 --- [backend] [http-nio-8180-exec-5] o.h.e.internal.DefaultLoadEventListener  : Loading entity: [com.duoc.backend.appointment.Appointment#3]
2026-08-31T13:45:33.097-04:00 TRACE 20072 --- [backend] [http-nio-8180-exec-5] o.h.e.internal.DefaultLoadEventListener  : Attempting to resolve: [com.duoc.backend.appointment.Appointment#3]
2026-08-31T13:45:33.098-04:00 TRACE 20072 --- [backend] [http-nio-8180-exec-5] o.h.e.internal.DefaultLoadEventListener  : Object not resolved in any cache: [com.duoc.backend.appointment.Appointment#3]
2026-08-31T13:45:33.098-04:00 TRACE 20072 --- [backend] [http-nio-8180-exec-5] o.h.p.entity.AbstractEntityPersister     : Fetching entity: [com.duoc.backend.appointment.Appointment#3]
2026-08-31T13:45:33.098-04:00 DEBUG 20072 --- [backend] [http-nio-8180-exec-5] org.hibernate.orm.sql.exec               : Skipping reading Query result cache data: cache-enabled = false, cache-mode = IGNORE
2026-08-31T13:45:33.099-04:00 TRACE 20072 --- [backend] [http-nio-8180-exec-5] o.h.s.r.j.i.DeferredResultSetAccess      : Executing query to retrieve ResultSet : select a1_0.id,a1_0.date,a1_0.reason,a1_0.time,a1_0.veterinarian from appointment a1_0 where a1_0.id=?
2026-08-31T13:45:33.099-04:00 DEBUG 20072 --- [backend] [http-nio-8180-exec-5] org.hibernate.SQL                        : select a1_0.id,a1_0.date,a1_0.reason,a1_0.time,a1_0.veterinarian from appointment a1_0 where a1_0.id=?
2026-08-31T13:45:33.100-04:00 TRACE 20072 --- [backend] [http-nio-8180-exec-5] o.h.r.j.i.ResourceRegistryStandardImpl   : Registering statement [HikariProxyPreparedStatement@1506407999 wrapping com.mysql.cj.jdbc.ClientPreparedStatement: select a1_0.id,a1_0.date,a1_0.reason,a1_0.time,a1_0.veterinarian from appointment a1_0 where a1_0.id=** NOT SPECIFIED **]
2026-08-31T13:45:33.101-04:00 TRACE 20072 --- [backend] [http-nio-8180-exec-5] o.h.e.jdbc.internal.JdbcCoordinatorImpl  : Registering last query statement [HikariProxyPreparedStatement@1506407999 wrapping com.mysql.cj.jdbc.ClientPreparedStatement: select a1_0.id,a1_0.date,a1_0.reason,a1_0.time,a1_0.veterinarian from appointment a1_0 where a1_0.id=** NOT SPECIFIED **]
2026-08-31T13:45:33.101-04:00 TRACE 20072 --- [backend] [http-nio-8180-exec-5] org.hibernate.orm.jdbc.bind              : binding parameter (1:BIGINT) <- [3]
2026-08-31T13:45:33.104-04:00 TRACE 20072 --- [backend] [http-nio-8180-exec-5] o.h.r.j.i.ResourceRegistryStandardImpl   : Registering result set [HikariProxyResultSet@1072571584 wrapping com.mysql.cj.jdbc.result.ResultSetImpl@423bb37d]
2026-08-31T13:45:33.105-04:00 TRACE 20072 --- [backend] [http-nio-8180-exec-5] org.hibernate.orm.jdbc.extract           : extracted value (2:DATE) -> [2026-09-03]
2026-08-31T13:45:33.106-04:00 TRACE 20072 --- [backend] [http-nio-8180-exec-5] org.hibernate.orm.jdbc.extract           : extracted value (3:VARCHAR) -> [Control dental]
2026-08-31T13:45:33.107-04:00 TRACE 20072 --- [backend] [http-nio-8180-exec-5] org.hibernate.orm.jdbc.extract           : extracted value (4:TIME) -> [15:00]
2026-08-31T13:45:33.107-04:00 TRACE 20072 --- [backend] [http-nio-8180-exec-5] org.hibernate.orm.jdbc.extract           : extracted value (5:VARCHAR) -> [Dra. Pérez]
2026-08-31T13:45:33.107-04:00 TRACE 20072 --- [backend] [http-nio-8180-exec-5] o.h.r.j.i.ResourceRegistryStandardImpl   : Releasing result set [HikariProxyResultSet@1072571584 wrapping com.mysql.cj.jdbc.result.ResultSetImpl@423bb37d]
2026-08-31T13:45:33.108-04:00 TRACE 20072 --- [backend] [http-nio-8180-exec-5] o.h.r.j.i.ResourceRegistryStandardImpl   : Closing result set [HikariProxyResultSet@1072571584 wrapping com.mysql.cj.jdbc.result.ResultSetImpl@423bb37d]
2026-08-31T13:45:33.108-04:00 TRACE 20072 --- [backend] [http-nio-8180-exec-5] o.h.r.j.i.ResourceRegistryStandardImpl   : Releasing statement [HikariProxyPreparedStatement@1506407999 wrapping com.mysql.cj.jdbc.ClientPreparedStatement: select a1_0.id,a1_0.date,a1_0.reason,a1_0.time,a1_0.veterinarian from appointment a1_0 where a1_0.id=3]
2026-08-31T13:45:33.108-04:00 TRACE 20072 --- [backend] [http-nio-8180-exec-5] o.h.r.j.i.ResourceRegistryStandardImpl   : Closing prepared statement [HikariProxyPreparedStatement@1506407999 wrapping com.mysql.cj.jdbc.ClientPreparedStatement: select a1_0.id,a1_0.date,a1_0.reason,a1_0.time,a1_0.veterinarian from appointment a1_0 where a1_0.id=3]
2026-08-31T13:45:33.109-04:00 TRACE 20072 --- [backend] [http-nio-8180-exec-5] j.i.AbstractLogicalConnectionImplementor : LogicalConnection#afterStatement
2026-08-31T13:45:33.109-04:00 TRACE 20072 --- [backend] [http-nio-8180-exec-5] o.h.e.i.StatefulPersistenceContext       : Initializing non-lazy collections
2026-08-31T13:45:33.109-04:00 DEBUG 20072 --- [backend] [http-nio-8180-exec-5] o.h.j.internal.PersistenceUnitUtilImpl   : jakarta.persistence.PersistenceUnitUtil.getIdentifier is only intended to work with enhanced entities (although Hibernate also adapts this support to its proxies); however the passed entity was not enhanced (nor a proxy).. may not be able to read identifier
2026-08-31T13:45:33.110-04:00 TRACE 20072 --- [backend] [http-nio-8180-exec-5] o.h.e.i.DefaultDeleteEventListener       : Deleting a persistent instance
2026-08-31T13:45:33.110-04:00 TRACE 20072 --- [backend] [http-nio-8180-exec-5] o.h.e.i.DefaultDeleteEventListener       : Deleting [com.duoc.backend.appointment.Appointment#3]
2026-08-31T13:45:33.110-04:00 DEBUG 20072 --- [backend] [http-nio-8180-exec-5] o.h.e.t.internal.TransactionImpl         : committing
2026-08-31T13:45:33.110-04:00 TRACE 20072 --- [backend] [http-nio-8180-exec-5] cResourceLocalTransactionCoordinatorImpl : ResourceLocalTransactionCoordinatorImpl#beforeCompletionCallback
2026-08-31T13:45:33.110-04:00 TRACE 20072 --- [backend] [http-nio-8180-exec-5] org.hibernate.internal.SessionImpl       : SessionImpl#beforeTransactionCompletion()
2026-08-31T13:45:33.110-04:00 TRACE 20072 --- [backend] [http-nio-8180-exec-5] org.hibernate.internal.SessionImpl       : Automatically flushing session
2026-08-31T13:45:33.111-04:00 TRACE 20072 --- [backend] [http-nio-8180-exec-5] o.h.e.i.AbstractFlushingEventListener    : Flushing session
2026-08-31T13:45:33.111-04:00 DEBUG 20072 --- [backend] [http-nio-8180-exec-5] o.h.e.i.AbstractFlushingEventListener    : Processing flush-time cascades
2026-08-31T13:45:33.111-04:00 DEBUG 20072 --- [backend] [http-nio-8180-exec-5] o.h.e.i.AbstractFlushingEventListener    : Dirty checking collections
2026-08-31T13:45:33.111-04:00 TRACE 20072 --- [backend] [http-nio-8180-exec-5] o.h.e.i.AbstractFlushingEventListener    : Flushing entities and processing referenced collections
2026-08-31T13:45:33.111-04:00 TRACE 20072 --- [backend] [http-nio-8180-exec-5] o.h.e.i.AbstractFlushingEventListener    : Processing unreferenced collections
2026-08-31T13:45:33.111-04:00 TRACE 20072 --- [backend] [http-nio-8180-exec-5] o.h.e.i.AbstractFlushingEventListener    : Scheduling collection removes/(re)creates/updates
2026-08-31T13:45:33.111-04:00 DEBUG 20072 --- [backend] [http-nio-8180-exec-5] o.h.e.i.AbstractFlushingEventListener    : Flushed: 0 insertions, 0 updates, 1 deletions to 1 objects
2026-08-31T13:45:33.111-04:00 DEBUG 20072 --- [backend] [http-nio-8180-exec-5] o.h.e.i.AbstractFlushingEventListener    : Flushed: 0 (re)creations, 0 updates, 0 removals to 0 collections
2026-08-31T13:45:33.111-04:00 DEBUG 20072 --- [backend] [http-nio-8180-exec-5] o.hibernate.internal.util.EntityPrinter  : Listing entities:
2026-08-31T13:45:33.112-04:00 DEBUG 20072 --- [backend] [http-nio-8180-exec-5] o.hibernate.internal.util.EntityPrinter  : com.duoc.backend.appointment.Appointment{date=2026-09-03, reason=Control dental, veterinarian=Dra. Pérez, id=3, time=15:00}
2026-08-31T13:45:33.112-04:00 TRACE 20072 --- [backend] [http-nio-8180-exec-5] o.h.e.i.AbstractFlushingEventListener    : Executing flush
2026-08-31T13:45:33.113-04:00 TRACE 20072 --- [backend] [http-nio-8180-exec-5] o.h.r.j.i.ResourceRegistryStandardImpl   : Registering statement [HikariProxyPreparedStatement@1019050463 wrapping com.mysql.cj.jdbc.ClientPreparedStatement: delete from appointment where id=** NOT SPECIFIED **]
2026-08-31T13:45:33.113-04:00 TRACE 20072 --- [backend] [http-nio-8180-exec-5] o.h.r.j.i.ResourceRegistryStandardImpl   : Registering result set [null]
2026-08-31T13:45:33.113-04:00 DEBUG 20072 --- [backend] [http-nio-8180-exec-5] org.hibernate.SQL                        : delete from appointment where id=?
2026-08-31T13:45:33.113-04:00 TRACE 20072 --- [backend] [http-nio-8180-exec-5] org.hibernate.orm.jdbc.bind              : binding parameter (1:BIGINT) <- [3]
2026-08-31T13:45:33.134-04:00 TRACE 20072 --- [backend] [http-nio-8180-exec-5] o.h.r.j.i.ResourceRegistryStandardImpl   : Releasing statement [HikariProxyPreparedStatement@1019050463 wrapping com.mysql.cj.jdbc.ClientPreparedStatement: delete from appointment where id=3]
2026-08-31T13:45:33.134-04:00 TRACE 20072 --- [backend] [http-nio-8180-exec-5] o.h.r.j.i.ResourceRegistryStandardImpl   : Closing result set [null]
2026-08-31T13:45:33.134-04:00 TRACE 20072 --- [backend] [http-nio-8180-exec-5] o.h.r.j.i.ResourceRegistryStandardImpl   : Closing prepared statement [HikariProxyPreparedStatement@1019050463 wrapping com.mysql.cj.jdbc.ClientPreparedStatement: delete from appointment where id=3]
2026-08-31T13:45:33.134-04:00 TRACE 20072 --- [backend] [http-nio-8180-exec-5] o.h.e.jdbc.internal.JdbcCoordinatorImpl  : Starting after statement execution processing [ON_CLOSE]
2026-08-31T13:45:33.135-04:00 TRACE 20072 --- [backend] [http-nio-8180-exec-5] o.h.e.i.AbstractFlushingEventListener    : Post flush
2026-08-31T13:45:33.135-04:00 TRACE 20072 --- [backend] [http-nio-8180-exec-5] j.i.AbstractLogicalConnectionImplementor : LogicalConnection#beforeTransactionCompletion
2026-08-31T13:45:33.135-04:00 TRACE 20072 --- [backend] [http-nio-8180-exec-5] .t.i.SynchronizationRegistryStandardImpl : SynchronizationRegistryStandardImpl.notifySynchronizationsBeforeTransactionCompletion
2026-08-31T13:45:33.135-04:00 TRACE 20072 --- [backend] [http-nio-8180-exec-5] j.i.AbstractLogicalConnectionImplementor : Preparing to commit transaction via JDBC Connection.commit()
2026-08-31T13:45:33.143-04:00 TRACE 20072 --- [backend] [http-nio-8180-exec-5] j.i.AbstractLogicalConnectionImplementor : Transaction committed via JDBC Connection.commit()
2026-08-31T13:45:33.144-04:00 TRACE 20072 --- [backend] [http-nio-8180-exec-5] j.i.AbstractLogicalConnectionImplementor : re-enabling auto-commit on JDBC Connection after completion of JDBC-based transaction
2026-08-31T13:45:33.145-04:00 TRACE 20072 --- [backend] [http-nio-8180-exec-5] j.i.AbstractLogicalConnectionImplementor : LogicalConnection#afterTransaction
2026-08-31T13:45:33.145-04:00 TRACE 20072 --- [backend] [http-nio-8180-exec-5] o.h.r.j.i.ResourceRegistryStandardImpl   : Releasing JDBC resources
2026-08-31T13:45:33.145-04:00 TRACE 20072 --- [backend] [http-nio-8180-exec-5] cResourceLocalTransactionCoordinatorImpl : ResourceLocalTransactionCoordinatorImpl#afterCompletionCallback(true)
2026-08-31T13:45:33.145-04:00 TRACE 20072 --- [backend] [http-nio-8180-exec-5] .t.i.SynchronizationRegistryStandardImpl : SynchronizationRegistryStandardImpl.notifySynchronizationsAfterTransactionCompletion(3)
2026-08-31T13:45:33.145-04:00 TRACE 20072 --- [backend] [http-nio-8180-exec-5] org.hibernate.internal.SessionImpl       : SessionImpl#afterTransactionCompletion(successful=true, delayed=false)
2026-08-31T13:45:33.146-04:00 DEBUG 20072 --- [backend] [http-nio-8180-exec-5] m.m.a.RequestResponseBodyMethodProcessor : Using 'application/json', given [*/*] and supported [application/json, application/*+json]
2026-08-31T13:45:33.146-04:00 DEBUG 20072 --- [backend] [http-nio-8180-exec-5] m.m.a.RequestResponseBodyMethodProcessor : Nothing to write: null body
2026-08-31T13:45:33.147-04:00 TRACE 20072 --- [backend] [http-nio-8180-exec-5] s.w.s.m.m.a.RequestMappingHandlerAdapter : Applying default cacheSeconds=-1
2026-08-31T13:45:33.147-04:00 TRACE 20072 --- [backend] [http-nio-8180-exec-5] o.s.web.servlet.DispatcherServlet        : No view rendering, null ModelAndView returned.
2026-08-31T13:45:33.147-04:00 TRACE 20072 --- [backend] [http-nio-8180-exec-5] org.hibernate.internal.SessionImpl       : Closing session [41d58ebb-fe4a-42a4-86fb-8d409ef57f2b]
2026-08-31T13:45:33.147-04:00 TRACE 20072 --- [backend] [http-nio-8180-exec-5] o.h.e.jdbc.internal.JdbcCoordinatorImpl  : Closing JDBC container [org.hibernate.engine.jdbc.internal.JdbcCoordinatorImpl@6d0477dd]
2026-08-31T13:45:33.147-04:00 TRACE 20072 --- [backend] [http-nio-8180-exec-5] o.h.r.j.i.ResourceRegistryStandardImpl   : Releasing JDBC resources
2026-08-31T13:45:33.147-04:00 TRACE 20072 --- [backend] [http-nio-8180-exec-5] o.h.r.j.i.LogicalConnectionManagedImpl   : Closing logical connection
2026-08-31T13:45:33.147-04:00 TRACE 20072 --- [backend] [http-nio-8180-exec-5] o.h.r.j.i.ResourceRegistryStandardImpl   : Releasing JDBC resources
2026-08-31T13:45:33.147-04:00 TRACE 20072 --- [backend] [http-nio-8180-exec-5] o.h.r.j.i.LogicalConnectionManagedImpl   : Logical connection closed
2026-08-31T13:45:33.148-04:00 DEBUG 20072 --- [backend] [http-nio-8180-exec-5] o.s.web.servlet.DispatcherServlet        : Completed 200 OK, headers={}
2026-08-31T13:45:39.290-04:00 DEBUG 20072 --- [backend] [http-nio-8180-exec-9] o.s.security.web.FilterChainProxy        : Securing GET /appointment
2026-08-31T13:45:39.291-04:00 DEBUG 20072 --- [backend] [http-nio-8180-exec-9] o.s.security.web.FilterChainProxy        : Secured GET /appointment
2026-08-31T13:45:39.292-04:00 TRACE 20072 --- [backend] [http-nio-8180-exec-9] o.s.web.servlet.DispatcherServlet        : GET "/appointment", parameters={}, headers={masked} in DispatcherServlet 'dispatcherServlet'
2026-08-31T13:45:39.292-04:00 TRACE 20072 --- [backend] [http-nio-8180-exec-9] s.w.s.m.m.a.RequestMappingHandlerMapping : Mapped to com.duoc.backend.appointment.AppointmentController#getAllAppointments()
2026-08-31T13:45:39.292-04:00 TRACE 20072 --- [backend] [http-nio-8180-exec-9] .i.SessionFactoryImpl$SessionBuilderImpl : Opening Hibernate Session.  tenant=null
2026-08-31T13:45:39.293-04:00 TRACE 20072 --- [backend] [http-nio-8180-exec-9] org.hibernate.internal.SessionImpl       : Opened Session [570d9594-e47d-48e6-bc40-b4cbcaa31b10] at timestamp: 1788198339293
2026-08-31T13:45:39.293-04:00 TRACE 20072 --- [backend] [http-nio-8180-exec-9] o.s.web.method.HandlerMethod             : Arguments: []
2026-08-31T13:45:39.297-04:00 DEBUG 20072 --- [backend] [http-nio-8180-exec-9] o.h.e.t.internal.TransactionImpl         : On TransactionImpl creation, JpaCompliance#isJpaTransactionComplianceEnabled == false
2026-08-31T13:45:39.297-04:00 DEBUG 20072 --- [backend] [http-nio-8180-exec-9] o.h.e.t.internal.TransactionImpl         : begin
2026-08-31T13:45:39.297-04:00 TRACE 20072 --- [backend] [http-nio-8180-exec-9] j.i.AbstractLogicalConnectionImplementor : Preparing to begin transaction via JDBC Connection.setAutoCommit(false)
2026-08-31T13:45:39.299-04:00 TRACE 20072 --- [backend] [http-nio-8180-exec-9] j.i.AbstractLogicalConnectionImplementor : Transaction begun via JDBC Connection.setAutoCommit(false)
2026-08-31T13:45:39.299-04:00 TRACE 20072 --- [backend] [http-nio-8180-exec-9] cResourceLocalTransactionCoordinatorImpl : ResourceLocalTransactionCoordinatorImpl#afterBeginCallback
2026-08-31T13:45:39.300-04:00 TRACE 20072 --- [backend] [http-nio-8180-exec-9] o.h.q.sqm.sql.BaseSqmToSqlAstConverter   : Resolving SqmRoot [com.duoc.backend.appointment.Appointment] to TableGroup
2026-08-31T13:45:39.300-04:00 TRACE 20072 --- [backend] [http-nio-8180-exec-9] o.h.q.sqm.sql.BaseSqmToSqlAstConverter   : Resolving SqmRoot [com.duoc.backend.appointment.Appointment] to TableGroup
2026-08-31T13:45:39.300-04:00 DEBUG 20072 --- [backend] [http-nio-8180-exec-9] org.hibernate.orm.sql.ast.create         : Created new SQL alias : a1_0
2026-08-31T13:45:39.301-04:00 TRACE 20072 --- [backend] [http-nio-8180-exec-9] o.h.q.sqm.sql.BaseSqmToSqlAstConverter   : Resolved SqmRoot [com.duoc.backend.appointment.Appointment] to new TableGroup [StandardTableGroup(com.duoc.backend.appointment.Appointment(17))]
2026-08-31T13:45:39.301-04:00 DEBUG 20072 --- [backend] [http-nio-8180-exec-9] org.hibernate.orm.sql.ast.create         : Registration of TableGroup [StandardTableGroup(com.duoc.backend.appointment.Appointment(17))] with identifierForTableGroup [com.duoc.backend.appointment.Appointment] for NavigablePath [com.duoc.backend.appointment.Appointment] 
2026-08-31T13:45:39.301-04:00 TRACE 20072 --- [backend] [http-nio-8180-exec-9] o.h.q.sqm.sql.BaseSqmToSqlAstConverter   : Visiting explicit joins for `com.duoc.backend.appointment.Appointment(17)`
2026-08-31T13:45:39.301-04:00 TRACE 20072 --- [backend] [http-nio-8180-exec-9] o.h.q.sqm.sql.BaseSqmToSqlAstConverter   : SqmRoot [com.duoc.backend.appointment.Appointment] resolved to existing TableGroup [StandardTableGroup(com.duoc.backend.appointment.Appointment(17))]
2026-08-31T13:45:39.301-04:00 DEBUG 20072 --- [backend] [http-nio-8180-exec-9] org.hibernate.orm.results.graph.AST      : DomainResult Graph:
 \-EntityResultImpl [com.duoc.backend.appointment.Appointment(17)]
 |  +-BasicFetch [com.duoc.backend.appointment.Appointment(17).date]
 |  +-BasicFetch [com.duoc.backend.appointment.Appointment(17).reason]
 |  +-BasicFetch [com.duoc.backend.appointment.Appointment(17).time]
 |  \-BasicFetch [com.duoc.backend.appointment.Appointment(17).veterinarian]

2026-08-31T13:45:39.302-04:00 TRACE 20072 --- [backend] [http-nio-8180-exec-9] org.hibernate.orm.results.graph.AST      : Stack trace calling DomainResultGraphPrinter

java.lang.Exception: null
	at org.hibernate.sql.results.graph.DomainResultGraphPrinter.visitDomainResults(DomainResultGraphPrinter.java:70) ~[hibernate-core-6.6.11.Final.jar:6.6.11.Final]
	at org.hibernate.sql.results.graph.DomainResultGraphPrinter.logDomainResultGraph(DomainResultGraphPrinter.java:46) ~[hibernate-core-6.6.11.Final.jar:6.6.11.Final]
	at org.hibernate.sql.results.graph.DomainResultGraphPrinter.logDomainResultGraph(DomainResultGraphPrinter.java:37) ~[hibernate-core-6.6.11.Final.jar:6.6.11.Final]
	at org.hibernate.sql.ast.spi.AbstractSqlAstTranslator.translateSelect(AbstractSqlAstTranslator.java:877) ~[hibernate-core-6.6.11.Final.jar:6.6.11.Final]
	at org.hibernate.sql.ast.spi.AbstractSqlAstTranslator.translate(AbstractSqlAstTranslator.java:815) ~[hibernate-core-6.6.11.Final.jar:6.6.11.Final]
	at org.hibernate.query.sqm.internal.ConcreteSqmSelectQueryPlan.buildCacheableSqmInterpretation(ConcreteSqmSelectQueryPlan.java:510) ~[hibernate-core-6.6.11.Final.jar:6.6.11.Final]
	at org.hibernate.query.sqm.internal.ConcreteSqmSelectQueryPlan.withCacheableSqmInterpretation(ConcreteSqmSelectQueryPlan.java:388) ~[hibernate-core-6.6.11.Final.jar:6.6.11.Final]
	at org.hibernate.query.sqm.internal.ConcreteSqmSelectQueryPlan.performList(ConcreteSqmSelectQueryPlan.java:362) ~[hibernate-core-6.6.11.Final.jar:6.6.11.Final]
	at org.hibernate.query.sqm.internal.QuerySqmImpl.doList(QuerySqmImpl.java:380) ~[hibernate-core-6.6.11.Final.jar:6.6.11.Final]
	at org.hibernate.query.spi.AbstractSelectionQuery.list(AbstractSelectionQuery.java:143) ~[hibernate-core-6.6.11.Final.jar:6.6.11.Final]
	at org.hibernate.query.Query.getResultList(Query.java:120) ~[hibernate-core-6.6.11.Final.jar:6.6.11.Final]
	at org.springframework.data.jpa.repository.support.SimpleJpaRepository.findAll(SimpleJpaRepository.java:395) ~[spring-data-jpa-3.4.4.jar:3.4.4]
	at java.base/jdk.internal.reflect.NativeMethodAccessorImpl.invoke0(Native Method) ~[na:na]
	at java.base/jdk.internal.reflect.NativeMethodAccessorImpl.invoke(NativeMethodAccessorImpl.java:77) ~[na:na]
	at java.base/jdk.internal.reflect.DelegatingMethodAccessorImpl.invoke(DelegatingMethodAccessorImpl.java:43) ~[na:na]
	at java.base/java.lang.reflect.Method.invoke(Method.java:568) ~[na:na]
	at org.springframework.aop.support.AopUtils.invokeJoinpointUsingReflection(AopUtils.java:359) ~[spring-aop-6.2.5.jar:6.2.5]
	at org.springframework.data.repository.core.support.RepositoryMethodInvoker$RepositoryFragmentMethodInvoker.lambda$new$0(RepositoryMethodInvoker.java:277) ~[spring-data-commons-3.4.4.jar:3.4.4]
	at org.springframework.data.repository.core.support.RepositoryMethodInvoker.doInvoke(RepositoryMethodInvoker.java:170) ~[spring-data-commons-3.4.4.jar:3.4.4]
	at org.springframework.data.repository.core.support.RepositoryMethodInvoker.invoke(RepositoryMethodInvoker.java:158) ~[spring-data-commons-3.4.4.jar:3.4.4]
	at org.springframework.data.repository.core.support.RepositoryComposition$RepositoryFragments.invoke(RepositoryComposition.java:515) ~[spring-data-commons-3.4.4.jar:3.4.4]
	at org.springframework.data.repository.core.support.RepositoryComposition.invoke(RepositoryComposition.java:284) ~[spring-data-commons-3.4.4.jar:3.4.4]
	at org.springframework.data.repository.core.support.RepositoryFactorySupport$ImplementationMethodExecutionInterceptor.invoke(RepositoryFactorySupport.java:731) ~[spring-data-commons-3.4.4.jar:3.4.4]
	at org.springframework.aop.framework.ReflectiveMethodInvocation.proceed(ReflectiveMethodInvocation.java:184) ~[spring-aop-6.2.5.jar:6.2.5]
	at org.springframework.data.repository.core.support.QueryExecutorMethodInterceptor.doInvoke(QueryExecutorMethodInterceptor.java:174) ~[spring-data-commons-3.4.4.jar:3.4.4]
	at org.springframework.data.repository.core.support.QueryExecutorMethodInterceptor.invoke(QueryExecutorMethodInterceptor.java:149) ~[spring-data-commons-3.4.4.jar:3.4.4]
	at org.springframework.aop.framework.ReflectiveMethodInvocation.proceed(ReflectiveMethodInvocation.java:184) ~[spring-aop-6.2.5.jar:6.2.5]
	at org.springframework.transaction.interceptor.TransactionAspectSupport.invokeWithinTransaction(TransactionAspectSupport.java:380) ~[spring-tx-6.2.5.jar:6.2.5]
	at org.springframework.transaction.interceptor.TransactionInterceptor.invoke(TransactionInterceptor.java:119) ~[spring-tx-6.2.5.jar:6.2.5]
	at org.springframework.aop.framework.ReflectiveMethodInvocation.proceed(ReflectiveMethodInvocation.java:184) ~[spring-aop-6.2.5.jar:6.2.5]
	at org.springframework.dao.support.PersistenceExceptionTranslationInterceptor.invoke(PersistenceExceptionTranslationInterceptor.java:138) ~[spring-tx-6.2.5.jar:6.2.5]
	at org.springframework.aop.framework.ReflectiveMethodInvocation.proceed(ReflectiveMethodInvocation.java:184) ~[spring-aop-6.2.5.jar:6.2.5]
	at org.springframework.data.jpa.repository.support.CrudMethodMetadataPostProcessor$CrudMethodMetadataPopulatingMethodInterceptor.invoke(CrudMethodMetadataPostProcessor.java:165) ~[spring-data-jpa-3.4.4.jar:3.4.4]
	at org.springframework.aop.framework.ReflectiveMethodInvocation.proceed(ReflectiveMethodInvocation.java:184) ~[spring-aop-6.2.5.jar:6.2.5]
	at org.springframework.aop.framework.JdkDynamicAopProxy.invoke(JdkDynamicAopProxy.java:223) ~[spring-aop-6.2.5.jar:6.2.5]
	at jdk.proxy2/jdk.proxy2.$Proxy120.findAll(Unknown Source) ~[na:na]
	at com.duoc.backend.appointment.AppointmentService.getAllAppointments(AppointmentService.java:13) ~[classes/:na]
	at com.duoc.backend.appointment.AppointmentController.getAllAppointments(AppointmentController.java:17) ~[classes/:na]
	at java.base/jdk.internal.reflect.NativeMethodAccessorImpl.invoke0(Native Method) ~[na:na]
	at java.base/jdk.internal.reflect.NativeMethodAccessorImpl.invoke(NativeMethodAccessorImpl.java:77) ~[na:na]
	at java.base/jdk.internal.reflect.DelegatingMethodAccessorImpl.invoke(DelegatingMethodAccessorImpl.java:43) ~[na:na]
	at java.base/java.lang.reflect.Method.invoke(Method.java:568) ~[na:na]
	at org.springframework.web.method.support.InvocableHandlerMethod.doInvoke(InvocableHandlerMethod.java:258) ~[spring-web-6.2.5.jar:6.2.5]
	at org.springframework.web.method.support.InvocableHandlerMethod.invokeForRequest(InvocableHandlerMethod.java:191) ~[spring-web-6.2.5.jar:6.2.5]
	at org.springframework.web.servlet.mvc.method.annotation.ServletInvocableHandlerMethod.invokeAndHandle(ServletInvocableHandlerMethod.java:118) ~[spring-webmvc-6.2.5.jar:6.2.5]
	at org.springframework.web.servlet.mvc.method.annotation.RequestMappingHandlerAdapter.invokeHandlerMethod(RequestMappingHandlerAdapter.java:986) ~[spring-webmvc-6.2.5.jar:6.2.5]
	at org.springframework.web.servlet.mvc.method.annotation.RequestMappingHandlerAdapter.handleInternal(RequestMappingHandlerAdapter.java:891) ~[spring-webmvc-6.2.5.jar:6.2.5]
	at org.springframework.web.servlet.mvc.method.AbstractHandlerMethodAdapter.handle(AbstractHandlerMethodAdapter.java:87) ~[spring-webmvc-6.2.5.jar:6.2.5]
	at org.springframework.web.servlet.DispatcherServlet.doDispatch(DispatcherServlet.java:1089) ~[spring-webmvc-6.2.5.jar:6.2.5]
	at org.springframework.web.servlet.DispatcherServlet.doService(DispatcherServlet.java:979) ~[spring-webmvc-6.2.5.jar:6.2.5]
	at org.springframework.web.servlet.FrameworkServlet.processRequest(FrameworkServlet.java:1014) ~[spring-webmvc-6.2.5.jar:6.2.5]
	at org.springframework.web.servlet.FrameworkServlet.doGet(FrameworkServlet.java:903) ~[spring-webmvc-6.2.5.jar:6.2.5]
	at jakarta.servlet.http.HttpServlet.service(HttpServlet.java:564) ~[tomcat-embed-core-10.1.39.jar:6.0]
	at org.springframework.web.servlet.FrameworkServlet.service(FrameworkServlet.java:885) ~[spring-webmvc-6.2.5.jar:6.2.5]
	at jakarta.servlet.http.HttpServlet.service(HttpServlet.java:658) ~[tomcat-embed-core-10.1.39.jar:6.0]
	at org.apache.catalina.core.ApplicationFilterChain.internalDoFilter(ApplicationFilterChain.java:195) ~[tomcat-embed-core-10.1.39.jar:10.1.39]
	at org.apache.catalina.core.ApplicationFilterChain.doFilter(ApplicationFilterChain.java:140) ~[tomcat-embed-core-10.1.39.jar:10.1.39]
	at org.apache.tomcat.websocket.server.WsFilter.doFilter(WsFilter.java:51) ~[tomcat-embed-websocket-10.1.39.jar:10.1.39]
	at org.apache.catalina.core.ApplicationFilterChain.internalDoFilter(ApplicationFilterChain.java:164) ~[tomcat-embed-core-10.1.39.jar:10.1.39]
	at org.apache.catalina.core.ApplicationFilterChain.doFilter(ApplicationFilterChain.java:140) ~[tomcat-embed-core-10.1.39.jar:10.1.39]
	at org.springframework.web.filter.OncePerRequestFilter.doFilter(OncePerRequestFilter.java:110) ~[spring-web-6.2.5.jar:6.2.5]
	at org.apache.catalina.core.ApplicationFilterChain.internalDoFilter(ApplicationFilterChain.java:164) ~[tomcat-embed-core-10.1.39.jar:10.1.39]
	at org.apache.catalina.core.ApplicationFilterChain.doFilter(ApplicationFilterChain.java:140) ~[tomcat-embed-core-10.1.39.jar:10.1.39]
	at org.springframework.web.filter.CompositeFilter$VirtualFilterChain.doFilter(CompositeFilter.java:108) ~[spring-web-6.2.5.jar:6.2.5]
	at org.springframework.security.web.FilterChainProxy.lambda$doFilterInternal$3(FilterChainProxy.java:231) ~[spring-security-web-6.4.4.jar:6.4.4]
	at org.springframework.security.web.FilterChainProxy$VirtualFilterChain.doFilter(FilterChainProxy.java:365) ~[spring-security-web-6.4.4.jar:6.4.4]
	at org.springframework.security.web.access.intercept.AuthorizationFilter.doFilter(AuthorizationFilter.java:101) ~[spring-security-web-6.4.4.jar:6.4.4]
	at org.springframework.security.web.FilterChainProxy$VirtualFilterChain.doFilter(FilterChainProxy.java:374) ~[spring-security-web-6.4.4.jar:6.4.4]
	at org.springframework.security.web.access.ExceptionTranslationFilter.doFilter(ExceptionTranslationFilter.java:126) ~[spring-security-web-6.4.4.jar:6.4.4]
	at org.springframework.security.web.access.ExceptionTranslationFilter.doFilter(ExceptionTranslationFilter.java:120) ~[spring-security-web-6.4.4.jar:6.4.4]
	at org.springframework.security.web.FilterChainProxy$VirtualFilterChain.doFilter(FilterChainProxy.java:374) ~[spring-security-web-6.4.4.jar:6.4.4]
	at org.springframework.security.web.authentication.AnonymousAuthenticationFilter.doFilter(AnonymousAuthenticationFilter.java:100) ~[spring-security-web-6.4.4.jar:6.4.4]
	at org.springframework.security.web.FilterChainProxy$VirtualFilterChain.doFilter(FilterChainProxy.java:374) ~[spring-security-web-6.4.4.jar:6.4.4]
	at org.springframework.security.web.servletapi.SecurityContextHolderAwareRequestFilter.doFilter(SecurityContextHolderAwareRequestFilter.java:179) ~[spring-security-web-6.4.4.jar:6.4.4]
	at org.springframework.security.web.FilterChainProxy$VirtualFilterChain.doFilter(FilterChainProxy.java:374) ~[spring-security-web-6.4.4.jar:6.4.4]
	at org.springframework.security.web.savedrequest.RequestCacheAwareFilter.doFilter(RequestCacheAwareFilter.java:63) ~[spring-security-web-6.4.4.jar:6.4.4]
	at org.springframework.security.web.FilterChainProxy$VirtualFilterChain.doFilter(FilterChainProxy.java:374) ~[spring-security-web-6.4.4.jar:6.4.4]
	at com.duoc.backend.JWTAuthorizationFilter.doFilterInternal(JWTAuthorizationFilter.java:70) ~[classes/:na]
	at org.springframework.web.filter.OncePerRequestFilter.doFilter(OncePerRequestFilter.java:116) ~[spring-web-6.2.5.jar:6.2.5]
	at org.springframework.security.web.FilterChainProxy$VirtualFilterChain.doFilter(FilterChainProxy.java:374) ~[spring-security-web-6.4.4.jar:6.4.4]
	at org.springframework.security.web.authentication.logout.LogoutFilter.doFilter(LogoutFilter.java:107) ~[spring-security-web-6.4.4.jar:6.4.4]
	at org.springframework.security.web.authentication.logout.LogoutFilter.doFilter(LogoutFilter.java:93) ~[spring-security-web-6.4.4.jar:6.4.4]
	at org.springframework.security.web.FilterChainProxy$VirtualFilterChain.doFilter(FilterChainProxy.java:374) ~[spring-security-web-6.4.4.jar:6.4.4]
	at org.springframework.security.web.header.HeaderWriterFilter.doHeadersAfter(HeaderWriterFilter.java:90) ~[spring-security-web-6.4.4.jar:6.4.4]
	at org.springframework.security.web.header.HeaderWriterFilter.doFilterInternal(HeaderWriterFilter.java:75) ~[spring-security-web-6.4.4.jar:6.4.4]
	at org.springframework.web.filter.OncePerRequestFilter.doFilter(OncePerRequestFilter.java:116) ~[spring-web-6.2.5.jar:6.2.5]
	at org.springframework.security.web.FilterChainProxy$VirtualFilterChain.doFilter(FilterChainProxy.java:374) ~[spring-security-web-6.4.4.jar:6.4.4]
	at org.springframework.security.web.context.SecurityContextHolderFilter.doFilter(SecurityContextHolderFilter.java:82) ~[spring-security-web-6.4.4.jar:6.4.4]
	at org.springframework.security.web.context.SecurityContextHolderFilter.doFilter(SecurityContextHolderFilter.java:69) ~[spring-security-web-6.4.4.jar:6.4.4]
	at org.springframework.security.web.FilterChainProxy$VirtualFilterChain.doFilter(FilterChainProxy.java:374) ~[spring-security-web-6.4.4.jar:6.4.4]
	at org.springframework.security.web.context.request.async.WebAsyncManagerIntegrationFilter.doFilterInternal(WebAsyncManagerIntegrationFilter.java:62) ~[spring-security-web-6.4.4.jar:6.4.4]
	at org.springframework.web.filter.OncePerRequestFilter.doFilter(OncePerRequestFilter.java:116) ~[spring-web-6.2.5.jar:6.2.5]
	at org.springframework.security.web.FilterChainProxy$VirtualFilterChain.doFilter(FilterChainProxy.java:374) ~[spring-security-web-6.4.4.jar:6.4.4]
	at org.springframework.security.web.session.DisableEncodeUrlFilter.doFilterInternal(DisableEncodeUrlFilter.java:42) ~[spring-security-web-6.4.4.jar:6.4.4]
	at org.springframework.web.filter.OncePerRequestFilter.doFilter(OncePerRequestFilter.java:116) ~[spring-web-6.2.5.jar:6.2.5]
	at org.springframework.security.web.FilterChainProxy$VirtualFilterChain.doFilter(FilterChainProxy.java:374) ~[spring-security-web-6.4.4.jar:6.4.4]
	at org.springframework.security.web.FilterChainProxy.doFilterInternal(FilterChainProxy.java:233) ~[spring-security-web-6.4.4.jar:6.4.4]
	at org.springframework.security.web.FilterChainProxy.doFilter(FilterChainProxy.java:191) ~[spring-security-web-6.4.4.jar:6.4.4]
	at org.springframework.web.filter.CompositeFilter$VirtualFilterChain.doFilter(CompositeFilter.java:113) ~[spring-web-6.2.5.jar:6.2.5]
	at org.springframework.web.servlet.handler.HandlerMappingIntrospector.lambda$createCacheFilter$3(HandlerMappingIntrospector.java:243) ~[spring-webmvc-6.2.5.jar:6.2.5]
	at org.springframework.web.filter.CompositeFilter$VirtualFilterChain.doFilter(CompositeFilter.java:113) ~[spring-web-6.2.5.jar:6.2.5]
	at org.springframework.web.filter.CompositeFilter.doFilter(CompositeFilter.java:74) ~[spring-web-6.2.5.jar:6.2.5]
	at org.springframework.security.config.annotation.web.configuration.WebMvcSecurityConfiguration$CompositeFilterChainProxy.doFilter(WebMvcSecurityConfiguration.java:238) ~[spring-security-config-6.4.4.jar:6.4.4]
	at org.springframework.web.filter.DelegatingFilterProxy.invokeDelegate(DelegatingFilterProxy.java:362) ~[spring-web-6.2.5.jar:6.2.5]
	at org.springframework.web.filter.DelegatingFilterProxy.doFilter(DelegatingFilterProxy.java:278) ~[spring-web-6.2.5.jar:6.2.5]
	at org.apache.catalina.core.ApplicationFilterChain.internalDoFilter(ApplicationFilterChain.java:164) ~[tomcat-embed-core-10.1.39.jar:10.1.39]
	at org.apache.catalina.core.ApplicationFilterChain.doFilter(ApplicationFilterChain.java:140) ~[tomcat-embed-core-10.1.39.jar:10.1.39]
	at org.springframework.web.filter.RequestContextFilter.doFilterInternal(RequestContextFilter.java:100) ~[spring-web-6.2.5.jar:6.2.5]
	at org.springframework.web.filter.OncePerRequestFilter.doFilter(OncePerRequestFilter.java:116) ~[spring-web-6.2.5.jar:6.2.5]
	at org.apache.catalina.core.ApplicationFilterChain.internalDoFilter(ApplicationFilterChain.java:164) ~[tomcat-embed-core-10.1.39.jar:10.1.39]
	at org.apache.catalina.core.ApplicationFilterChain.doFilter(ApplicationFilterChain.java:140) ~[tomcat-embed-core-10.1.39.jar:10.1.39]
	at org.springframework.web.filter.FormContentFilter.doFilterInternal(FormContentFilter.java:93) ~[spring-web-6.2.5.jar:6.2.5]
	at org.springframework.web.filter.OncePerRequestFilter.doFilter(OncePerRequestFilter.java:116) ~[spring-web-6.2.5.jar:6.2.5]
	at org.apache.catalina.core.ApplicationFilterChain.internalDoFilter(ApplicationFilterChain.java:164) ~[tomcat-embed-core-10.1.39.jar:10.1.39]
	at org.apache.catalina.core.ApplicationFilterChain.doFilter(ApplicationFilterChain.java:140) ~[tomcat-embed-core-10.1.39.jar:10.1.39]
	at org.springframework.web.filter.CharacterEncodingFilter.doFilterInternal(CharacterEncodingFilter.java:201) ~[spring-web-6.2.5.jar:6.2.5]
	at org.springframework.web.filter.OncePerRequestFilter.doFilter(OncePerRequestFilter.java:116) ~[spring-web-6.2.5.jar:6.2.5]
	at org.apache.catalina.core.ApplicationFilterChain.internalDoFilter(ApplicationFilterChain.java:164) ~[tomcat-embed-core-10.1.39.jar:10.1.39]
	at org.apache.catalina.core.ApplicationFilterChain.doFilter(ApplicationFilterChain.java:140) ~[tomcat-embed-core-10.1.39.jar:10.1.39]
	at org.apache.catalina.core.StandardWrapperValve.invoke(StandardWrapperValve.java:167) ~[tomcat-embed-core-10.1.39.jar:10.1.39]
	at org.apache.catalina.core.StandardContextValve.invoke(StandardContextValve.java:90) ~[tomcat-embed-core-10.1.39.jar:10.1.39]
	at org.apache.catalina.authenticator.AuthenticatorBase.invoke(AuthenticatorBase.java:483) ~[tomcat-embed-core-10.1.39.jar:10.1.39]
	at org.apache.catalina.core.StandardHostValve.invoke(StandardHostValve.java:115) ~[tomcat-embed-core-10.1.39.jar:10.1.39]
	at org.apache.catalina.valves.ErrorReportValve.invoke(ErrorReportValve.java:93) ~[tomcat-embed-core-10.1.39.jar:10.1.39]
	at org.apache.catalina.core.StandardEngineValve.invoke(StandardEngineValve.java:74) ~[tomcat-embed-core-10.1.39.jar:10.1.39]
	at org.apache.catalina.connector.CoyoteAdapter.service(CoyoteAdapter.java:344) ~[tomcat-embed-core-10.1.39.jar:10.1.39]
	at org.apache.coyote.http11.Http11Processor.service(Http11Processor.java:397) ~[tomcat-embed-core-10.1.39.jar:10.1.39]
	at org.apache.coyote.AbstractProcessorLight.process(AbstractProcessorLight.java:63) ~[tomcat-embed-core-10.1.39.jar:10.1.39]
	at org.apache.coyote.AbstractProtocol$ConnectionHandler.process(AbstractProtocol.java:905) ~[tomcat-embed-core-10.1.39.jar:10.1.39]
	at org.apache.tomcat.util.net.NioEndpoint$SocketProcessor.doRun(NioEndpoint.java:1743) ~[tomcat-embed-core-10.1.39.jar:10.1.39]
	at org.apache.tomcat.util.net.SocketProcessorBase.run(SocketProcessorBase.java:52) ~[tomcat-embed-core-10.1.39.jar:10.1.39]
	at org.apache.tomcat.util.threads.ThreadPoolExecutor.runWorker(ThreadPoolExecutor.java:1190) ~[tomcat-embed-core-10.1.39.jar:10.1.39]
	at org.apache.tomcat.util.threads.ThreadPoolExecutor$Worker.run(ThreadPoolExecutor.java:659) ~[tomcat-embed-core-10.1.39.jar:10.1.39]
	at org.apache.tomcat.util.threads.TaskThread$WrappingRunnable.run(TaskThread.java:63) ~[tomcat-embed-core-10.1.39.jar:10.1.39]
	at java.base/java.lang.Thread.run(Thread.java:842) ~[na:na]

2026-08-31T13:45:39.306-04:00 DEBUG 20072 --- [backend] [http-nio-8180-exec-9] org.hibernate.orm.sql.ast.tree           : SQL AST Tree:
    SelectStatement {
      FromClause {
        StandardTableGroup (a1 : com.duoc.backend.appointment.Appointment(17)) {
          primaryTableReference : appointment as a1_0
        }
      }
    }

2026-08-31T13:45:39.307-04:00 DEBUG 20072 --- [backend] [http-nio-8180-exec-9] org.hibernate.orm.sql.exec               : Skipping reading Query result cache data: cache-enabled = false, cache-mode = NORMAL
2026-08-31T13:45:39.308-04:00 TRACE 20072 --- [backend] [http-nio-8180-exec-9] o.h.s.r.j.i.DeferredResultSetAccess      : Executing query to retrieve ResultSet : select a1_0.id,a1_0.date,a1_0.reason,a1_0.time,a1_0.veterinarian from appointment a1_0
2026-08-31T13:45:39.308-04:00 DEBUG 20072 --- [backend] [http-nio-8180-exec-9] org.hibernate.SQL                        : select a1_0.id,a1_0.date,a1_0.reason,a1_0.time,a1_0.veterinarian from appointment a1_0
2026-08-31T13:45:39.308-04:00 TRACE 20072 --- [backend] [http-nio-8180-exec-9] o.h.r.j.i.ResourceRegistryStandardImpl   : Registering statement [HikariProxyPreparedStatement@2044575549 wrapping com.mysql.cj.jdbc.ClientPreparedStatement: select a1_0.id,a1_0.date,a1_0.reason,a1_0.time,a1_0.veterinarian from appointment a1_0]
2026-08-31T13:45:39.309-04:00 TRACE 20072 --- [backend] [http-nio-8180-exec-9] o.h.e.jdbc.internal.JdbcCoordinatorImpl  : Registering last query statement [HikariProxyPreparedStatement@2044575549 wrapping com.mysql.cj.jdbc.ClientPreparedStatement: select a1_0.id,a1_0.date,a1_0.reason,a1_0.time,a1_0.veterinarian from appointment a1_0]
2026-08-31T13:45:39.312-04:00 TRACE 20072 --- [backend] [http-nio-8180-exec-9] o.h.r.j.i.ResourceRegistryStandardImpl   : Registering result set [HikariProxyResultSet@1979182937 wrapping com.mysql.cj.jdbc.result.ResultSetImpl@a439a73]
2026-08-31T13:45:39.313-04:00 TRACE 20072 --- [backend] [http-nio-8180-exec-9] org.hibernate.orm.results                : Registering initializer : EntityJoinedFetchInitializer(com.duoc.backend.appointment.Appointment(17))
2026-08-31T13:45:39.313-04:00 DEBUG 20072 --- [backend] [http-nio-8180-exec-9] org.hibernate.orm.results                : Initializer list:
	  com.duoc.backend.appointment.Appointment(17) -> EntityJoinedFetchInitializer(com.duoc.backend.appointment.Appointment(17))@1037188678 (SingleTableEntityPersister(com.duoc.backend.appointment.Appointment))

2026-08-31T13:45:39.313-04:00 TRACE 20072 --- [backend] [http-nio-8180-exec-9] org.hibernate.orm.jdbc.extract           : extracted value (1:BIGINT) -> [4]
2026-08-31T13:45:39.313-04:00 TRACE 20072 --- [backend] [http-nio-8180-exec-9] org.hibernate.orm.jdbc.extract           : extracted value (2:DATE) -> [2026-09-04]
2026-08-31T13:45:39.314-04:00 TRACE 20072 --- [backend] [http-nio-8180-exec-9] org.hibernate.orm.jdbc.extract           : extracted value (3:VARCHAR) -> [Control preventivo]
2026-08-31T13:45:39.314-04:00 TRACE 20072 --- [backend] [http-nio-8180-exec-9] org.hibernate.orm.jdbc.extract           : extracted value (4:TIME) -> [16:30]
2026-08-31T13:45:39.314-04:00 TRACE 20072 --- [backend] [http-nio-8180-exec-9] org.hibernate.orm.jdbc.extract           : extracted value (5:VARCHAR) -> [Dr. Soto]
2026-08-31T13:45:39.315-04:00 TRACE 20072 --- [backend] [http-nio-8180-exec-9] org.hibernate.orm.jdbc.extract           : extracted value (1:BIGINT) -> [5]
2026-08-31T13:45:39.315-04:00 TRACE 20072 --- [backend] [http-nio-8180-exec-9] org.hibernate.orm.jdbc.extract           : extracted value (2:DATE) -> [2026-09-01]
2026-08-31T13:45:39.315-04:00 TRACE 20072 --- [backend] [http-nio-8180-exec-9] org.hibernate.orm.jdbc.extract           : extracted value (3:VARCHAR) -> [Control general]
2026-08-31T13:45:39.315-04:00 TRACE 20072 --- [backend] [http-nio-8180-exec-9] org.hibernate.orm.jdbc.extract           : extracted value (4:TIME) -> [10:00]
2026-08-31T13:45:39.315-04:00 TRACE 20072 --- [backend] [http-nio-8180-exec-9] org.hibernate.orm.jdbc.extract           : extracted value (5:VARCHAR) -> [Dra. Pérez]
2026-08-31T13:45:39.315-04:00 TRACE 20072 --- [backend] [http-nio-8180-exec-9] org.hibernate.orm.jdbc.extract           : extracted value (1:BIGINT) -> [6]
2026-08-31T13:45:39.315-04:00 TRACE 20072 --- [backend] [http-nio-8180-exec-9] org.hibernate.orm.jdbc.extract           : extracted value (2:DATE) -> [2026-09-02]
2026-08-31T13:45:39.316-04:00 TRACE 20072 --- [backend] [http-nio-8180-exec-9] org.hibernate.orm.jdbc.extract           : extracted value (3:VARCHAR) -> [Vacunación]
2026-08-31T13:45:39.316-04:00 TRACE 20072 --- [backend] [http-nio-8180-exec-9] org.hibernate.orm.jdbc.extract           : extracted value (4:TIME) -> [11:30]
2026-08-31T13:45:39.316-04:00 TRACE 20072 --- [backend] [http-nio-8180-exec-9] org.hibernate.orm.jdbc.extract           : extracted value (5:VARCHAR) -> [Dr. Soto]
2026-08-31T13:45:39.316-04:00 TRACE 20072 --- [backend] [http-nio-8180-exec-9] org.hibernate.orm.jdbc.extract           : extracted value (1:BIGINT) -> [7]
2026-08-31T13:45:39.316-04:00 TRACE 20072 --- [backend] [http-nio-8180-exec-9] org.hibernate.orm.jdbc.extract           : extracted value (2:DATE) -> [2026-09-03]
2026-08-31T13:45:39.317-04:00 TRACE 20072 --- [backend] [http-nio-8180-exec-9] org.hibernate.orm.jdbc.extract           : extracted value (3:VARCHAR) -> [Control dental]
2026-08-31T13:45:39.317-04:00 TRACE 20072 --- [backend] [http-nio-8180-exec-9] org.hibernate.orm.jdbc.extract           : extracted value (4:TIME) -> [15:00]
2026-08-31T13:45:39.317-04:00 TRACE 20072 --- [backend] [http-nio-8180-exec-9] org.hibernate.orm.jdbc.extract           : extracted value (5:VARCHAR) -> [Dra. Pérez]
2026-08-31T13:45:39.317-04:00 TRACE 20072 --- [backend] [http-nio-8180-exec-9] org.hibernate.orm.jdbc.extract           : extracted value (1:BIGINT) -> [8]
2026-08-31T13:45:39.318-04:00 TRACE 20072 --- [backend] [http-nio-8180-exec-9] org.hibernate.orm.jdbc.extract           : extracted value (2:DATE) -> [2026-09-04]
2026-08-31T13:45:39.318-04:00 TRACE 20072 --- [backend] [http-nio-8180-exec-9] org.hibernate.orm.jdbc.extract           : extracted value (3:VARCHAR) -> [Control preventivo]
2026-08-31T13:45:39.318-04:00 TRACE 20072 --- [backend] [http-nio-8180-exec-9] org.hibernate.orm.jdbc.extract           : extracted value (4:TIME) -> [16:30]
2026-08-31T13:45:39.318-04:00 TRACE 20072 --- [backend] [http-nio-8180-exec-9] org.hibernate.orm.jdbc.extract           : extracted value (5:VARCHAR) -> [Dr. Soto]
2026-08-31T13:45:39.318-04:00 TRACE 20072 --- [backend] [http-nio-8180-exec-9] o.h.r.j.i.ResourceRegistryStandardImpl   : Releasing result set [HikariProxyResultSet@1979182937 wrapping com.mysql.cj.jdbc.result.ResultSetImpl@a439a73]
2026-08-31T13:45:39.319-04:00 TRACE 20072 --- [backend] [http-nio-8180-exec-9] o.h.r.j.i.ResourceRegistryStandardImpl   : Closing result set [HikariProxyResultSet@1979182937 wrapping com.mysql.cj.jdbc.result.ResultSetImpl@a439a73]
2026-08-31T13:45:39.319-04:00 TRACE 20072 --- [backend] [http-nio-8180-exec-9] o.h.r.j.i.ResourceRegistryStandardImpl   : Releasing statement [HikariProxyPreparedStatement@2044575549 wrapping com.mysql.cj.jdbc.ClientPreparedStatement: select a1_0.id,a1_0.date,a1_0.reason,a1_0.time,a1_0.veterinarian from appointment a1_0]
2026-08-31T13:45:39.319-04:00 TRACE 20072 --- [backend] [http-nio-8180-exec-9] o.h.r.j.i.ResourceRegistryStandardImpl   : Closing prepared statement [HikariProxyPreparedStatement@2044575549 wrapping com.mysql.cj.jdbc.ClientPreparedStatement: select a1_0.id,a1_0.date,a1_0.reason,a1_0.time,a1_0.veterinarian from appointment a1_0]
2026-08-31T13:45:39.319-04:00 TRACE 20072 --- [backend] [http-nio-8180-exec-9] j.i.AbstractLogicalConnectionImplementor : LogicalConnection#afterStatement
2026-08-31T13:45:39.320-04:00 TRACE 20072 --- [backend] [http-nio-8180-exec-9] o.h.e.i.StatefulPersistenceContext       : Initializing non-lazy collections
2026-08-31T13:45:39.320-04:00 DEBUG 20072 --- [backend] [http-nio-8180-exec-9] o.h.e.t.internal.TransactionImpl         : committing
2026-08-31T13:45:39.320-04:00 TRACE 20072 --- [backend] [http-nio-8180-exec-9] cResourceLocalTransactionCoordinatorImpl : ResourceLocalTransactionCoordinatorImpl#beforeCompletionCallback
2026-08-31T13:45:39.320-04:00 TRACE 20072 --- [backend] [http-nio-8180-exec-9] org.hibernate.internal.SessionImpl       : SessionImpl#beforeTransactionCompletion()
2026-08-31T13:45:39.320-04:00 TRACE 20072 --- [backend] [http-nio-8180-exec-9] j.i.AbstractLogicalConnectionImplementor : LogicalConnection#beforeTransactionCompletion
2026-08-31T13:45:39.320-04:00 TRACE 20072 --- [backend] [http-nio-8180-exec-9] .t.i.SynchronizationRegistryStandardImpl : SynchronizationRegistryStandardImpl.notifySynchronizationsBeforeTransactionCompletion
2026-08-31T13:45:39.321-04:00 TRACE 20072 --- [backend] [http-nio-8180-exec-9] j.i.AbstractLogicalConnectionImplementor : Preparing to commit transaction via JDBC Connection.commit()
2026-08-31T13:45:39.323-04:00 TRACE 20072 --- [backend] [http-nio-8180-exec-9] j.i.AbstractLogicalConnectionImplementor : Transaction committed via JDBC Connection.commit()
2026-08-31T13:45:39.323-04:00 TRACE 20072 --- [backend] [http-nio-8180-exec-9] j.i.AbstractLogicalConnectionImplementor : re-enabling auto-commit on JDBC Connection after completion of JDBC-based transaction
2026-08-31T13:45:39.324-04:00 TRACE 20072 --- [backend] [http-nio-8180-exec-9] j.i.AbstractLogicalConnectionImplementor : LogicalConnection#afterTransaction
2026-08-31T13:45:39.325-04:00 TRACE 20072 --- [backend] [http-nio-8180-exec-9] o.h.r.j.i.ResourceRegistryStandardImpl   : Releasing JDBC resources
2026-08-31T13:45:39.326-04:00 TRACE 20072 --- [backend] [http-nio-8180-exec-9] cResourceLocalTransactionCoordinatorImpl : ResourceLocalTransactionCoordinatorImpl#afterCompletionCallback(true)
2026-08-31T13:45:39.327-04:00 TRACE 20072 --- [backend] [http-nio-8180-exec-9] .t.i.SynchronizationRegistryStandardImpl : SynchronizationRegistryStandardImpl.notifySynchronizationsAfterTransactionCompletion(3)
2026-08-31T13:45:39.327-04:00 TRACE 20072 --- [backend] [http-nio-8180-exec-9] org.hibernate.internal.SessionImpl       : SessionImpl#afterTransactionCompletion(successful=true, delayed=false)
2026-08-31T13:45:39.330-04:00 DEBUG 20072 --- [backend] [http-nio-8180-exec-9] m.m.a.RequestResponseBodyMethodProcessor : Using 'application/json', given [*/*] and supported [application/json, application/*+json]
2026-08-31T13:45:39.330-04:00 TRACE 20072 --- [backend] [http-nio-8180-exec-9] m.m.a.RequestResponseBodyMethodProcessor : Writing [[com.duoc.backend.appointment.Appointment@29e24a96, com.duoc.backend.appointment.Appointment@63a5e5d4, com.duoc.backend.appointment.Appointment@75236bd1, com.duoc.backend.appointment.Appointment@59af5b3d, com.duoc.backend.appointment.Appointment@62221c64]]
2026-08-31T13:45:39.331-04:00 TRACE 20072 --- [backend] [http-nio-8180-exec-9] o.s.web.servlet.DispatcherServlet        : No view rendering, null ModelAndView returned.
2026-08-31T13:45:39.332-04:00 TRACE 20072 --- [backend] [http-nio-8180-exec-9] org.hibernate.internal.SessionImpl       : Closing session [570d9594-e47d-48e6-bc40-b4cbcaa31b10]
2026-08-31T13:45:39.332-04:00 TRACE 20072 --- [backend] [http-nio-8180-exec-9] o.h.e.jdbc.internal.JdbcCoordinatorImpl  : Closing JDBC container [org.hibernate.engine.jdbc.internal.JdbcCoordinatorImpl@2e65deb1]
2026-08-31T13:45:39.333-04:00 TRACE 20072 --- [backend] [http-nio-8180-exec-9] o.h.r.j.i.ResourceRegistryStandardImpl   : Releasing JDBC resources
2026-08-31T13:45:39.333-04:00 TRACE 20072 --- [backend] [http-nio-8180-exec-9] o.h.r.j.i.LogicalConnectionManagedImpl   : Closing logical connection
2026-08-31T13:45:39.333-04:00 TRACE 20072 --- [backend] [http-nio-8180-exec-9] o.h.r.j.i.ResourceRegistryStandardImpl   : Releasing JDBC resources
2026-08-31T13:45:39.333-04:00 TRACE 20072 --- [backend] [http-nio-8180-exec-9] o.h.r.j.i.LogicalConnectionManagedImpl   : Logical connection closed
2026-08-31T13:45:39.333-04:00 DEBUG 20072 --- [backend] [http-nio-8180-exec-9] o.s.web.servlet.DispatcherServlet        : Completed 200 OK, headers={masked}
2026-08-31T13:45:42.971-04:00 DEBUG 20072 --- [backend] [HikariPool-1 housekeeper] com.zaxxer.hikari.pool.HikariPool        : HikariPool-1 - Pool stats (total=10, active=0, idle=10, waiting=0)
2026-08-31T13:45:42.971-04:00 DEBUG 20072 --- [backend] [HikariPool-1 housekeeper] com.zaxxer.hikari.pool.HikariPool        : HikariPool-1 - Fill pool skipped, pool has sufficient level or currently being filled.
2026-08-31T13:46:02.148-04:00 DEBUG 20072 --- [backend] [http-nio-8180-exec-4] o.s.security.web.FilterChainProxy        : Securing DELETE /appointment/4
2026-08-31T13:46:02.150-04:00 DEBUG 20072 --- [backend] [http-nio-8180-exec-4] o.s.security.web.FilterChainProxy        : Secured DELETE /appointment/4
2026-08-31T13:46:02.150-04:00 TRACE 20072 --- [backend] [http-nio-8180-exec-4] o.s.web.servlet.DispatcherServlet        : DELETE "/appointment/4", parameters={}, headers={masked} in DispatcherServlet 'dispatcherServlet'
2026-08-31T13:46:02.151-04:00 TRACE 20072 --- [backend] [http-nio-8180-exec-4] s.w.s.m.m.a.RequestMappingHandlerMapping : Mapped to com.duoc.backend.appointment.AppointmentController#deleteAppointment(Long)
2026-08-31T13:46:02.151-04:00 TRACE 20072 --- [backend] [http-nio-8180-exec-4] .i.SessionFactoryImpl$SessionBuilderImpl : Opening Hibernate Session.  tenant=null
2026-08-31T13:46:02.151-04:00 TRACE 20072 --- [backend] [http-nio-8180-exec-4] org.hibernate.internal.SessionImpl       : Opened Session [eb0d2e79-7a31-4776-b53b-69cbcafc447c] at timestamp: 1788198362151
2026-08-31T13:46:02.152-04:00 TRACE 20072 --- [backend] [http-nio-8180-exec-4] o.s.web.method.HandlerMethod             : Arguments: [4]
2026-08-31T13:46:02.152-04:00 DEBUG 20072 --- [backend] [http-nio-8180-exec-4] o.h.e.t.internal.TransactionImpl         : On TransactionImpl creation, JpaCompliance#isJpaTransactionComplianceEnabled == false
2026-08-31T13:46:02.152-04:00 DEBUG 20072 --- [backend] [http-nio-8180-exec-4] o.h.e.t.internal.TransactionImpl         : begin
2026-08-31T13:46:02.156-04:00 TRACE 20072 --- [backend] [http-nio-8180-exec-4] j.i.AbstractLogicalConnectionImplementor : Preparing to begin transaction via JDBC Connection.setAutoCommit(false)
2026-08-31T13:46:02.157-04:00 TRACE 20072 --- [backend] [http-nio-8180-exec-4] j.i.AbstractLogicalConnectionImplementor : Transaction begun via JDBC Connection.setAutoCommit(false)
2026-08-31T13:46:02.159-04:00 TRACE 20072 --- [backend] [http-nio-8180-exec-4] cResourceLocalTransactionCoordinatorImpl : ResourceLocalTransactionCoordinatorImpl#afterBeginCallback
2026-08-31T13:46:02.159-04:00 TRACE 20072 --- [backend] [http-nio-8180-exec-4] o.h.e.internal.DefaultLoadEventListener  : Loading entity: [com.duoc.backend.appointment.Appointment#4]
2026-08-31T13:46:02.160-04:00 TRACE 20072 --- [backend] [http-nio-8180-exec-4] o.h.e.internal.DefaultLoadEventListener  : Attempting to resolve: [com.duoc.backend.appointment.Appointment#4]
2026-08-31T13:46:02.160-04:00 TRACE 20072 --- [backend] [http-nio-8180-exec-4] o.h.e.internal.DefaultLoadEventListener  : Object not resolved in any cache: [com.duoc.backend.appointment.Appointment#4]
2026-08-31T13:46:02.160-04:00 TRACE 20072 --- [backend] [http-nio-8180-exec-4] o.h.p.entity.AbstractEntityPersister     : Fetching entity: [com.duoc.backend.appointment.Appointment#4]
2026-08-31T13:46:02.161-04:00 DEBUG 20072 --- [backend] [http-nio-8180-exec-4] org.hibernate.orm.sql.exec               : Skipping reading Query result cache data: cache-enabled = false, cache-mode = IGNORE
2026-08-31T13:46:02.162-04:00 TRACE 20072 --- [backend] [http-nio-8180-exec-4] o.h.s.r.j.i.DeferredResultSetAccess      : Executing query to retrieve ResultSet : select a1_0.id,a1_0.date,a1_0.reason,a1_0.time,a1_0.veterinarian from appointment a1_0 where a1_0.id=?
2026-08-31T13:46:02.162-04:00 DEBUG 20072 --- [backend] [http-nio-8180-exec-4] org.hibernate.SQL                        : select a1_0.id,a1_0.date,a1_0.reason,a1_0.time,a1_0.veterinarian from appointment a1_0 where a1_0.id=?
2026-08-31T13:46:02.163-04:00 TRACE 20072 --- [backend] [http-nio-8180-exec-4] o.h.r.j.i.ResourceRegistryStandardImpl   : Registering statement [HikariProxyPreparedStatement@224850325 wrapping com.mysql.cj.jdbc.ClientPreparedStatement: select a1_0.id,a1_0.date,a1_0.reason,a1_0.time,a1_0.veterinarian from appointment a1_0 where a1_0.id=** NOT SPECIFIED **]
2026-08-31T13:46:02.164-04:00 TRACE 20072 --- [backend] [http-nio-8180-exec-4] o.h.e.jdbc.internal.JdbcCoordinatorImpl  : Registering last query statement [HikariProxyPreparedStatement@224850325 wrapping com.mysql.cj.jdbc.ClientPreparedStatement: select a1_0.id,a1_0.date,a1_0.reason,a1_0.time,a1_0.veterinarian from appointment a1_0 where a1_0.id=** NOT SPECIFIED **]
2026-08-31T13:46:02.164-04:00 TRACE 20072 --- [backend] [http-nio-8180-exec-4] org.hibernate.orm.jdbc.bind              : binding parameter (1:BIGINT) <- [4]
2026-08-31T13:46:02.168-04:00 TRACE 20072 --- [backend] [http-nio-8180-exec-4] o.h.r.j.i.ResourceRegistryStandardImpl   : Registering result set [HikariProxyResultSet@2143863497 wrapping com.mysql.cj.jdbc.result.ResultSetImpl@34cc454f]
2026-08-31T13:46:02.169-04:00 TRACE 20072 --- [backend] [http-nio-8180-exec-4] org.hibernate.orm.jdbc.extract           : extracted value (2:DATE) -> [2026-09-04]
2026-08-31T13:46:02.169-04:00 TRACE 20072 --- [backend] [http-nio-8180-exec-4] org.hibernate.orm.jdbc.extract           : extracted value (3:VARCHAR) -> [Control preventivo]
2026-08-31T13:46:02.172-04:00 TRACE 20072 --- [backend] [http-nio-8180-exec-4] org.hibernate.orm.jdbc.extract           : extracted value (4:TIME) -> [16:30]
2026-08-31T13:46:02.173-04:00 TRACE 20072 --- [backend] [http-nio-8180-exec-4] org.hibernate.orm.jdbc.extract           : extracted value (5:VARCHAR) -> [Dr. Soto]
2026-08-31T13:46:02.173-04:00 TRACE 20072 --- [backend] [http-nio-8180-exec-4] o.h.r.j.i.ResourceRegistryStandardImpl   : Releasing result set [HikariProxyResultSet@2143863497 wrapping com.mysql.cj.jdbc.result.ResultSetImpl@34cc454f]
2026-08-31T13:46:02.174-04:00 TRACE 20072 --- [backend] [http-nio-8180-exec-4] o.h.r.j.i.ResourceRegistryStandardImpl   : Closing result set [HikariProxyResultSet@2143863497 wrapping com.mysql.cj.jdbc.result.ResultSetImpl@34cc454f]
2026-08-31T13:46:02.174-04:00 TRACE 20072 --- [backend] [http-nio-8180-exec-4] o.h.r.j.i.ResourceRegistryStandardImpl   : Releasing statement [HikariProxyPreparedStatement@224850325 wrapping com.mysql.cj.jdbc.ClientPreparedStatement: select a1_0.id,a1_0.date,a1_0.reason,a1_0.time,a1_0.veterinarian from appointment a1_0 where a1_0.id=4]
2026-08-31T13:46:02.175-04:00 TRACE 20072 --- [backend] [http-nio-8180-exec-4] o.h.r.j.i.ResourceRegistryStandardImpl   : Closing prepared statement [HikariProxyPreparedStatement@224850325 wrapping com.mysql.cj.jdbc.ClientPreparedStatement: select a1_0.id,a1_0.date,a1_0.reason,a1_0.time,a1_0.veterinarian from appointment a1_0 where a1_0.id=4]
2026-08-31T13:46:02.175-04:00 TRACE 20072 --- [backend] [http-nio-8180-exec-4] j.i.AbstractLogicalConnectionImplementor : LogicalConnection#afterStatement
2026-08-31T13:46:02.175-04:00 TRACE 20072 --- [backend] [http-nio-8180-exec-4] o.h.e.i.StatefulPersistenceContext       : Initializing non-lazy collections
2026-08-31T13:46:02.175-04:00 DEBUG 20072 --- [backend] [http-nio-8180-exec-4] o.h.j.internal.PersistenceUnitUtilImpl   : jakarta.persistence.PersistenceUnitUtil.getIdentifier is only intended to work with enhanced entities (although Hibernate also adapts this support to its proxies); however the passed entity was not enhanced (nor a proxy).. may not be able to read identifier
2026-08-31T13:46:02.175-04:00 TRACE 20072 --- [backend] [http-nio-8180-exec-4] o.h.e.i.DefaultDeleteEventListener       : Deleting a persistent instance
2026-08-31T13:46:02.176-04:00 TRACE 20072 --- [backend] [http-nio-8180-exec-4] o.h.e.i.DefaultDeleteEventListener       : Deleting [com.duoc.backend.appointment.Appointment#4]
2026-08-31T13:46:02.176-04:00 DEBUG 20072 --- [backend] [http-nio-8180-exec-4] o.h.e.t.internal.TransactionImpl         : committing
2026-08-31T13:46:02.176-04:00 TRACE 20072 --- [backend] [http-nio-8180-exec-4] cResourceLocalTransactionCoordinatorImpl : ResourceLocalTransactionCoordinatorImpl#beforeCompletionCallback
2026-08-31T13:46:02.176-04:00 TRACE 20072 --- [backend] [http-nio-8180-exec-4] org.hibernate.internal.SessionImpl       : SessionImpl#beforeTransactionCompletion()
2026-08-31T13:46:02.176-04:00 TRACE 20072 --- [backend] [http-nio-8180-exec-4] org.hibernate.internal.SessionImpl       : Automatically flushing session
2026-08-31T13:46:02.176-04:00 TRACE 20072 --- [backend] [http-nio-8180-exec-4] o.h.e.i.AbstractFlushingEventListener    : Flushing session
2026-08-31T13:46:02.177-04:00 DEBUG 20072 --- [backend] [http-nio-8180-exec-4] o.h.e.i.AbstractFlushingEventListener    : Processing flush-time cascades
2026-08-31T13:46:02.177-04:00 DEBUG 20072 --- [backend] [http-nio-8180-exec-4] o.h.e.i.AbstractFlushingEventListener    : Dirty checking collections
2026-08-31T13:46:02.177-04:00 TRACE 20072 --- [backend] [http-nio-8180-exec-4] o.h.e.i.AbstractFlushingEventListener    : Flushing entities and processing referenced collections
2026-08-31T13:46:02.177-04:00 TRACE 20072 --- [backend] [http-nio-8180-exec-4] o.h.e.i.AbstractFlushingEventListener    : Processing unreferenced collections
2026-08-31T13:46:02.178-04:00 TRACE 20072 --- [backend] [http-nio-8180-exec-4] o.h.e.i.AbstractFlushingEventListener    : Scheduling collection removes/(re)creates/updates
2026-08-31T13:46:02.178-04:00 DEBUG 20072 --- [backend] [http-nio-8180-exec-4] o.h.e.i.AbstractFlushingEventListener    : Flushed: 0 insertions, 0 updates, 1 deletions to 1 objects
2026-08-31T13:46:02.179-04:00 DEBUG 20072 --- [backend] [http-nio-8180-exec-4] o.h.e.i.AbstractFlushingEventListener    : Flushed: 0 (re)creations, 0 updates, 0 removals to 0 collections
2026-08-31T13:46:02.179-04:00 DEBUG 20072 --- [backend] [http-nio-8180-exec-4] o.hibernate.internal.util.EntityPrinter  : Listing entities:
2026-08-31T13:46:02.179-04:00 DEBUG 20072 --- [backend] [http-nio-8180-exec-4] o.hibernate.internal.util.EntityPrinter  : com.duoc.backend.appointment.Appointment{date=2026-09-04, reason=Control preventivo, veterinarian=Dr. Soto, id=4, time=16:30}
2026-08-31T13:46:02.179-04:00 TRACE 20072 --- [backend] [http-nio-8180-exec-4] o.h.e.i.AbstractFlushingEventListener    : Executing flush
2026-08-31T13:46:02.180-04:00 TRACE 20072 --- [backend] [http-nio-8180-exec-4] o.h.r.j.i.ResourceRegistryStandardImpl   : Registering statement [HikariProxyPreparedStatement@1575748442 wrapping com.mysql.cj.jdbc.ClientPreparedStatement: delete from appointment where id=** NOT SPECIFIED **]
2026-08-31T13:46:02.180-04:00 TRACE 20072 --- [backend] [http-nio-8180-exec-4] o.h.r.j.i.ResourceRegistryStandardImpl   : Registering result set [null]
2026-08-31T13:46:02.180-04:00 DEBUG 20072 --- [backend] [http-nio-8180-exec-4] org.hibernate.SQL                        : delete from appointment where id=?
2026-08-31T13:46:02.180-04:00 TRACE 20072 --- [backend] [http-nio-8180-exec-4] org.hibernate.orm.jdbc.bind              : binding parameter (1:BIGINT) <- [4]
2026-08-31T13:46:02.187-04:00 TRACE 20072 --- [backend] [http-nio-8180-exec-4] o.h.r.j.i.ResourceRegistryStandardImpl   : Releasing statement [HikariProxyPreparedStatement@1575748442 wrapping com.mysql.cj.jdbc.ClientPreparedStatement: delete from appointment where id=4]
2026-08-31T13:46:02.189-04:00 TRACE 20072 --- [backend] [http-nio-8180-exec-4] o.h.r.j.i.ResourceRegistryStandardImpl   : Closing result set [null]
2026-08-31T13:46:02.189-04:00 TRACE 20072 --- [backend] [http-nio-8180-exec-4] o.h.r.j.i.ResourceRegistryStandardImpl   : Closing prepared statement [HikariProxyPreparedStatement@1575748442 wrapping com.mysql.cj.jdbc.ClientPreparedStatement: delete from appointment where id=4]
2026-08-31T13:46:02.189-04:00 TRACE 20072 --- [backend] [http-nio-8180-exec-4] o.h.e.jdbc.internal.JdbcCoordinatorImpl  : Starting after statement execution processing [ON_CLOSE]
2026-08-31T13:46:02.192-04:00 TRACE 20072 --- [backend] [http-nio-8180-exec-4] o.h.e.i.AbstractFlushingEventListener    : Post flush
2026-08-31T13:46:02.193-04:00 TRACE 20072 --- [backend] [http-nio-8180-exec-4] j.i.AbstractLogicalConnectionImplementor : LogicalConnection#beforeTransactionCompletion
2026-08-31T13:46:02.194-04:00 TRACE 20072 --- [backend] [http-nio-8180-exec-4] .t.i.SynchronizationRegistryStandardImpl : SynchronizationRegistryStandardImpl.notifySynchronizationsBeforeTransactionCompletion
2026-08-31T13:46:02.194-04:00 TRACE 20072 --- [backend] [http-nio-8180-exec-4] j.i.AbstractLogicalConnectionImplementor : Preparing to commit transaction via JDBC Connection.commit()
2026-08-31T13:46:02.211-04:00 TRACE 20072 --- [backend] [http-nio-8180-exec-4] j.i.AbstractLogicalConnectionImplementor : Transaction committed via JDBC Connection.commit()
2026-08-31T13:46:02.212-04:00 TRACE 20072 --- [backend] [http-nio-8180-exec-4] j.i.AbstractLogicalConnectionImplementor : re-enabling auto-commit on JDBC Connection after completion of JDBC-based transaction
2026-08-31T13:46:02.213-04:00 TRACE 20072 --- [backend] [http-nio-8180-exec-4] j.i.AbstractLogicalConnectionImplementor : LogicalConnection#afterTransaction
2026-08-31T13:46:02.213-04:00 TRACE 20072 --- [backend] [http-nio-8180-exec-4] o.h.r.j.i.ResourceRegistryStandardImpl   : Releasing JDBC resources
2026-08-31T13:46:02.213-04:00 TRACE 20072 --- [backend] [http-nio-8180-exec-4] cResourceLocalTransactionCoordinatorImpl : ResourceLocalTransactionCoordinatorImpl#afterCompletionCallback(true)
2026-08-31T13:46:02.213-04:00 TRACE 20072 --- [backend] [http-nio-8180-exec-4] .t.i.SynchronizationRegistryStandardImpl : SynchronizationRegistryStandardImpl.notifySynchronizationsAfterTransactionCompletion(3)
2026-08-31T13:46:02.214-04:00 TRACE 20072 --- [backend] [http-nio-8180-exec-4] org.hibernate.internal.SessionImpl       : SessionImpl#afterTransactionCompletion(successful=true, delayed=false)
2026-08-31T13:46:02.214-04:00 DEBUG 20072 --- [backend] [http-nio-8180-exec-4] m.m.a.RequestResponseBodyMethodProcessor : Using 'application/json', given [*/*] and supported [application/json, application/*+json]
2026-08-31T13:46:02.214-04:00 DEBUG 20072 --- [backend] [http-nio-8180-exec-4] m.m.a.RequestResponseBodyMethodProcessor : Nothing to write: null body
2026-08-31T13:46:02.214-04:00 TRACE 20072 --- [backend] [http-nio-8180-exec-4] s.w.s.m.m.a.RequestMappingHandlerAdapter : Applying default cacheSeconds=-1
2026-08-31T13:46:02.214-04:00 TRACE 20072 --- [backend] [http-nio-8180-exec-4] o.s.web.servlet.DispatcherServlet        : No view rendering, null ModelAndView returned.
2026-08-31T13:46:02.215-04:00 TRACE 20072 --- [backend] [http-nio-8180-exec-4] org.hibernate.internal.SessionImpl       : Closing session [eb0d2e79-7a31-4776-b53b-69cbcafc447c]
2026-08-31T13:46:02.215-04:00 TRACE 20072 --- [backend] [http-nio-8180-exec-4] o.h.e.jdbc.internal.JdbcCoordinatorImpl  : Closing JDBC container [org.hibernate.engine.jdbc.internal.JdbcCoordinatorImpl@323b9b47]
2026-08-31T13:46:02.215-04:00 TRACE 20072 --- [backend] [http-nio-8180-exec-4] o.h.r.j.i.ResourceRegistryStandardImpl   : Releasing JDBC resources
2026-08-31T13:46:02.215-04:00 TRACE 20072 --- [backend] [http-nio-8180-exec-4] o.h.r.j.i.LogicalConnectionManagedImpl   : Closing logical connection
2026-08-31T13:46:02.215-04:00 TRACE 20072 --- [backend] [http-nio-8180-exec-4] o.h.r.j.i.ResourceRegistryStandardImpl   : Releasing JDBC resources
2026-08-31T13:46:02.215-04:00 TRACE 20072 --- [backend] [http-nio-8180-exec-4] o.h.r.j.i.LogicalConnectionManagedImpl   : Logical connection closed
2026-08-31T13:46:02.215-04:00 DEBUG 20072 --- [backend] [http-nio-8180-exec-4] o.s.web.servlet.DispatcherServlet        : Completed 200 OK, headers={}
2026-08-31T13:46:09.810-04:00 DEBUG 20072 --- [backend] [http-nio-8180-exec-8] o.s.security.web.FilterChainProxy        : Securing GET /appointment
2026-08-31T13:46:09.811-04:00 DEBUG 20072 --- [backend] [http-nio-8180-exec-8] o.s.security.web.FilterChainProxy        : Secured GET /appointment
2026-08-31T13:46:09.811-04:00 TRACE 20072 --- [backend] [http-nio-8180-exec-8] o.s.web.servlet.DispatcherServlet        : GET "/appointment", parameters={}, headers={masked} in DispatcherServlet 'dispatcherServlet'
2026-08-31T13:46:09.812-04:00 TRACE 20072 --- [backend] [http-nio-8180-exec-8] s.w.s.m.m.a.RequestMappingHandlerMapping : Mapped to com.duoc.backend.appointment.AppointmentController#getAllAppointments()
2026-08-31T13:46:09.812-04:00 TRACE 20072 --- [backend] [http-nio-8180-exec-8] .i.SessionFactoryImpl$SessionBuilderImpl : Opening Hibernate Session.  tenant=null
2026-08-31T13:46:09.812-04:00 TRACE 20072 --- [backend] [http-nio-8180-exec-8] org.hibernate.internal.SessionImpl       : Opened Session [f4224aab-24a6-4f38-bb5d-16e675bdf618] at timestamp: 1788198369812
2026-08-31T13:46:09.812-04:00 TRACE 20072 --- [backend] [http-nio-8180-exec-8] o.s.web.method.HandlerMethod             : Arguments: []
2026-08-31T13:46:09.817-04:00 DEBUG 20072 --- [backend] [http-nio-8180-exec-8] o.h.e.t.internal.TransactionImpl         : On TransactionImpl creation, JpaCompliance#isJpaTransactionComplianceEnabled == false
2026-08-31T13:46:09.818-04:00 DEBUG 20072 --- [backend] [http-nio-8180-exec-8] o.h.e.t.internal.TransactionImpl         : begin
2026-08-31T13:46:09.820-04:00 TRACE 20072 --- [backend] [http-nio-8180-exec-8] j.i.AbstractLogicalConnectionImplementor : Preparing to begin transaction via JDBC Connection.setAutoCommit(false)
2026-08-31T13:46:09.827-04:00 TRACE 20072 --- [backend] [http-nio-8180-exec-8] j.i.AbstractLogicalConnectionImplementor : Transaction begun via JDBC Connection.setAutoCommit(false)
2026-08-31T13:46:09.828-04:00 TRACE 20072 --- [backend] [http-nio-8180-exec-8] cResourceLocalTransactionCoordinatorImpl : ResourceLocalTransactionCoordinatorImpl#afterBeginCallback
2026-08-31T13:46:09.831-04:00 TRACE 20072 --- [backend] [http-nio-8180-exec-8] o.h.q.sqm.sql.BaseSqmToSqlAstConverter   : Resolving SqmRoot [com.duoc.backend.appointment.Appointment] to TableGroup
2026-08-31T13:46:09.831-04:00 TRACE 20072 --- [backend] [http-nio-8180-exec-8] o.h.q.sqm.sql.BaseSqmToSqlAstConverter   : Resolving SqmRoot [com.duoc.backend.appointment.Appointment] to TableGroup
2026-08-31T13:46:09.832-04:00 DEBUG 20072 --- [backend] [http-nio-8180-exec-8] org.hibernate.orm.sql.ast.create         : Created new SQL alias : a1_0
2026-08-31T13:46:09.832-04:00 TRACE 20072 --- [backend] [http-nio-8180-exec-8] o.h.q.sqm.sql.BaseSqmToSqlAstConverter   : Resolved SqmRoot [com.duoc.backend.appointment.Appointment] to new TableGroup [StandardTableGroup(com.duoc.backend.appointment.Appointment(18))]
2026-08-31T13:46:09.832-04:00 DEBUG 20072 --- [backend] [http-nio-8180-exec-8] org.hibernate.orm.sql.ast.create         : Registration of TableGroup [StandardTableGroup(com.duoc.backend.appointment.Appointment(18))] with identifierForTableGroup [com.duoc.backend.appointment.Appointment] for NavigablePath [com.duoc.backend.appointment.Appointment] 
2026-08-31T13:46:09.832-04:00 TRACE 20072 --- [backend] [http-nio-8180-exec-8] o.h.q.sqm.sql.BaseSqmToSqlAstConverter   : Visiting explicit joins for `com.duoc.backend.appointment.Appointment(18)`
2026-08-31T13:46:09.832-04:00 TRACE 20072 --- [backend] [http-nio-8180-exec-8] o.h.q.sqm.sql.BaseSqmToSqlAstConverter   : SqmRoot [com.duoc.backend.appointment.Appointment] resolved to existing TableGroup [StandardTableGroup(com.duoc.backend.appointment.Appointment(18))]
2026-08-31T13:46:09.832-04:00 DEBUG 20072 --- [backend] [http-nio-8180-exec-8] org.hibernate.orm.results.graph.AST      : DomainResult Graph:
 \-EntityResultImpl [com.duoc.backend.appointment.Appointment(18)]
 |  +-BasicFetch [com.duoc.backend.appointment.Appointment(18).date]
 |  +-BasicFetch [com.duoc.backend.appointment.Appointment(18).reason]
 |  +-BasicFetch [com.duoc.backend.appointment.Appointment(18).time]
 |  \-BasicFetch [com.duoc.backend.appointment.Appointment(18).veterinarian]

2026-08-31T13:46:09.833-04:00 TRACE 20072 --- [backend] [http-nio-8180-exec-8] org.hibernate.orm.results.graph.AST      : Stack trace calling DomainResultGraphPrinter

java.lang.Exception: null
	at org.hibernate.sql.results.graph.DomainResultGraphPrinter.visitDomainResults(DomainResultGraphPrinter.java:70) ~[hibernate-core-6.6.11.Final.jar:6.6.11.Final]
	at org.hibernate.sql.results.graph.DomainResultGraphPrinter.logDomainResultGraph(DomainResultGraphPrinter.java:46) ~[hibernate-core-6.6.11.Final.jar:6.6.11.Final]
	at org.hibernate.sql.results.graph.DomainResultGraphPrinter.logDomainResultGraph(DomainResultGraphPrinter.java:37) ~[hibernate-core-6.6.11.Final.jar:6.6.11.Final]
	at org.hibernate.sql.ast.spi.AbstractSqlAstTranslator.translateSelect(AbstractSqlAstTranslator.java:877) ~[hibernate-core-6.6.11.Final.jar:6.6.11.Final]
	at org.hibernate.sql.ast.spi.AbstractSqlAstTranslator.translate(AbstractSqlAstTranslator.java:815) ~[hibernate-core-6.6.11.Final.jar:6.6.11.Final]
	at org.hibernate.query.sqm.internal.ConcreteSqmSelectQueryPlan.buildCacheableSqmInterpretation(ConcreteSqmSelectQueryPlan.java:510) ~[hibernate-core-6.6.11.Final.jar:6.6.11.Final]
	at org.hibernate.query.sqm.internal.ConcreteSqmSelectQueryPlan.withCacheableSqmInterpretation(ConcreteSqmSelectQueryPlan.java:388) ~[hibernate-core-6.6.11.Final.jar:6.6.11.Final]
	at org.hibernate.query.sqm.internal.ConcreteSqmSelectQueryPlan.performList(ConcreteSqmSelectQueryPlan.java:362) ~[hibernate-core-6.6.11.Final.jar:6.6.11.Final]
	at org.hibernate.query.sqm.internal.QuerySqmImpl.doList(QuerySqmImpl.java:380) ~[hibernate-core-6.6.11.Final.jar:6.6.11.Final]
	at org.hibernate.query.spi.AbstractSelectionQuery.list(AbstractSelectionQuery.java:143) ~[hibernate-core-6.6.11.Final.jar:6.6.11.Final]
	at org.hibernate.query.Query.getResultList(Query.java:120) ~[hibernate-core-6.6.11.Final.jar:6.6.11.Final]
	at org.springframework.data.jpa.repository.support.SimpleJpaRepository.findAll(SimpleJpaRepository.java:395) ~[spring-data-jpa-3.4.4.jar:3.4.4]
	at java.base/jdk.internal.reflect.NativeMethodAccessorImpl.invoke0(Native Method) ~[na:na]
	at java.base/jdk.internal.reflect.NativeMethodAccessorImpl.invoke(NativeMethodAccessorImpl.java:77) ~[na:na]
	at java.base/jdk.internal.reflect.DelegatingMethodAccessorImpl.invoke(DelegatingMethodAccessorImpl.java:43) ~[na:na]
	at java.base/java.lang.reflect.Method.invoke(Method.java:568) ~[na:na]
	at org.springframework.aop.support.AopUtils.invokeJoinpointUsingReflection(AopUtils.java:359) ~[spring-aop-6.2.5.jar:6.2.5]
	at org.springframework.data.repository.core.support.RepositoryMethodInvoker$RepositoryFragmentMethodInvoker.lambda$new$0(RepositoryMethodInvoker.java:277) ~[spring-data-commons-3.4.4.jar:3.4.4]
	at org.springframework.data.repository.core.support.RepositoryMethodInvoker.doInvoke(RepositoryMethodInvoker.java:170) ~[spring-data-commons-3.4.4.jar:3.4.4]
	at org.springframework.data.repository.core.support.RepositoryMethodInvoker.invoke(RepositoryMethodInvoker.java:158) ~[spring-data-commons-3.4.4.jar:3.4.4]
	at org.springframework.data.repository.core.support.RepositoryComposition$RepositoryFragments.invoke(RepositoryComposition.java:515) ~[spring-data-commons-3.4.4.jar:3.4.4]
	at org.springframework.data.repository.core.support.RepositoryComposition.invoke(RepositoryComposition.java:284) ~[spring-data-commons-3.4.4.jar:3.4.4]
	at org.springframework.data.repository.core.support.RepositoryFactorySupport$ImplementationMethodExecutionInterceptor.invoke(RepositoryFactorySupport.java:731) ~[spring-data-commons-3.4.4.jar:3.4.4]
	at org.springframework.aop.framework.ReflectiveMethodInvocation.proceed(ReflectiveMethodInvocation.java:184) ~[spring-aop-6.2.5.jar:6.2.5]
	at org.springframework.data.repository.core.support.QueryExecutorMethodInterceptor.doInvoke(QueryExecutorMethodInterceptor.java:174) ~[spring-data-commons-3.4.4.jar:3.4.4]
	at org.springframework.data.repository.core.support.QueryExecutorMethodInterceptor.invoke(QueryExecutorMethodInterceptor.java:149) ~[spring-data-commons-3.4.4.jar:3.4.4]
	at org.springframework.aop.framework.ReflectiveMethodInvocation.proceed(ReflectiveMethodInvocation.java:184) ~[spring-aop-6.2.5.jar:6.2.5]
	at org.springframework.transaction.interceptor.TransactionAspectSupport.invokeWithinTransaction(TransactionAspectSupport.java:380) ~[spring-tx-6.2.5.jar:6.2.5]
	at org.springframework.transaction.interceptor.TransactionInterceptor.invoke(TransactionInterceptor.java:119) ~[spring-tx-6.2.5.jar:6.2.5]
	at org.springframework.aop.framework.ReflectiveMethodInvocation.proceed(ReflectiveMethodInvocation.java:184) ~[spring-aop-6.2.5.jar:6.2.5]
	at org.springframework.dao.support.PersistenceExceptionTranslationInterceptor.invoke(PersistenceExceptionTranslationInterceptor.java:138) ~[spring-tx-6.2.5.jar:6.2.5]
	at org.springframework.aop.framework.ReflectiveMethodInvocation.proceed(ReflectiveMethodInvocation.java:184) ~[spring-aop-6.2.5.jar:6.2.5]
	at org.springframework.data.jpa.repository.support.CrudMethodMetadataPostProcessor$CrudMethodMetadataPopulatingMethodInterceptor.invoke(CrudMethodMetadataPostProcessor.java:165) ~[spring-data-jpa-3.4.4.jar:3.4.4]
	at org.springframework.aop.framework.ReflectiveMethodInvocation.proceed(ReflectiveMethodInvocation.java:184) ~[spring-aop-6.2.5.jar:6.2.5]
	at org.springframework.aop.framework.JdkDynamicAopProxy.invoke(JdkDynamicAopProxy.java:223) ~[spring-aop-6.2.5.jar:6.2.5]
	at jdk.proxy2/jdk.proxy2.$Proxy120.findAll(Unknown Source) ~[na:na]
	at com.duoc.backend.appointment.AppointmentService.getAllAppointments(AppointmentService.java:13) ~[classes/:na]
	at com.duoc.backend.appointment.AppointmentController.getAllAppointments(AppointmentController.java:17) ~[classes/:na]
	at java.base/jdk.internal.reflect.NativeMethodAccessorImpl.invoke0(Native Method) ~[na:na]
	at java.base/jdk.internal.reflect.NativeMethodAccessorImpl.invoke(NativeMethodAccessorImpl.java:77) ~[na:na]
	at java.base/jdk.internal.reflect.DelegatingMethodAccessorImpl.invoke(DelegatingMethodAccessorImpl.java:43) ~[na:na]
	at java.base/java.lang.reflect.Method.invoke(Method.java:568) ~[na:na]
	at org.springframework.web.method.support.InvocableHandlerMethod.doInvoke(InvocableHandlerMethod.java:258) ~[spring-web-6.2.5.jar:6.2.5]
	at org.springframework.web.method.support.InvocableHandlerMethod.invokeForRequest(InvocableHandlerMethod.java:191) ~[spring-web-6.2.5.jar:6.2.5]
	at org.springframework.web.servlet.mvc.method.annotation.ServletInvocableHandlerMethod.invokeAndHandle(ServletInvocableHandlerMethod.java:118) ~[spring-webmvc-6.2.5.jar:6.2.5]
	at org.springframework.web.servlet.mvc.method.annotation.RequestMappingHandlerAdapter.invokeHandlerMethod(RequestMappingHandlerAdapter.java:986) ~[spring-webmvc-6.2.5.jar:6.2.5]
	at org.springframework.web.servlet.mvc.method.annotation.RequestMappingHandlerAdapter.handleInternal(RequestMappingHandlerAdapter.java:891) ~[spring-webmvc-6.2.5.jar:6.2.5]
	at org.springframework.web.servlet.mvc.method.AbstractHandlerMethodAdapter.handle(AbstractHandlerMethodAdapter.java:87) ~[spring-webmvc-6.2.5.jar:6.2.5]
	at org.springframework.web.servlet.DispatcherServlet.doDispatch(DispatcherServlet.java:1089) ~[spring-webmvc-6.2.5.jar:6.2.5]
	at org.springframework.web.servlet.DispatcherServlet.doService(DispatcherServlet.java:979) ~[spring-webmvc-6.2.5.jar:6.2.5]
	at org.springframework.web.servlet.FrameworkServlet.processRequest(FrameworkServlet.java:1014) ~[spring-webmvc-6.2.5.jar:6.2.5]
	at org.springframework.web.servlet.FrameworkServlet.doGet(FrameworkServlet.java:903) ~[spring-webmvc-6.2.5.jar:6.2.5]
	at jakarta.servlet.http.HttpServlet.service(HttpServlet.java:564) ~[tomcat-embed-core-10.1.39.jar:6.0]
	at org.springframework.web.servlet.FrameworkServlet.service(FrameworkServlet.java:885) ~[spring-webmvc-6.2.5.jar:6.2.5]
	at jakarta.servlet.http.HttpServlet.service(HttpServlet.java:658) ~[tomcat-embed-core-10.1.39.jar:6.0]
	at org.apache.catalina.core.ApplicationFilterChain.internalDoFilter(ApplicationFilterChain.java:195) ~[tomcat-embed-core-10.1.39.jar:10.1.39]
	at org.apache.catalina.core.ApplicationFilterChain.doFilter(ApplicationFilterChain.java:140) ~[tomcat-embed-core-10.1.39.jar:10.1.39]
	at org.apache.tomcat.websocket.server.WsFilter.doFilter(WsFilter.java:51) ~[tomcat-embed-websocket-10.1.39.jar:10.1.39]
	at org.apache.catalina.core.ApplicationFilterChain.internalDoFilter(ApplicationFilterChain.java:164) ~[tomcat-embed-core-10.1.39.jar:10.1.39]
	at org.apache.catalina.core.ApplicationFilterChain.doFilter(ApplicationFilterChain.java:140) ~[tomcat-embed-core-10.1.39.jar:10.1.39]
	at org.springframework.web.filter.OncePerRequestFilter.doFilter(OncePerRequestFilter.java:110) ~[spring-web-6.2.5.jar:6.2.5]
	at org.apache.catalina.core.ApplicationFilterChain.internalDoFilter(ApplicationFilterChain.java:164) ~[tomcat-embed-core-10.1.39.jar:10.1.39]
	at org.apache.catalina.core.ApplicationFilterChain.doFilter(ApplicationFilterChain.java:140) ~[tomcat-embed-core-10.1.39.jar:10.1.39]
	at org.springframework.web.filter.CompositeFilter$VirtualFilterChain.doFilter(CompositeFilter.java:108) ~[spring-web-6.2.5.jar:6.2.5]
	at org.springframework.security.web.FilterChainProxy.lambda$doFilterInternal$3(FilterChainProxy.java:231) ~[spring-security-web-6.4.4.jar:6.4.4]
	at org.springframework.security.web.FilterChainProxy$VirtualFilterChain.doFilter(FilterChainProxy.java:365) ~[spring-security-web-6.4.4.jar:6.4.4]
	at org.springframework.security.web.access.intercept.AuthorizationFilter.doFilter(AuthorizationFilter.java:101) ~[spring-security-web-6.4.4.jar:6.4.4]
	at org.springframework.security.web.FilterChainProxy$VirtualFilterChain.doFilter(FilterChainProxy.java:374) ~[spring-security-web-6.4.4.jar:6.4.4]
	at org.springframework.security.web.access.ExceptionTranslationFilter.doFilter(ExceptionTranslationFilter.java:126) ~[spring-security-web-6.4.4.jar:6.4.4]
	at org.springframework.security.web.access.ExceptionTranslationFilter.doFilter(ExceptionTranslationFilter.java:120) ~[spring-security-web-6.4.4.jar:6.4.4]
	at org.springframework.security.web.FilterChainProxy$VirtualFilterChain.doFilter(FilterChainProxy.java:374) ~[spring-security-web-6.4.4.jar:6.4.4]
	at org.springframework.security.web.authentication.AnonymousAuthenticationFilter.doFilter(AnonymousAuthenticationFilter.java:100) ~[spring-security-web-6.4.4.jar:6.4.4]
	at org.springframework.security.web.FilterChainProxy$VirtualFilterChain.doFilter(FilterChainProxy.java:374) ~[spring-security-web-6.4.4.jar:6.4.4]
	at org.springframework.security.web.servletapi.SecurityContextHolderAwareRequestFilter.doFilter(SecurityContextHolderAwareRequestFilter.java:179) ~[spring-security-web-6.4.4.jar:6.4.4]
	at org.springframework.security.web.FilterChainProxy$VirtualFilterChain.doFilter(FilterChainProxy.java:374) ~[spring-security-web-6.4.4.jar:6.4.4]
	at org.springframework.security.web.savedrequest.RequestCacheAwareFilter.doFilter(RequestCacheAwareFilter.java:63) ~[spring-security-web-6.4.4.jar:6.4.4]
	at org.springframework.security.web.FilterChainProxy$VirtualFilterChain.doFilter(FilterChainProxy.java:374) ~[spring-security-web-6.4.4.jar:6.4.4]
	at com.duoc.backend.JWTAuthorizationFilter.doFilterInternal(JWTAuthorizationFilter.java:70) ~[classes/:na]
	at org.springframework.web.filter.OncePerRequestFilter.doFilter(OncePerRequestFilter.java:116) ~[spring-web-6.2.5.jar:6.2.5]
	at org.springframework.security.web.FilterChainProxy$VirtualFilterChain.doFilter(FilterChainProxy.java:374) ~[spring-security-web-6.4.4.jar:6.4.4]
	at org.springframework.security.web.authentication.logout.LogoutFilter.doFilter(LogoutFilter.java:107) ~[spring-security-web-6.4.4.jar:6.4.4]
	at org.springframework.security.web.authentication.logout.LogoutFilter.doFilter(LogoutFilter.java:93) ~[spring-security-web-6.4.4.jar:6.4.4]
	at org.springframework.security.web.FilterChainProxy$VirtualFilterChain.doFilter(FilterChainProxy.java:374) ~[spring-security-web-6.4.4.jar:6.4.4]
	at org.springframework.security.web.header.HeaderWriterFilter.doHeadersAfter(HeaderWriterFilter.java:90) ~[spring-security-web-6.4.4.jar:6.4.4]
	at org.springframework.security.web.header.HeaderWriterFilter.doFilterInternal(HeaderWriterFilter.java:75) ~[spring-security-web-6.4.4.jar:6.4.4]
	at org.springframework.web.filter.OncePerRequestFilter.doFilter(OncePerRequestFilter.java:116) ~[spring-web-6.2.5.jar:6.2.5]
	at org.springframework.security.web.FilterChainProxy$VirtualFilterChain.doFilter(FilterChainProxy.java:374) ~[spring-security-web-6.4.4.jar:6.4.4]
	at org.springframework.security.web.context.SecurityContextHolderFilter.doFilter(SecurityContextHolderFilter.java:82) ~[spring-security-web-6.4.4.jar:6.4.4]
	at org.springframework.security.web.context.SecurityContextHolderFilter.doFilter(SecurityContextHolderFilter.java:69) ~[spring-security-web-6.4.4.jar:6.4.4]
	at org.springframework.security.web.FilterChainProxy$VirtualFilterChain.doFilter(FilterChainProxy.java:374) ~[spring-security-web-6.4.4.jar:6.4.4]
	at org.springframework.security.web.context.request.async.WebAsyncManagerIntegrationFilter.doFilterInternal(WebAsyncManagerIntegrationFilter.java:62) ~[spring-security-web-6.4.4.jar:6.4.4]
	at org.springframework.web.filter.OncePerRequestFilter.doFilter(OncePerRequestFilter.java:116) ~[spring-web-6.2.5.jar:6.2.5]
	at org.springframework.security.web.FilterChainProxy$VirtualFilterChain.doFilter(FilterChainProxy.java:374) ~[spring-security-web-6.4.4.jar:6.4.4]
	at org.springframework.security.web.session.DisableEncodeUrlFilter.doFilterInternal(DisableEncodeUrlFilter.java:42) ~[spring-security-web-6.4.4.jar:6.4.4]
	at org.springframework.web.filter.OncePerRequestFilter.doFilter(OncePerRequestFilter.java:116) ~[spring-web-6.2.5.jar:6.2.5]
	at org.springframework.security.web.FilterChainProxy$VirtualFilterChain.doFilter(FilterChainProxy.java:374) ~[spring-security-web-6.4.4.jar:6.4.4]
	at org.springframework.security.web.FilterChainProxy.doFilterInternal(FilterChainProxy.java:233) ~[spring-security-web-6.4.4.jar:6.4.4]
	at org.springframework.security.web.FilterChainProxy.doFilter(FilterChainProxy.java:191) ~[spring-security-web-6.4.4.jar:6.4.4]
	at org.springframework.web.filter.CompositeFilter$VirtualFilterChain.doFilter(CompositeFilter.java:113) ~[spring-web-6.2.5.jar:6.2.5]
	at org.springframework.web.servlet.handler.HandlerMappingIntrospector.lambda$createCacheFilter$3(HandlerMappingIntrospector.java:243) ~[spring-webmvc-6.2.5.jar:6.2.5]
	at org.springframework.web.filter.CompositeFilter$VirtualFilterChain.doFilter(CompositeFilter.java:113) ~[spring-web-6.2.5.jar:6.2.5]
	at org.springframework.web.filter.CompositeFilter.doFilter(CompositeFilter.java:74) ~[spring-web-6.2.5.jar:6.2.5]
	at org.springframework.security.config.annotation.web.configuration.WebMvcSecurityConfiguration$CompositeFilterChainProxy.doFilter(WebMvcSecurityConfiguration.java:238) ~[spring-security-config-6.4.4.jar:6.4.4]
	at org.springframework.web.filter.DelegatingFilterProxy.invokeDelegate(DelegatingFilterProxy.java:362) ~[spring-web-6.2.5.jar:6.2.5]
	at org.springframework.web.filter.DelegatingFilterProxy.doFilter(DelegatingFilterProxy.java:278) ~[spring-web-6.2.5.jar:6.2.5]
	at org.apache.catalina.core.ApplicationFilterChain.internalDoFilter(ApplicationFilterChain.java:164) ~[tomcat-embed-core-10.1.39.jar:10.1.39]
	at org.apache.catalina.core.ApplicationFilterChain.doFilter(ApplicationFilterChain.java:140) ~[tomcat-embed-core-10.1.39.jar:10.1.39]
	at org.springframework.web.filter.RequestContextFilter.doFilterInternal(RequestContextFilter.java:100) ~[spring-web-6.2.5.jar:6.2.5]
	at org.springframework.web.filter.OncePerRequestFilter.doFilter(OncePerRequestFilter.java:116) ~[spring-web-6.2.5.jar:6.2.5]
	at org.apache.catalina.core.ApplicationFilterChain.internalDoFilter(ApplicationFilterChain.java:164) ~[tomcat-embed-core-10.1.39.jar:10.1.39]
	at org.apache.catalina.core.ApplicationFilterChain.doFilter(ApplicationFilterChain.java:140) ~[tomcat-embed-core-10.1.39.jar:10.1.39]
	at org.springframework.web.filter.FormContentFilter.doFilterInternal(FormContentFilter.java:93) ~[spring-web-6.2.5.jar:6.2.5]
	at org.springframework.web.filter.OncePerRequestFilter.doFilter(OncePerRequestFilter.java:116) ~[spring-web-6.2.5.jar:6.2.5]
	at org.apache.catalina.core.ApplicationFilterChain.internalDoFilter(ApplicationFilterChain.java:164) ~[tomcat-embed-core-10.1.39.jar:10.1.39]
	at org.apache.catalina.core.ApplicationFilterChain.doFilter(ApplicationFilterChain.java:140) ~[tomcat-embed-core-10.1.39.jar:10.1.39]
	at org.springframework.web.filter.CharacterEncodingFilter.doFilterInternal(CharacterEncodingFilter.java:201) ~[spring-web-6.2.5.jar:6.2.5]
	at org.springframework.web.filter.OncePerRequestFilter.doFilter(OncePerRequestFilter.java:116) ~[spring-web-6.2.5.jar:6.2.5]
	at org.apache.catalina.core.ApplicationFilterChain.internalDoFilter(ApplicationFilterChain.java:164) ~[tomcat-embed-core-10.1.39.jar:10.1.39]
	at org.apache.catalina.core.ApplicationFilterChain.doFilter(ApplicationFilterChain.java:140) ~[tomcat-embed-core-10.1.39.jar:10.1.39]
	at org.apache.catalina.core.StandardWrapperValve.invoke(StandardWrapperValve.java:167) ~[tomcat-embed-core-10.1.39.jar:10.1.39]
	at org.apache.catalina.core.StandardContextValve.invoke(StandardContextValve.java:90) ~[tomcat-embed-core-10.1.39.jar:10.1.39]
	at org.apache.catalina.authenticator.AuthenticatorBase.invoke(AuthenticatorBase.java:483) ~[tomcat-embed-core-10.1.39.jar:10.1.39]
	at org.apache.catalina.core.StandardHostValve.invoke(StandardHostValve.java:115) ~[tomcat-embed-core-10.1.39.jar:10.1.39]
	at org.apache.catalina.valves.ErrorReportValve.invoke(ErrorReportValve.java:93) ~[tomcat-embed-core-10.1.39.jar:10.1.39]
	at org.apache.catalina.core.StandardEngineValve.invoke(StandardEngineValve.java:74) ~[tomcat-embed-core-10.1.39.jar:10.1.39]
	at org.apache.catalina.connector.CoyoteAdapter.service(CoyoteAdapter.java:344) ~[tomcat-embed-core-10.1.39.jar:10.1.39]
	at org.apache.coyote.http11.Http11Processor.service(Http11Processor.java:397) ~[tomcat-embed-core-10.1.39.jar:10.1.39]
	at org.apache.coyote.AbstractProcessorLight.process(AbstractProcessorLight.java:63) ~[tomcat-embed-core-10.1.39.jar:10.1.39]
	at org.apache.coyote.AbstractProtocol$ConnectionHandler.process(AbstractProtocol.java:905) ~[tomcat-embed-core-10.1.39.jar:10.1.39]
	at org.apache.tomcat.util.net.NioEndpoint$SocketProcessor.doRun(NioEndpoint.java:1743) ~[tomcat-embed-core-10.1.39.jar:10.1.39]
	at org.apache.tomcat.util.net.SocketProcessorBase.run(SocketProcessorBase.java:52) ~[tomcat-embed-core-10.1.39.jar:10.1.39]
	at org.apache.tomcat.util.threads.ThreadPoolExecutor.runWorker(ThreadPoolExecutor.java:1190) ~[tomcat-embed-core-10.1.39.jar:10.1.39]
	at org.apache.tomcat.util.threads.ThreadPoolExecutor$Worker.run(ThreadPoolExecutor.java:659) ~[tomcat-embed-core-10.1.39.jar:10.1.39]
	at org.apache.tomcat.util.threads.TaskThread$WrappingRunnable.run(TaskThread.java:63) ~[tomcat-embed-core-10.1.39.jar:10.1.39]
	at java.base/java.lang.Thread.run(Thread.java:842) ~[na:na]

2026-08-31T13:46:09.835-04:00 DEBUG 20072 --- [backend] [http-nio-8180-exec-8] org.hibernate.orm.sql.ast.tree           : SQL AST Tree:
    SelectStatement {
      FromClause {
        StandardTableGroup (a1 : com.duoc.backend.appointment.Appointment(18)) {
          primaryTableReference : appointment as a1_0
        }
      }
    }

2026-08-31T13:46:09.835-04:00 DEBUG 20072 --- [backend] [http-nio-8180-exec-8] org.hibernate.orm.sql.exec               : Skipping reading Query result cache data: cache-enabled = false, cache-mode = NORMAL
2026-08-31T13:46:09.836-04:00 TRACE 20072 --- [backend] [http-nio-8180-exec-8] o.h.s.r.j.i.DeferredResultSetAccess      : Executing query to retrieve ResultSet : select a1_0.id,a1_0.date,a1_0.reason,a1_0.time,a1_0.veterinarian from appointment a1_0
2026-08-31T13:46:09.836-04:00 DEBUG 20072 --- [backend] [http-nio-8180-exec-8] org.hibernate.SQL                        : select a1_0.id,a1_0.date,a1_0.reason,a1_0.time,a1_0.veterinarian from appointment a1_0
2026-08-31T13:46:09.838-04:00 TRACE 20072 --- [backend] [http-nio-8180-exec-8] o.h.r.j.i.ResourceRegistryStandardImpl   : Registering statement [HikariProxyPreparedStatement@1875806448 wrapping com.mysql.cj.jdbc.ClientPreparedStatement: select a1_0.id,a1_0.date,a1_0.reason,a1_0.time,a1_0.veterinarian from appointment a1_0]
2026-08-31T13:46:09.838-04:00 TRACE 20072 --- [backend] [http-nio-8180-exec-8] o.h.e.jdbc.internal.JdbcCoordinatorImpl  : Registering last query statement [HikariProxyPreparedStatement@1875806448 wrapping com.mysql.cj.jdbc.ClientPreparedStatement: select a1_0.id,a1_0.date,a1_0.reason,a1_0.time,a1_0.veterinarian from appointment a1_0]
2026-08-31T13:46:09.845-04:00 TRACE 20072 --- [backend] [http-nio-8180-exec-8] o.h.r.j.i.ResourceRegistryStandardImpl   : Registering result set [HikariProxyResultSet@1993134987 wrapping com.mysql.cj.jdbc.result.ResultSetImpl@740e88a1]
2026-08-31T13:46:09.846-04:00 TRACE 20072 --- [backend] [http-nio-8180-exec-8] org.hibernate.orm.results                : Registering initializer : EntityJoinedFetchInitializer(com.duoc.backend.appointment.Appointment(18))
2026-08-31T13:46:09.846-04:00 DEBUG 20072 --- [backend] [http-nio-8180-exec-8] org.hibernate.orm.results                : Initializer list:
	  com.duoc.backend.appointment.Appointment(18) -> EntityJoinedFetchInitializer(com.duoc.backend.appointment.Appointment(18))@1512893563 (SingleTableEntityPersister(com.duoc.backend.appointment.Appointment))

2026-08-31T13:46:09.847-04:00 TRACE 20072 --- [backend] [http-nio-8180-exec-8] org.hibernate.orm.jdbc.extract           : extracted value (1:BIGINT) -> [5]
2026-08-31T13:46:09.847-04:00 TRACE 20072 --- [backend] [http-nio-8180-exec-8] org.hibernate.orm.jdbc.extract           : extracted value (2:DATE) -> [2026-09-01]
2026-08-31T13:46:09.847-04:00 TRACE 20072 --- [backend] [http-nio-8180-exec-8] org.hibernate.orm.jdbc.extract           : extracted value (3:VARCHAR) -> [Control general]
2026-08-31T13:46:09.847-04:00 TRACE 20072 --- [backend] [http-nio-8180-exec-8] org.hibernate.orm.jdbc.extract           : extracted value (4:TIME) -> [10:00]
2026-08-31T13:46:09.848-04:00 TRACE 20072 --- [backend] [http-nio-8180-exec-8] org.hibernate.orm.jdbc.extract           : extracted value (5:VARCHAR) -> [Dra. Pérez]
2026-08-31T13:46:09.848-04:00 TRACE 20072 --- [backend] [http-nio-8180-exec-8] org.hibernate.orm.jdbc.extract           : extracted value (1:BIGINT) -> [6]
2026-08-31T13:46:09.849-04:00 TRACE 20072 --- [backend] [http-nio-8180-exec-8] org.hibernate.orm.jdbc.extract           : extracted value (2:DATE) -> [2026-09-02]
2026-08-31T13:46:09.850-04:00 TRACE 20072 --- [backend] [http-nio-8180-exec-8] org.hibernate.orm.jdbc.extract           : extracted value (3:VARCHAR) -> [Vacunación]
2026-08-31T13:46:09.851-04:00 TRACE 20072 --- [backend] [http-nio-8180-exec-8] org.hibernate.orm.jdbc.extract           : extracted value (4:TIME) -> [11:30]
2026-08-31T13:46:09.852-04:00 TRACE 20072 --- [backend] [http-nio-8180-exec-8] org.hibernate.orm.jdbc.extract           : extracted value (5:VARCHAR) -> [Dr. Soto]
2026-08-31T13:46:09.852-04:00 TRACE 20072 --- [backend] [http-nio-8180-exec-8] org.hibernate.orm.jdbc.extract           : extracted value (1:BIGINT) -> [7]
2026-08-31T13:46:09.853-04:00 TRACE 20072 --- [backend] [http-nio-8180-exec-8] org.hibernate.orm.jdbc.extract           : extracted value (2:DATE) -> [2026-09-03]
2026-08-31T13:46:09.854-04:00 TRACE 20072 --- [backend] [http-nio-8180-exec-8] org.hibernate.orm.jdbc.extract           : extracted value (3:VARCHAR) -> [Control dental]
2026-08-31T13:46:09.856-04:00 TRACE 20072 --- [backend] [http-nio-8180-exec-8] org.hibernate.orm.jdbc.extract           : extracted value (4:TIME) -> [15:00]
2026-08-31T13:46:09.856-04:00 TRACE 20072 --- [backend] [http-nio-8180-exec-8] org.hibernate.orm.jdbc.extract           : extracted value (5:VARCHAR) -> [Dra. Pérez]
2026-08-31T13:46:09.859-04:00 TRACE 20072 --- [backend] [http-nio-8180-exec-8] org.hibernate.orm.jdbc.extract           : extracted value (1:BIGINT) -> [8]
2026-08-31T13:46:09.859-04:00 TRACE 20072 --- [backend] [http-nio-8180-exec-8] org.hibernate.orm.jdbc.extract           : extracted value (2:DATE) -> [2026-09-04]
2026-08-31T13:46:09.860-04:00 TRACE 20072 --- [backend] [http-nio-8180-exec-8] org.hibernate.orm.jdbc.extract           : extracted value (3:VARCHAR) -> [Control preventivo]
2026-08-31T13:46:09.860-04:00 TRACE 20072 --- [backend] [http-nio-8180-exec-8] org.hibernate.orm.jdbc.extract           : extracted value (4:TIME) -> [16:30]
2026-08-31T13:46:09.860-04:00 TRACE 20072 --- [backend] [http-nio-8180-exec-8] org.hibernate.orm.jdbc.extract           : extracted value (5:VARCHAR) -> [Dr. Soto]
2026-08-31T13:46:09.860-04:00 TRACE 20072 --- [backend] [http-nio-8180-exec-8] o.h.r.j.i.ResourceRegistryStandardImpl   : Releasing result set [HikariProxyResultSet@1993134987 wrapping com.mysql.cj.jdbc.result.ResultSetImpl@740e88a1]
2026-08-31T13:46:09.861-04:00 TRACE 20072 --- [backend] [http-nio-8180-exec-8] o.h.r.j.i.ResourceRegistryStandardImpl   : Closing result set [HikariProxyResultSet@1993134987 wrapping com.mysql.cj.jdbc.result.ResultSetImpl@740e88a1]
2026-08-31T13:46:09.861-04:00 TRACE 20072 --- [backend] [http-nio-8180-exec-8] o.h.r.j.i.ResourceRegistryStandardImpl   : Releasing statement [HikariProxyPreparedStatement@1875806448 wrapping com.mysql.cj.jdbc.ClientPreparedStatement: select a1_0.id,a1_0.date,a1_0.reason,a1_0.time,a1_0.veterinarian from appointment a1_0]
2026-08-31T13:46:09.861-04:00 TRACE 20072 --- [backend] [http-nio-8180-exec-8] o.h.r.j.i.ResourceRegistryStandardImpl   : Closing prepared statement [HikariProxyPreparedStatement@1875806448 wrapping com.mysql.cj.jdbc.ClientPreparedStatement: select a1_0.id,a1_0.date,a1_0.reason,a1_0.time,a1_0.veterinarian from appointment a1_0]
2026-08-31T13:46:09.861-04:00 TRACE 20072 --- [backend] [http-nio-8180-exec-8] j.i.AbstractLogicalConnectionImplementor : LogicalConnection#afterStatement
2026-08-31T13:46:09.861-04:00 TRACE 20072 --- [backend] [http-nio-8180-exec-8] o.h.e.i.StatefulPersistenceContext       : Initializing non-lazy collections
2026-08-31T13:46:09.861-04:00 DEBUG 20072 --- [backend] [http-nio-8180-exec-8] o.h.e.t.internal.TransactionImpl         : committing
2026-08-31T13:46:09.862-04:00 TRACE 20072 --- [backend] [http-nio-8180-exec-8] cResourceLocalTransactionCoordinatorImpl : ResourceLocalTransactionCoordinatorImpl#beforeCompletionCallback
2026-08-31T13:46:09.862-04:00 TRACE 20072 --- [backend] [http-nio-8180-exec-8] org.hibernate.internal.SessionImpl       : SessionImpl#beforeTransactionCompletion()
2026-08-31T13:46:09.862-04:00 TRACE 20072 --- [backend] [http-nio-8180-exec-8] j.i.AbstractLogicalConnectionImplementor : LogicalConnection#beforeTransactionCompletion
2026-08-31T13:46:09.862-04:00 TRACE 20072 --- [backend] [http-nio-8180-exec-8] .t.i.SynchronizationRegistryStandardImpl : SynchronizationRegistryStandardImpl.notifySynchronizationsBeforeTransactionCompletion
2026-08-31T13:46:09.862-04:00 TRACE 20072 --- [backend] [http-nio-8180-exec-8] j.i.AbstractLogicalConnectionImplementor : Preparing to commit transaction via JDBC Connection.commit()
2026-08-31T13:46:09.864-04:00 TRACE 20072 --- [backend] [http-nio-8180-exec-8] j.i.AbstractLogicalConnectionImplementor : Transaction committed via JDBC Connection.commit()
2026-08-31T13:46:09.864-04:00 TRACE 20072 --- [backend] [http-nio-8180-exec-8] j.i.AbstractLogicalConnectionImplementor : re-enabling auto-commit on JDBC Connection after completion of JDBC-based transaction
2026-08-31T13:46:09.865-04:00 TRACE 20072 --- [backend] [http-nio-8180-exec-8] j.i.AbstractLogicalConnectionImplementor : LogicalConnection#afterTransaction
2026-08-31T13:46:09.865-04:00 TRACE 20072 --- [backend] [http-nio-8180-exec-8] o.h.r.j.i.ResourceRegistryStandardImpl   : Releasing JDBC resources
2026-08-31T13:46:09.866-04:00 TRACE 20072 --- [backend] [http-nio-8180-exec-8] cResourceLocalTransactionCoordinatorImpl : ResourceLocalTransactionCoordinatorImpl#afterCompletionCallback(true)
2026-08-31T13:46:09.866-04:00 TRACE 20072 --- [backend] [http-nio-8180-exec-8] .t.i.SynchronizationRegistryStandardImpl : SynchronizationRegistryStandardImpl.notifySynchronizationsAfterTransactionCompletion(3)
2026-08-31T13:46:09.866-04:00 TRACE 20072 --- [backend] [http-nio-8180-exec-8] org.hibernate.internal.SessionImpl       : SessionImpl#afterTransactionCompletion(successful=true, delayed=false)
2026-08-31T13:46:09.868-04:00 DEBUG 20072 --- [backend] [http-nio-8180-exec-8] m.m.a.RequestResponseBodyMethodProcessor : Using 'application/json', given [*/*] and supported [application/json, application/*+json]
2026-08-31T13:46:09.868-04:00 TRACE 20072 --- [backend] [http-nio-8180-exec-8] m.m.a.RequestResponseBodyMethodProcessor : Writing [[com.duoc.backend.appointment.Appointment@41be66c6, com.duoc.backend.appointment.Appointment@51feb5f1, com.duoc.backend.appointment.Appointment@51b574ef, com.duoc.backend.appointment.Appointment@6cc70596]]
2026-08-31T13:46:09.869-04:00 TRACE 20072 --- [backend] [http-nio-8180-exec-8] o.s.web.servlet.DispatcherServlet        : No view rendering, null ModelAndView returned.
2026-08-31T13:46:09.869-04:00 TRACE 20072 --- [backend] [http-nio-8180-exec-8] org.hibernate.internal.SessionImpl       : Closing session [f4224aab-24a6-4f38-bb5d-16e675bdf618]
2026-08-31T13:46:09.869-04:00 TRACE 20072 --- [backend] [http-nio-8180-exec-8] o.h.e.jdbc.internal.JdbcCoordinatorImpl  : Closing JDBC container [org.hibernate.engine.jdbc.internal.JdbcCoordinatorImpl@5efdd69e]
2026-08-31T13:46:09.869-04:00 TRACE 20072 --- [backend] [http-nio-8180-exec-8] o.h.r.j.i.ResourceRegistryStandardImpl   : Releasing JDBC resources
2026-08-31T13:46:09.869-04:00 TRACE 20072 --- [backend] [http-nio-8180-exec-8] o.h.r.j.i.LogicalConnectionManagedImpl   : Closing logical connection
2026-08-31T13:46:09.869-04:00 TRACE 20072 --- [backend] [http-nio-8180-exec-8] o.h.r.j.i.ResourceRegistryStandardImpl   : Releasing JDBC resources
2026-08-31T13:46:09.870-04:00 TRACE 20072 --- [backend] [http-nio-8180-exec-8] o.h.r.j.i.LogicalConnectionManagedImpl   : Logical connection closed
2026-08-31T13:46:09.870-04:00 DEBUG 20072 --- [backend] [http-nio-8180-exec-8] o.s.web.servlet.DispatcherServlet        : Completed 200 OK, headers={masked}
2026-08-31T13:46:12.974-04:00 DEBUG 20072 --- [backend] [HikariPool-1 housekeeper] com.zaxxer.hikari.pool.HikariPool        : HikariPool-1 - Pool stats (total=10, active=0, idle=10, waiting=0)
2026-08-31T13:46:12.975-04:00 DEBUG 20072 --- [backend] [HikariPool-1 housekeeper] com.zaxxer.hikari.pool.HikariPool        : HikariPool-1 - Fill pool skipped, pool has sufficient level or currently being filled.
2026-08-31T13:46:42.984-04:00 DEBUG 20072 --- [backend] [HikariPool-1 housekeeper] com.zaxxer.hikari.pool.HikariPool        : HikariPool-1 - Pool stats (total=10, active=0, idle=10, waiting=0)
2026-08-31T13:46:42.984-04:00 DEBUG 20072 --- [backend] [HikariPool-1 housekeeper] com.zaxxer.hikari.pool.HikariPool        : HikariPool-1 - Fill pool skipped, pool has sufficient level or currently being filled.
2026-08-31T13:47:12.999-04:00 DEBUG 20072 --- [backend] [HikariPool-1 housekeeper] com.zaxxer.hikari.pool.HikariPool        : HikariPool-1 - Pool stats (total=10, active=0, idle=10, waiting=0)
2026-08-31T13:47:12.999-04:00 DEBUG 20072 --- [backend] [HikariPool-1 housekeeper] com.zaxxer.hikari.pool.HikariPool        : HikariPool-1 - Fill pool skipped, pool has sufficient level or currently being filled.
2026-08-31T13:47:43.014-04:00 DEBUG 20072 --- [backend] [HikariPool-1 housekeeper] com.zaxxer.hikari.pool.HikariPool        : HikariPool-1 - Pool stats (total=10, active=0, idle=10, waiting=0)
2026-08-31T13:47:43.014-04:00 DEBUG 20072 --- [backend] [HikariPool-1 housekeeper] com.zaxxer.hikari.pool.HikariPool        : HikariPool-1 - Fill pool skipped, pool has sufficient level or currently being filled.
2026-08-31T13:48:13.028-04:00 DEBUG 20072 --- [backend] [HikariPool-1 housekeeper] com.zaxxer.hikari.pool.HikariPool        : HikariPool-1 - Pool stats (total=10, active=0, idle=10, waiting=0)
2026-08-31T13:48:13.028-04:00 DEBUG 20072 --- [backend] [HikariPool-1 housekeeper] com.zaxxer.hikari.pool.HikariPool        : HikariPool-1 - Fill pool skipped, pool has sufficient level or currently being filled.
2026-08-31T13:48:43.035-04:00 DEBUG 20072 --- [backend] [HikariPool-1 housekeeper] com.zaxxer.hikari.pool.HikariPool        : HikariPool-1 - Pool stats (total=10, active=0, idle=10, waiting=0)
2026-08-31T13:48:43.035-04:00 DEBUG 20072 --- [backend] [HikariPool-1 housekeeper] com.zaxxer.hikari.pool.HikariPool        : HikariPool-1 - Fill pool skipped, pool has sufficient level or currently being filled.
2026-08-31T13:49:13.049-04:00 DEBUG 20072 --- [backend] [HikariPool-1 housekeeper] com.zaxxer.hikari.pool.HikariPool        : HikariPool-1 - Pool stats (total=10, active=0, idle=10, waiting=0)
2026-08-31T13:49:13.049-04:00 DEBUG 20072 --- [backend] [HikariPool-1 housekeeper] com.zaxxer.hikari.pool.HikariPool        : HikariPool-1 - Fill pool skipped, pool has sufficient level or currently being filled.
2026-08-31T13:49:43.063-04:00 DEBUG 20072 --- [backend] [HikariPool-1 housekeeper] com.zaxxer.hikari.pool.HikariPool        : HikariPool-1 - Pool stats (total=10, active=0, idle=10, waiting=0)
2026-08-31T13:49:43.063-04:00 DEBUG 20072 --- [backend] [HikariPool-1 housekeeper] com.zaxxer.hikari.pool.HikariPool        : HikariPool-1 - Fill pool skipped, pool has sufficient level or currently being filled.
2026-08-31T13:50:13.076-04:00 DEBUG 20072 --- [backend] [HikariPool-1 housekeeper] com.zaxxer.hikari.pool.HikariPool        : HikariPool-1 - Pool stats (total=10, active=0, idle=10, waiting=0)
2026-08-31T13:50:13.076-04:00 DEBUG 20072 --- [backend] [HikariPool-1 housekeeper] com.zaxxer.hikari.pool.HikariPool        : HikariPool-1 - Fill pool skipped, pool has sufficient level or currently being filled.
2026-08-31T13:50:43.082-04:00 DEBUG 20072 --- [backend] [HikariPool-1 housekeeper] com.zaxxer.hikari.pool.HikariPool        : HikariPool-1 - Pool stats (total=10, active=0, idle=10, waiting=0)
2026-08-31T13:50:43.082-04:00 DEBUG 20072 --- [backend] [HikariPool-1 housekeeper] com.zaxxer.hikari.pool.HikariPool        : HikariPool-1 - Fill pool skipped, pool has sufficient level or currently being filled.
2026-08-31T13:51:13.093-04:00 DEBUG 20072 --- [backend] [HikariPool-1 housekeeper] com.zaxxer.hikari.pool.HikariPool        : HikariPool-1 - Pool stats (total=10, active=0, idle=10, waiting=0)
2026-08-31T13:51:13.093-04:00 DEBUG 20072 --- [backend] [HikariPool-1 housekeeper] com.zaxxer.hikari.pool.HikariPool        : HikariPool-1 - Fill pool skipped, pool has sufficient level or currently being filled.
2026-08-31T13:51:43.095-04:00 DEBUG 20072 --- [backend] [HikariPool-1 housekeeper] com.zaxxer.hikari.pool.HikariPool        : HikariPool-1 - Pool stats (total=10, active=0, idle=10, waiting=0)
2026-08-31T13:51:43.095-04:00 DEBUG 20072 --- [backend] [HikariPool-1 housekeeper] com.zaxxer.hikari.pool.HikariPool        : HikariPool-1 - Fill pool skipped, pool has sufficient level or currently being filled.
2026-08-31T13:52:13.107-04:00 DEBUG 20072 --- [backend] [HikariPool-1 housekeeper] com.zaxxer.hikari.pool.HikariPool        : HikariPool-1 - Pool stats (total=10, active=0, idle=10, waiting=0)
2026-08-31T13:52:13.107-04:00 DEBUG 20072 --- [backend] [HikariPool-1 housekeeper] com.zaxxer.hikari.pool.HikariPool        : HikariPool-1 - Fill pool skipped, pool has sufficient level or currently being filled.
2026-08-31T13:52:32.115-04:00 DEBUG 20072 --- [backend] [HikariPool-1 connection closer] com.zaxxer.hikari.pool.PoolBase          : HikariPool-1 - Closing connection com.mysql.cj.jdbc.ConnectionImpl@483d3a74: (connection has passed maxLifetime)
2026-08-31T13:52:32.143-04:00 DEBUG 20072 --- [backend] [HikariPool-1 connection adder] com.zaxxer.hikari.pool.HikariPool        : HikariPool-1 - Added connection com.mysql.cj.jdbc.ConnectionImpl@37eaff6f
2026-08-31T13:52:32.177-04:00 DEBUG 20072 --- [backend] [HikariPool-1 connection adder] com.zaxxer.hikari.pool.HikariPool        : HikariPool-1 - Connection not added, stats (total=10, active=0, idle=10, waiting=0)
2026-08-31T13:52:34.084-04:00 DEBUG 20072 --- [backend] [HikariPool-1 connection closer] com.zaxxer.hikari.pool.PoolBase          : HikariPool-1 - Closing connection com.mysql.cj.jdbc.ConnectionImpl@900304f: (connection has passed maxLifetime)
2026-08-31T13:52:34.103-04:00 DEBUG 20072 --- [backend] [HikariPool-1 connection adder] com.zaxxer.hikari.pool.HikariPool        : HikariPool-1 - Added connection com.mysql.cj.jdbc.ConnectionImpl@76d7f554
2026-08-31T13:52:34.147-04:00 DEBUG 20072 --- [backend] [HikariPool-1 connection adder] com.zaxxer.hikari.pool.HikariPool        : HikariPool-1 - Connection not added, stats (total=10, active=0, idle=10, waiting=0)
2026-08-31T13:52:43.115-04:00 DEBUG 20072 --- [backend] [HikariPool-1 housekeeper] com.zaxxer.hikari.pool.HikariPool        : HikariPool-1 - Pool stats (total=10, active=0, idle=10, waiting=0)
2026-08-31T13:52:43.115-04:00 DEBUG 20072 --- [backend] [HikariPool-1 housekeeper] com.zaxxer.hikari.pool.HikariPool        : HikariPool-1 - Fill pool skipped, pool has sufficient level or currently being filled.
2026-08-31T13:52:43.739-04:00 DEBUG 20072 --- [backend] [HikariPool-1 connection closer] com.zaxxer.hikari.pool.PoolBase          : HikariPool-1 - Closing connection com.mysql.cj.jdbc.ConnectionImpl@6e8b6485: (connection has passed maxLifetime)
2026-08-31T13:52:43.765-04:00 DEBUG 20072 --- [backend] [HikariPool-1 connection adder] com.zaxxer.hikari.pool.HikariPool        : HikariPool-1 - Added connection com.mysql.cj.jdbc.ConnectionImpl@1c8f693b
2026-08-31T13:52:43.800-04:00 DEBUG 20072 --- [backend] [HikariPool-1 connection adder] com.zaxxer.hikari.pool.HikariPool        : HikariPool-1 - Connection not added, stats (total=10, active=0, idle=10, waiting=0)
2026-08-31T13:52:49.398-04:00 DEBUG 20072 --- [backend] [HikariPool-1 connection closer] com.zaxxer.hikari.pool.PoolBase          : HikariPool-1 - Closing connection com.mysql.cj.jdbc.ConnectionImpl@20ec1528: (connection has passed maxLifetime)
2026-08-31T13:52:49.418-04:00 DEBUG 20072 --- [backend] [HikariPool-1 connection adder] com.zaxxer.hikari.pool.HikariPool        : HikariPool-1 - Added connection com.mysql.cj.jdbc.ConnectionImpl@40f54b8b
2026-08-31T13:52:49.459-04:00 DEBUG 20072 --- [backend] [HikariPool-1 connection adder] com.zaxxer.hikari.pool.HikariPool        : HikariPool-1 - Connection not added, stats (total=10, active=0, idle=10, waiting=0)
2026-08-31T13:52:57.760-04:00 DEBUG 20072 --- [backend] [HikariPool-1 connection closer] com.zaxxer.hikari.pool.PoolBase          : HikariPool-1 - Closing connection com.mysql.cj.jdbc.ConnectionImpl@1e530062: (connection has passed maxLifetime)
2026-08-31T13:52:57.789-04:00 DEBUG 20072 --- [backend] [HikariPool-1 connection adder] com.zaxxer.hikari.pool.HikariPool        : HikariPool-1 - Added connection com.mysql.cj.jdbc.ConnectionImpl@23c7e006
2026-08-31T13:52:57.823-04:00 DEBUG 20072 --- [backend] [HikariPool-1 connection adder] com.zaxxer.hikari.pool.HikariPool        : HikariPool-1 - Connection not added, stats (total=10, active=0, idle=10, waiting=0)
2026-08-31T13:53:08.814-04:00 DEBUG 20072 --- [backend] [HikariPool-1 connection closer] com.zaxxer.hikari.pool.PoolBase          : HikariPool-1 - Closing connection com.mysql.cj.jdbc.ConnectionImpl@2fb66ebe: (connection has passed maxLifetime)
2026-08-31T13:53:08.843-04:00 DEBUG 20072 --- [backend] [HikariPool-1 connection adder] com.zaxxer.hikari.pool.HikariPool        : HikariPool-1 - Added connection com.mysql.cj.jdbc.ConnectionImpl@2e5ce526
2026-08-31T13:53:08.876-04:00 DEBUG 20072 --- [backend] [HikariPool-1 connection adder] com.zaxxer.hikari.pool.HikariPool        : HikariPool-1 - Connection not added, stats (total=10, active=0, idle=10, waiting=0)
2026-08-31T13:53:13.130-04:00 DEBUG 20072 --- [backend] [HikariPool-1 housekeeper] com.zaxxer.hikari.pool.HikariPool        : HikariPool-1 - Pool stats (total=10, active=0, idle=10, waiting=0)
2026-08-31T13:53:13.130-04:00 DEBUG 20072 --- [backend] [HikariPool-1 housekeeper] com.zaxxer.hikari.pool.HikariPool        : HikariPool-1 - Fill pool skipped, pool has sufficient level or currently being filled.
2026-08-31T13:53:13.709-04:00 DEBUG 20072 --- [backend] [HikariPool-1 connection closer] com.zaxxer.hikari.pool.PoolBase          : HikariPool-1 - Closing connection com.mysql.cj.jdbc.ConnectionImpl@2b29ac37: (connection has passed maxLifetime)
2026-08-31T13:53:13.733-04:00 DEBUG 20072 --- [backend] [HikariPool-1 connection adder] com.zaxxer.hikari.pool.HikariPool        : HikariPool-1 - Added connection com.mysql.cj.jdbc.ConnectionImpl@6f61ef1d
2026-08-31T13:53:13.776-04:00 DEBUG 20072 --- [backend] [HikariPool-1 connection adder] com.zaxxer.hikari.pool.HikariPool        : HikariPool-1 - Connection not added, stats (total=10, active=0, idle=10, waiting=0)
2026-08-31T13:53:17.258-04:00 DEBUG 20072 --- [backend] [HikariPool-1 connection closer] com.zaxxer.hikari.pool.PoolBase          : HikariPool-1 - Closing connection com.mysql.cj.jdbc.ConnectionImpl@61d11f13: (connection has passed maxLifetime)
2026-08-31T13:53:17.280-04:00 DEBUG 20072 --- [backend] [HikariPool-1 connection adder] com.zaxxer.hikari.pool.HikariPool        : HikariPool-1 - Added connection com.mysql.cj.jdbc.ConnectionImpl@5ec4068f
2026-08-31T13:53:17.324-04:00 DEBUG 20072 --- [backend] [HikariPool-1 connection adder] com.zaxxer.hikari.pool.HikariPool        : HikariPool-1 - Connection not added, stats (total=10, active=0, idle=10, waiting=0)
2026-08-31T13:53:19.359-04:00 DEBUG 20072 --- [backend] [HikariPool-1 connection closer] com.zaxxer.hikari.pool.PoolBase          : HikariPool-1 - Closing connection com.mysql.cj.jdbc.ConnectionImpl@71e547c8: (connection has passed maxLifetime)
2026-08-31T13:53:19.381-04:00 DEBUG 20072 --- [backend] [HikariPool-1 connection adder] com.zaxxer.hikari.pool.HikariPool        : HikariPool-1 - Added connection com.mysql.cj.jdbc.ConnectionImpl@f4e1052
2026-08-31T13:53:19.426-04:00 DEBUG 20072 --- [backend] [HikariPool-1 connection adder] com.zaxxer.hikari.pool.HikariPool        : HikariPool-1 - Connection not added, stats (total=10, active=0, idle=10, waiting=0)
2026-08-31T13:53:35.265-04:00 DEBUG 20072 --- [backend] [HikariPool-1 connection closer] com.zaxxer.hikari.pool.PoolBase          : HikariPool-1 - Closing connection com.mysql.cj.jdbc.ConnectionImpl@30d84df3: (connection has passed maxLifetime)
2026-08-31T13:53:35.298-04:00 DEBUG 20072 --- [backend] [HikariPool-1 connection adder] com.zaxxer.hikari.pool.HikariPool        : HikariPool-1 - Added connection com.mysql.cj.jdbc.ConnectionImpl@5d2c53f5
2026-08-31T13:53:35.340-04:00 DEBUG 20072 --- [backend] [HikariPool-1 connection adder] com.zaxxer.hikari.pool.HikariPool        : HikariPool-1 - Connection not added, stats (total=10, active=0, idle=10, waiting=0)
2026-08-31T13:53:43.133-04:00 DEBUG 20072 --- [backend] [HikariPool-1 housekeeper] com.zaxxer.hikari.pool.HikariPool        : HikariPool-1 - Pool stats (total=10, active=0, idle=10, waiting=0)
2026-08-31T13:53:43.133-04:00 DEBUG 20072 --- [backend] [HikariPool-1 housekeeper] com.zaxxer.hikari.pool.HikariPool        : HikariPool-1 - Fill pool skipped, pool has sufficient level or currently being filled.
2026-08-31T13:54:13.134-04:00 DEBUG 20072 --- [backend] [HikariPool-1 housekeeper] com.zaxxer.hikari.pool.HikariPool        : HikariPool-1 - Pool stats (total=10, active=0, idle=10, waiting=0)
2026-08-31T13:54:13.134-04:00 DEBUG 20072 --- [backend] [HikariPool-1 housekeeper] com.zaxxer.hikari.pool.HikariPool        : HikariPool-1 - Fill pool skipped, pool has sufficient level or currently being filled.
2026-08-31T13:54:43.145-04:00 DEBUG 20072 --- [backend] [HikariPool-1 housekeeper] com.zaxxer.hikari.pool.HikariPool        : HikariPool-1 - Pool stats (total=10, active=0, idle=10, waiting=0)
2026-08-31T13:54:43.145-04:00 DEBUG 20072 --- [backend] [HikariPool-1 housekeeper] com.zaxxer.hikari.pool.HikariPool        : HikariPool-1 - Fill pool skipped, pool has sufficient level or currently being filled.
2026-08-31T13:55:13.153-04:00 DEBUG 20072 --- [backend] [HikariPool-1 housekeeper] com.zaxxer.hikari.pool.HikariPool        : HikariPool-1 - Pool stats (total=10, active=0, idle=10, waiting=0)
2026-08-31T13:55:13.153-04:00 DEBUG 20072 --- [backend] [HikariPool-1 housekeeper] com.zaxxer.hikari.pool.HikariPool        : HikariPool-1 - Fill pool skipped, pool has sufficient level or currently being filled.
2026-08-31T13:55:43.158-04:00 DEBUG 20072 --- [backend] [HikariPool-1 housekeeper] com.zaxxer.hikari.pool.HikariPool        : HikariPool-1 - Pool stats (total=10, active=0, idle=10, waiting=0)
2026-08-31T13:55:43.158-04:00 DEBUG 20072 --- [backend] [HikariPool-1 housekeeper] com.zaxxer.hikari.pool.HikariPool        : HikariPool-1 - Fill pool skipped, pool has sufficient level or currently being filled.
2026-08-31T13:56:13.165-04:00 DEBUG 20072 --- [backend] [HikariPool-1 housekeeper] com.zaxxer.hikari.pool.HikariPool        : HikariPool-1 - Pool stats (total=10, active=0, idle=10, waiting=0)
2026-08-31T13:56:13.165-04:00 DEBUG 20072 --- [backend] [HikariPool-1 housekeeper] com.zaxxer.hikari.pool.HikariPool        : HikariPool-1 - Fill pool skipped, pool has sufficient level or currently being filled.
2026-08-31T13:56:43.166-04:00 DEBUG 20072 --- [backend] [HikariPool-1 housekeeper] com.zaxxer.hikari.pool.HikariPool        : HikariPool-1 - Pool stats (total=10, active=0, idle=10, waiting=0)
2026-08-31T13:56:43.166-04:00 DEBUG 20072 --- [backend] [HikariPool-1 housekeeper] com.zaxxer.hikari.pool.HikariPool        : HikariPool-1 - Fill pool skipped, pool has sufficient level or currently being filled.
2026-08-31T13:57:13.180-04:00 DEBUG 20072 --- [backend] [HikariPool-1 housekeeper] com.zaxxer.hikari.pool.HikariPool        : HikariPool-1 - Pool stats (total=10, active=0, idle=10, waiting=0)
2026-08-31T13:57:13.180-04:00 DEBUG 20072 --- [backend] [HikariPool-1 housekeeper] com.zaxxer.hikari.pool.HikariPool        : HikariPool-1 - Fill pool skipped, pool has sufficient level or currently being filled.
2026-08-31T13:57:43.196-04:00 DEBUG 20072 --- [backend] [HikariPool-1 housekeeper] com.zaxxer.hikari.pool.HikariPool        : HikariPool-1 - Pool stats (total=10, active=0, idle=10, waiting=0)
2026-08-31T13:57:43.196-04:00 DEBUG 20072 --- [backend] [HikariPool-1 housekeeper] com.zaxxer.hikari.pool.HikariPool        : HikariPool-1 - Fill pool skipped, pool has sufficient level or currently being filled.
2026-08-31T13:58:13.211-04:00 DEBUG 20072 --- [backend] [HikariPool-1 housekeeper] com.zaxxer.hikari.pool.HikariPool        : HikariPool-1 - Pool stats (total=10, active=0, idle=10, waiting=0)
2026-08-31T13:58:13.211-04:00 DEBUG 20072 --- [backend] [HikariPool-1 housekeeper] com.zaxxer.hikari.pool.HikariPool        : HikariPool-1 - Fill pool skipped, pool has sufficient level or currently being filled.
2026-08-31T13:58:43.222-04:00 DEBUG 20072 --- [backend] [HikariPool-1 housekeeper] com.zaxxer.hikari.pool.HikariPool        : HikariPool-1 - Pool stats (total=10, active=0, idle=10, waiting=0)
2026-08-31T13:58:43.222-04:00 DEBUG 20072 --- [backend] [HikariPool-1 housekeeper] com.zaxxer.hikari.pool.HikariPool        : HikariPool-1 - Fill pool skipped, pool has sufficient level or currently being filled.
2026-08-31T13:59:13.233-04:00 DEBUG 20072 --- [backend] [HikariPool-1 housekeeper] com.zaxxer.hikari.pool.HikariPool        : HikariPool-1 - Pool stats (total=10, active=0, idle=10, waiting=0)
2026-08-31T13:59:13.233-04:00 DEBUG 20072 --- [backend] [HikariPool-1 housekeeper] com.zaxxer.hikari.pool.HikariPool        : HikariPool-1 - Fill pool skipped, pool has sufficient level or currently being filled.
2026-08-31T13:59:43.235-04:00 DEBUG 20072 --- [backend] [HikariPool-1 housekeeper] com.zaxxer.hikari.pool.HikariPool        : HikariPool-1 - Pool stats (total=10, active=0, idle=10, waiting=0)
2026-08-31T13:59:43.235-04:00 DEBUG 20072 --- [backend] [HikariPool-1 housekeeper] com.zaxxer.hikari.pool.HikariPool        : HikariPool-1 - Fill pool skipped, pool has sufficient level or currently being filled.
2026-08-31T14:00:13.250-04:00 DEBUG 20072 --- [backend] [HikariPool-1 housekeeper] com.zaxxer.hikari.pool.HikariPool        : HikariPool-1 - Pool stats (total=10, active=0, idle=10, waiting=0)
2026-08-31T14:00:13.250-04:00 DEBUG 20072 --- [backend] [HikariPool-1 housekeeper] com.zaxxer.hikari.pool.HikariPool        : HikariPool-1 - Fill pool skipped, pool has sufficient level or currently being filled.
2026-08-31T14:00:43.263-04:00 DEBUG 20072 --- [backend] [HikariPool-1 housekeeper] com.zaxxer.hikari.pool.HikariPool        : HikariPool-1 - Pool stats (total=10, active=0, idle=10, waiting=0)
2026-08-31T14:00:43.263-04:00 DEBUG 20072 --- [backend] [HikariPool-1 housekeeper] com.zaxxer.hikari.pool.HikariPool        : HikariPool-1 - Fill pool skipped, pool has sufficient level or currently being filled.
2026-08-31T14:01:13.265-04:00 DEBUG 20072 --- [backend] [HikariPool-1 housekeeper] com.zaxxer.hikari.pool.HikariPool        : HikariPool-1 - Pool stats (total=10, active=0, idle=10, waiting=0)
2026-08-31T14:01:13.268-04:00 DEBUG 20072 --- [backend] [HikariPool-1 housekeeper] com.zaxxer.hikari.pool.HikariPool        : HikariPool-1 - Fill pool skipped, pool has sufficient level or currently being filled.
2026-08-31T14:01:43.281-04:00 DEBUG 20072 --- [backend] [HikariPool-1 housekeeper] com.zaxxer.hikari.pool.HikariPool        : HikariPool-1 - Pool stats (total=10, active=0, idle=10, waiting=0)
2026-08-31T14:01:43.281-04:00 DEBUG 20072 --- [backend] [HikariPool-1 housekeeper] com.zaxxer.hikari.pool.HikariPool        : HikariPool-1 - Fill pool skipped, pool has sufficient level or currently being filled.
2026-08-31T14:02:13.293-04:00 DEBUG 20072 --- [backend] [HikariPool-1 housekeeper] com.zaxxer.hikari.pool.HikariPool        : HikariPool-1 - Pool stats (total=10, active=0, idle=10, waiting=0)
2026-08-31T14:02:13.296-04:00 DEBUG 20072 --- [backend] [HikariPool-1 housekeeper] com.zaxxer.hikari.pool.HikariPool        : HikariPool-1 - Fill pool skipped, pool has sufficient level or currently being filled.
2026-08-31T14:02:43.310-04:00 DEBUG 20072 --- [backend] [HikariPool-1 housekeeper] com.zaxxer.hikari.pool.HikariPool        : HikariPool-1 - Pool stats (total=10, active=0, idle=10, waiting=0)
2026-08-31T14:02:43.310-04:00 DEBUG 20072 --- [backend] [HikariPool-1 housekeeper] com.zaxxer.hikari.pool.HikariPool        : HikariPool-1 - Fill pool skipped, pool has sufficient level or currently being filled.
2026-08-31T14:03:13.321-04:00 DEBUG 20072 --- [backend] [HikariPool-1 housekeeper] com.zaxxer.hikari.pool.HikariPool        : HikariPool-1 - Pool stats (total=10, active=0, idle=10, waiting=0)
2026-08-31T14:03:13.325-04:00 DEBUG 20072 --- [backend] [HikariPool-1 housekeeper] com.zaxxer.hikari.pool.HikariPool        : HikariPool-1 - Fill pool skipped, pool has sufficient level or currently being filled.
2026-08-31T14:03:43.333-04:00 DEBUG 20072 --- [backend] [HikariPool-1 housekeeper] com.zaxxer.hikari.pool.HikariPool        : HikariPool-1 - Pool stats (total=10, active=0, idle=10, waiting=0)
2026-08-31T14:03:43.334-04:00 DEBUG 20072 --- [backend] [HikariPool-1 housekeeper] com.zaxxer.hikari.pool.HikariPool        : HikariPool-1 - Fill pool skipped, pool has sufficient level or currently being filled.
2026-08-31T14:04:13.336-04:00 DEBUG 20072 --- [backend] [HikariPool-1 housekeeper] com.zaxxer.hikari.pool.HikariPool        : HikariPool-1 - Pool stats (total=10, active=0, idle=10, waiting=0)
2026-08-31T14:04:13.336-04:00 DEBUG 20072 --- [backend] [HikariPool-1 housekeeper] com.zaxxer.hikari.pool.HikariPool        : HikariPool-1 - Fill pool skipped, pool has sufficient level or currently being filled.
2026-08-31T14:04:43.350-04:00 DEBUG 20072 --- [backend] [HikariPool-1 housekeeper] com.zaxxer.hikari.pool.HikariPool        : HikariPool-1 - Pool stats (total=10, active=0, idle=10, waiting=0)
2026-08-31T14:04:43.351-04:00 DEBUG 20072 --- [backend] [HikariPool-1 housekeeper] com.zaxxer.hikari.pool.HikariPool        : HikariPool-1 - Fill pool skipped, pool has sufficient level or currently being filled.
2026-08-31T14:05:13.365-04:00 DEBUG 20072 --- [backend] [HikariPool-1 housekeeper] com.zaxxer.hikari.pool.HikariPool        : HikariPool-1 - Pool stats (total=10, active=0, idle=10, waiting=0)
2026-08-31T14:05:13.367-04:00 DEBUG 20072 --- [backend] [HikariPool-1 housekeeper] com.zaxxer.hikari.pool.HikariPool        : HikariPool-1 - Fill pool skipped, pool has sufficient level or currently being filled.
2026-08-31T14:05:43.381-04:00 DEBUG 20072 --- [backend] [HikariPool-1 housekeeper] com.zaxxer.hikari.pool.HikariPool        : HikariPool-1 - Pool stats (total=10, active=0, idle=10, waiting=0)
2026-08-31T14:05:43.382-04:00 DEBUG 20072 --- [backend] [HikariPool-1 housekeeper] com.zaxxer.hikari.pool.HikariPool        : HikariPool-1 - Fill pool skipped, pool has sufficient level or currently being filled.
2026-08-31T14:06:13.388-04:00 DEBUG 20072 --- [backend] [HikariPool-1 housekeeper] com.zaxxer.hikari.pool.HikariPool        : HikariPool-1 - Pool stats (total=10, active=0, idle=10, waiting=0)
2026-08-31T14:06:13.388-04:00 DEBUG 20072 --- [backend] [HikariPool-1 housekeeper] com.zaxxer.hikari.pool.HikariPool        : HikariPool-1 - Fill pool skipped, pool has sufficient level or currently being filled.
2026-08-31T14:06:43.391-04:00 DEBUG 20072 --- [backend] [HikariPool-1 housekeeper] com.zaxxer.hikari.pool.HikariPool        : HikariPool-1 - Pool stats (total=10, active=0, idle=10, waiting=0)
2026-08-31T14:06:43.393-04:00 DEBUG 20072 --- [backend] [HikariPool-1 housekeeper] com.zaxxer.hikari.pool.HikariPool        : HikariPool-1 - Fill pool skipped, pool has sufficient level or currently being filled.
2026-08-31T14:07:13.407-04:00 DEBUG 20072 --- [backend] [HikariPool-1 housekeeper] com.zaxxer.hikari.pool.HikariPool        : HikariPool-1 - Pool stats (total=10, active=0, idle=10, waiting=0)
2026-08-31T14:07:13.407-04:00 DEBUG 20072 --- [backend] [HikariPool-1 housekeeper] com.zaxxer.hikari.pool.HikariPool        : HikariPool-1 - Fill pool skipped, pool has sufficient level or currently being filled.
2026-08-31T14:07:43.419-04:00 DEBUG 20072 --- [backend] [HikariPool-1 housekeeper] com.zaxxer.hikari.pool.HikariPool        : HikariPool-1 - Pool stats (total=10, active=0, idle=10, waiting=0)
2026-08-31T14:07:43.419-04:00 DEBUG 20072 --- [backend] [HikariPool-1 housekeeper] com.zaxxer.hikari.pool.HikariPool        : HikariPool-1 - Fill pool skipped, pool has sufficient level or currently being filled.
2026-08-31T14:08:13.421-04:00 DEBUG 20072 --- [backend] [HikariPool-1 housekeeper] com.zaxxer.hikari.pool.HikariPool        : HikariPool-1 - Pool stats (total=10, active=0, idle=10, waiting=0)
2026-08-31T14:08:13.425-04:00 DEBUG 20072 --- [backend] [HikariPool-1 housekeeper] com.zaxxer.hikari.pool.HikariPool        : HikariPool-1 - Fill pool skipped, pool has sufficient level or currently being filled.
2026-08-31T14:08:43.439-04:00 DEBUG 20072 --- [backend] [HikariPool-1 housekeeper] com.zaxxer.hikari.pool.HikariPool        : HikariPool-1 - Pool stats (total=10, active=0, idle=10, waiting=0)
2026-08-31T14:08:43.440-04:00 DEBUG 20072 --- [backend] [HikariPool-1 housekeeper] com.zaxxer.hikari.pool.HikariPool        : HikariPool-1 - Fill pool skipped, pool has sufficient level or currently being filled.
2026-08-31T14:09:13.441-04:00 DEBUG 20072 --- [backend] [HikariPool-1 housekeeper] com.zaxxer.hikari.pool.HikariPool        : HikariPool-1 - Pool stats (total=10, active=0, idle=10, waiting=0)
2026-08-31T14:09:13.441-04:00 DEBUG 20072 --- [backend] [HikariPool-1 housekeeper] com.zaxxer.hikari.pool.HikariPool        : HikariPool-1 - Fill pool skipped, pool has sufficient level or currently being filled.
2026-08-31T14:09:43.446-04:00 DEBUG 20072 --- [backend] [HikariPool-1 housekeeper] com.zaxxer.hikari.pool.HikariPool        : HikariPool-1 - Pool stats (total=10, active=0, idle=10, waiting=0)
2026-08-31T14:09:43.446-04:00 DEBUG 20072 --- [backend] [HikariPool-1 housekeeper] com.zaxxer.hikari.pool.HikariPool        : HikariPool-1 - Fill pool skipped, pool has sufficient level or currently being filled.
2026-08-31T14:10:13.451-04:00 DEBUG 20072 --- [backend] [HikariPool-1 housekeeper] com.zaxxer.hikari.pool.HikariPool        : HikariPool-1 - Pool stats (total=10, active=0, idle=10, waiting=0)
2026-08-31T14:10:13.451-04:00 DEBUG 20072 --- [backend] [HikariPool-1 housekeeper] com.zaxxer.hikari.pool.HikariPool        : HikariPool-1 - Fill pool skipped, pool has sufficient level or currently being filled.
2026-08-31T14:10:43.453-04:00 DEBUG 20072 --- [backend] [HikariPool-1 housekeeper] com.zaxxer.hikari.pool.HikariPool        : HikariPool-1 - Pool stats (total=10, active=0, idle=10, waiting=0)
2026-08-31T14:10:43.453-04:00 DEBUG 20072 --- [backend] [HikariPool-1 housekeeper] com.zaxxer.hikari.pool.HikariPool        : HikariPool-1 - Fill pool skipped, pool has sufficient level or currently being filled.
2026-08-31T14:11:13.466-04:00 DEBUG 20072 --- [backend] [HikariPool-1 housekeeper] com.zaxxer.hikari.pool.HikariPool        : HikariPool-1 - Pool stats (total=10, active=0, idle=10, waiting=0)
2026-08-31T14:11:13.473-04:00 DEBUG 20072 --- [backend] [HikariPool-1 housekeeper] com.zaxxer.hikari.pool.HikariPool        : HikariPool-1 - Fill pool skipped, pool has sufficient level or currently being filled.
2026-08-31T14:11:43.476-04:00 DEBUG 20072 --- [backend] [HikariPool-1 housekeeper] com.zaxxer.hikari.pool.HikariPool        : HikariPool-1 - Pool stats (total=10, active=0, idle=10, waiting=0)
2026-08-31T14:11:43.476-04:00 DEBUG 20072 --- [backend] [HikariPool-1 housekeeper] com.zaxxer.hikari.pool.HikariPool        : HikariPool-1 - Fill pool skipped, pool has sufficient level or currently being filled.
2026-08-31T14:12:13.486-04:00 DEBUG 20072 --- [backend] [HikariPool-1 housekeeper] com.zaxxer.hikari.pool.HikariPool        : HikariPool-1 - Pool stats (total=10, active=0, idle=10, waiting=0)
2026-08-31T14:12:13.486-04:00 DEBUG 20072 --- [backend] [HikariPool-1 housekeeper] com.zaxxer.hikari.pool.HikariPool        : HikariPool-1 - Fill pool skipped, pool has sufficient level or currently being filled.
2026-08-31T14:12:43.492-04:00 DEBUG 20072 --- [backend] [HikariPool-1 housekeeper] com.zaxxer.hikari.pool.HikariPool        : HikariPool-1 - Pool stats (total=10, active=0, idle=10, waiting=0)
2026-08-31T14:12:43.492-04:00 DEBUG 20072 --- [backend] [HikariPool-1 housekeeper] com.zaxxer.hikari.pool.HikariPool        : HikariPool-1 - Fill pool skipped, pool has sufficient level or currently being filled.
2026-08-31T14:13:13.499-04:00 DEBUG 20072 --- [backend] [HikariPool-1 housekeeper] com.zaxxer.hikari.pool.HikariPool        : HikariPool-1 - Pool stats (total=10, active=0, idle=10, waiting=0)
2026-08-31T14:13:13.499-04:00 DEBUG 20072 --- [backend] [HikariPool-1 housekeeper] com.zaxxer.hikari.pool.HikariPool        : HikariPool-1 - Fill pool skipped, pool has sufficient level or currently being filled.
2026-08-31T14:13:43.514-04:00 DEBUG 20072 --- [backend] [HikariPool-1 housekeeper] com.zaxxer.hikari.pool.HikariPool        : HikariPool-1 - Pool stats (total=10, active=0, idle=10, waiting=0)
2026-08-31T14:13:43.514-04:00 DEBUG 20072 --- [backend] [HikariPool-1 housekeeper] com.zaxxer.hikari.pool.HikariPool        : HikariPool-1 - Fill pool skipped, pool has sufficient level or currently being filled.
2026-08-31T14:14:13.528-04:00 DEBUG 20072 --- [backend] [HikariPool-1 housekeeper] com.zaxxer.hikari.pool.HikariPool        : HikariPool-1 - Pool stats (total=10, active=0, idle=10, waiting=0)
2026-08-31T14:14:13.528-04:00 DEBUG 20072 --- [backend] [HikariPool-1 housekeeper] com.zaxxer.hikari.pool.HikariPool        : HikariPool-1 - Fill pool skipped, pool has sufficient level or currently being filled.
2026-08-31T14:14:43.530-04:00 DEBUG 20072 --- [backend] [HikariPool-1 housekeeper] com.zaxxer.hikari.pool.HikariPool        : HikariPool-1 - Pool stats (total=10, active=0, idle=10, waiting=0)
2026-08-31T14:14:43.530-04:00 DEBUG 20072 --- [backend] [HikariPool-1 housekeeper] com.zaxxer.hikari.pool.HikariPool        : HikariPool-1 - Fill pool skipped, pool has sufficient level or currently being filled.
2026-08-31T14:15:13.542-04:00 DEBUG 20072 --- [backend] [HikariPool-1 housekeeper] com.zaxxer.hikari.pool.HikariPool        : HikariPool-1 - Pool stats (total=10, active=0, idle=10, waiting=0)
2026-08-31T14:15:13.542-04:00 DEBUG 20072 --- [backend] [HikariPool-1 housekeeper] com.zaxxer.hikari.pool.HikariPool        : HikariPool-1 - Fill pool skipped, pool has sufficient level or currently being filled.
2026-08-31T14:15:43.545-04:00 DEBUG 20072 --- [backend] [HikariPool-1 housekeeper] com.zaxxer.hikari.pool.HikariPool        : HikariPool-1 - Pool stats (total=10, active=0, idle=10, waiting=0)
2026-08-31T14:15:43.545-04:00 DEBUG 20072 --- [backend] [HikariPool-1 housekeeper] com.zaxxer.hikari.pool.HikariPool        : HikariPool-1 - Fill pool skipped, pool has sufficient level or currently being filled.
2026-08-31T14:16:13.554-04:00 DEBUG 20072 --- [backend] [HikariPool-1 housekeeper] com.zaxxer.hikari.pool.HikariPool        : HikariPool-1 - Pool stats (total=10, active=0, idle=10, waiting=0)
2026-08-31T14:16:13.554-04:00 DEBUG 20072 --- [backend] [HikariPool-1 housekeeper] com.zaxxer.hikari.pool.HikariPool        : HikariPool-1 - Fill pool skipped, pool has sufficient level or currently being filled.
2026-08-31T14:16:43.565-04:00 DEBUG 20072 --- [backend] [HikariPool-1 housekeeper] com.zaxxer.hikari.pool.HikariPool        : HikariPool-1 - Pool stats (total=10, active=0, idle=10, waiting=0)
2026-08-31T14:16:43.565-04:00 DEBUG 20072 --- [backend] [HikariPool-1 housekeeper] com.zaxxer.hikari.pool.HikariPool        : HikariPool-1 - Fill pool skipped, pool has sufficient level or currently being filled.
2026-08-31T14:17:13.567-04:00 DEBUG 20072 --- [backend] [HikariPool-1 housekeeper] com.zaxxer.hikari.pool.HikariPool        : HikariPool-1 - Pool stats (total=10, active=0, idle=10, waiting=0)
2026-08-31T14:17:13.567-04:00 DEBUG 20072 --- [backend] [HikariPool-1 housekeeper] com.zaxxer.hikari.pool.HikariPool        : HikariPool-1 - Fill pool skipped, pool has sufficient level or currently being filled.
2026-08-31T14:17:43.583-04:00 DEBUG 20072 --- [backend] [HikariPool-1 housekeeper] com.zaxxer.hikari.pool.HikariPool        : HikariPool-1 - Pool stats (total=10, active=0, idle=10, waiting=0)
2026-08-31T14:17:43.583-04:00 DEBUG 20072 --- [backend] [HikariPool-1 housekeeper] com.zaxxer.hikari.pool.HikariPool        : HikariPool-1 - Fill pool skipped, pool has sufficient level or currently being filled.
2026-08-31T14:18:13.598-04:00 DEBUG 20072 --- [backend] [HikariPool-1 housekeeper] com.zaxxer.hikari.pool.HikariPool        : HikariPool-1 - Pool stats (total=10, active=0, idle=10, waiting=0)
2026-08-31T14:18:13.598-04:00 DEBUG 20072 --- [backend] [HikariPool-1 housekeeper] com.zaxxer.hikari.pool.HikariPool        : HikariPool-1 - Fill pool skipped, pool has sufficient level or currently being filled.
2026-08-31T14:18:43.598-04:00 DEBUG 20072 --- [backend] [HikariPool-1 housekeeper] com.zaxxer.hikari.pool.HikariPool        : HikariPool-1 - Pool stats (total=10, active=0, idle=10, waiting=0)
2026-08-31T14:18:43.599-04:00 DEBUG 20072 --- [backend] [HikariPool-1 housekeeper] com.zaxxer.hikari.pool.HikariPool        : HikariPool-1 - Fill pool skipped, pool has sufficient level or currently being filled.
2026-08-31T14:19:13.609-04:00 DEBUG 20072 --- [backend] [HikariPool-1 housekeeper] com.zaxxer.hikari.pool.HikariPool        : HikariPool-1 - Pool stats (total=10, active=0, idle=10, waiting=0)
2026-08-31T14:19:13.609-04:00 DEBUG 20072 --- [backend] [HikariPool-1 housekeeper] com.zaxxer.hikari.pool.HikariPool        : HikariPool-1 - Fill pool skipped, pool has sufficient level or currently being filled.
2026-08-31T14:19:43.623-04:00 DEBUG 20072 --- [backend] [HikariPool-1 housekeeper] com.zaxxer.hikari.pool.HikariPool        : HikariPool-1 - Pool stats (total=10, active=0, idle=10, waiting=0)
2026-08-31T14:19:43.623-04:00 DEBUG 20072 --- [backend] [HikariPool-1 housekeeper] com.zaxxer.hikari.pool.HikariPool        : HikariPool-1 - Fill pool skipped, pool has sufficient level or currently being filled.
2026-08-31T14:20:13.624-04:00 DEBUG 20072 --- [backend] [HikariPool-1 housekeeper] com.zaxxer.hikari.pool.HikariPool        : HikariPool-1 - Pool stats (total=10, active=0, idle=10, waiting=0)
2026-08-31T14:20:13.624-04:00 DEBUG 20072 --- [backend] [HikariPool-1 housekeeper] com.zaxxer.hikari.pool.HikariPool        : HikariPool-1 - Fill pool skipped, pool has sufficient level or currently being filled.
2026-08-31T14:20:43.636-04:00 DEBUG 20072 --- [backend] [HikariPool-1 housekeeper] com.zaxxer.hikari.pool.HikariPool        : HikariPool-1 - Pool stats (total=10, active=0, idle=10, waiting=0)
2026-08-31T14:20:43.636-04:00 DEBUG 20072 --- [backend] [HikariPool-1 housekeeper] com.zaxxer.hikari.pool.HikariPool        : HikariPool-1 - Fill pool skipped, pool has sufficient level or currently being filled.
2026-08-31T14:21:13.651-04:00 DEBUG 20072 --- [backend] [HikariPool-1 housekeeper] com.zaxxer.hikari.pool.HikariPool        : HikariPool-1 - Pool stats (total=10, active=0, idle=10, waiting=0)
2026-08-31T14:21:13.651-04:00 DEBUG 20072 --- [backend] [HikariPool-1 housekeeper] com.zaxxer.hikari.pool.HikariPool        : HikariPool-1 - Fill pool skipped, pool has sufficient level or currently being filled.
2026-08-31T14:21:43.658-04:00 DEBUG 20072 --- [backend] [HikariPool-1 housekeeper] com.zaxxer.hikari.pool.HikariPool        : HikariPool-1 - Pool stats (total=10, active=0, idle=10, waiting=0)
2026-08-31T14:21:43.658-04:00 DEBUG 20072 --- [backend] [HikariPool-1 housekeeper] com.zaxxer.hikari.pool.HikariPool        : HikariPool-1 - Fill pool skipped, pool has sufficient level or currently being filled.
2026-08-31T14:22:13.664-04:00 DEBUG 20072 --- [backend] [HikariPool-1 housekeeper] com.zaxxer.hikari.pool.HikariPool        : HikariPool-1 - Pool stats (total=10, active=0, idle=10, waiting=0)
2026-08-31T14:22:13.664-04:00 DEBUG 20072 --- [backend] [HikariPool-1 housekeeper] com.zaxxer.hikari.pool.HikariPool        : HikariPool-1 - Fill pool skipped, pool has sufficient level or currently being filled.
2026-08-31T14:22:17.048-04:00 DEBUG 20072 --- [backend] [HikariPool-1 connection closer] com.zaxxer.hikari.pool.PoolBase          : HikariPool-1 - Closing connection com.mysql.cj.jdbc.ConnectionImpl@37eaff6f: (connection has passed maxLifetime)
2026-08-31T14:22:17.073-04:00 DEBUG 20072 --- [backend] [HikariPool-1 connection adder] com.zaxxer.hikari.pool.HikariPool        : HikariPool-1 - Added connection com.mysql.cj.jdbc.ConnectionImpl@17b948c3
2026-08-31T14:22:17.115-04:00 DEBUG 20072 --- [backend] [HikariPool-1 connection adder] com.zaxxer.hikari.pool.HikariPool        : HikariPool-1 - Connection not added, stats (total=10, active=0, idle=10, waiting=0)
2026-08-31T14:22:24.349-04:00 DEBUG 20072 --- [backend] [HikariPool-1 connection closer] com.zaxxer.hikari.pool.PoolBase          : HikariPool-1 - Closing connection com.mysql.cj.jdbc.ConnectionImpl@76d7f554: (connection has passed maxLifetime)
2026-08-31T14:22:24.373-04:00 DEBUG 20072 --- [backend] [HikariPool-1 connection adder] com.zaxxer.hikari.pool.HikariPool        : HikariPool-1 - Added connection com.mysql.cj.jdbc.ConnectionImpl@70d9e7b4
2026-08-31T14:22:24.414-04:00 DEBUG 20072 --- [backend] [HikariPool-1 connection adder] com.zaxxer.hikari.pool.HikariPool        : HikariPool-1 - Connection not added, stats (total=10, active=0, idle=10, waiting=0)
2026-08-31T14:22:30.795-04:00 DEBUG 20072 --- [backend] [HikariPool-1 connection closer] com.zaxxer.hikari.pool.PoolBase          : HikariPool-1 - Closing connection com.mysql.cj.jdbc.ConnectionImpl@40f54b8b: (connection has passed maxLifetime)
2026-08-31T14:22:30.816-04:00 DEBUG 20072 --- [backend] [HikariPool-1 connection adder] com.zaxxer.hikari.pool.HikariPool        : HikariPool-1 - Added connection com.mysql.cj.jdbc.ConnectionImpl@4d0c4ff8
2026-08-31T14:22:30.849-04:00 DEBUG 20072 --- [backend] [HikariPool-1 connection adder] com.zaxxer.hikari.pool.HikariPool        : HikariPool-1 - Connection not added, stats (total=10, active=0, idle=10, waiting=0)
2026-08-31T14:22:32.881-04:00 DEBUG 20072 --- [backend] [HikariPool-1 connection closer] com.zaxxer.hikari.pool.PoolBase          : HikariPool-1 - Closing connection com.mysql.cj.jdbc.ConnectionImpl@23c7e006: (connection has passed maxLifetime)
2026-08-31T14:22:32.909-04:00 DEBUG 20072 --- [backend] [HikariPool-1 connection adder] com.zaxxer.hikari.pool.HikariPool        : HikariPool-1 - Added connection com.mysql.cj.jdbc.ConnectionImpl@c3145c3
2026-08-31T14:22:32.947-04:00 DEBUG 20072 --- [backend] [HikariPool-1 connection adder] com.zaxxer.hikari.pool.HikariPool        : HikariPool-1 - Connection not added, stats (total=10, active=0, idle=10, waiting=0)
2026-08-31T14:22:42.198-04:00 DEBUG 20072 --- [backend] [HikariPool-1 connection closer] com.zaxxer.hikari.pool.PoolBase          : HikariPool-1 - Closing connection com.mysql.cj.jdbc.ConnectionImpl@f4e1052: (connection has passed maxLifetime)
2026-08-31T14:22:42.218-04:00 DEBUG 20072 --- [backend] [HikariPool-1 connection adder] com.zaxxer.hikari.pool.HikariPool        : HikariPool-1 - Added connection com.mysql.cj.jdbc.ConnectionImpl@46ec4797
2026-08-31T14:22:42.264-04:00 DEBUG 20072 --- [backend] [HikariPool-1 connection adder] com.zaxxer.hikari.pool.HikariPool        : HikariPool-1 - Connection not added, stats (total=10, active=0, idle=10, waiting=0)
2026-08-31T14:22:43.680-04:00 DEBUG 20072 --- [backend] [HikariPool-1 housekeeper] com.zaxxer.hikari.pool.HikariPool        : HikariPool-1 - Pool stats (total=10, active=0, idle=10, waiting=0)
2026-08-31T14:22:43.680-04:00 DEBUG 20072 --- [backend] [HikariPool-1 housekeeper] com.zaxxer.hikari.pool.HikariPool        : HikariPool-1 - Fill pool skipped, pool has sufficient level or currently being filled.
2026-08-31T14:22:43.729-04:00 DEBUG 20072 --- [backend] [HikariPool-1 connection closer] com.zaxxer.hikari.pool.PoolBase          : HikariPool-1 - Closing connection com.mysql.cj.jdbc.ConnectionImpl@1c8f693b: (connection has passed maxLifetime)
2026-08-31T14:22:43.763-04:00 DEBUG 20072 --- [backend] [HikariPool-1 connection adder] com.zaxxer.hikari.pool.HikariPool        : HikariPool-1 - Added connection com.mysql.cj.jdbc.ConnectionImpl@7d14dac
2026-08-31T14:22:43.802-04:00 DEBUG 20072 --- [backend] [HikariPool-1 connection adder] com.zaxxer.hikari.pool.HikariPool        : HikariPool-1 - Connection not added, stats (total=10, active=0, idle=10, waiting=0)
2026-08-31T14:22:43.862-04:00 DEBUG 20072 --- [backend] [HikariPool-1 connection closer] com.zaxxer.hikari.pool.PoolBase          : HikariPool-1 - Closing connection com.mysql.cj.jdbc.ConnectionImpl@5ec4068f: (connection has passed maxLifetime)
2026-08-31T14:22:43.884-04:00 DEBUG 20072 --- [backend] [HikariPool-1 connection adder] com.zaxxer.hikari.pool.HikariPool        : HikariPool-1 - Added connection com.mysql.cj.jdbc.ConnectionImpl@361c6c31
2026-08-31T14:22:43.928-04:00 DEBUG 20072 --- [backend] [HikariPool-1 connection adder] com.zaxxer.hikari.pool.HikariPool        : HikariPool-1 - Connection not added, stats (total=10, active=0, idle=10, waiting=0)
2026-08-31T14:22:47.046-04:00 DEBUG 20072 --- [backend] [HikariPool-1 connection closer] com.zaxxer.hikari.pool.PoolBase          : HikariPool-1 - Closing connection com.mysql.cj.jdbc.ConnectionImpl@6f61ef1d: (connection has passed maxLifetime)
2026-08-31T14:22:47.071-04:00 DEBUG 20072 --- [backend] [HikariPool-1 connection adder] com.zaxxer.hikari.pool.HikariPool        : HikariPool-1 - Added connection com.mysql.cj.jdbc.ConnectionImpl@67feb2e3
2026-08-31T14:22:47.115-04:00 DEBUG 20072 --- [backend] [HikariPool-1 connection adder] com.zaxxer.hikari.pool.HikariPool        : HikariPool-1 - Connection not added, stats (total=10, active=0, idle=10, waiting=0)
2026-08-31T14:23:04.696-04:00 DEBUG 20072 --- [backend] [HikariPool-1 connection closer] com.zaxxer.hikari.pool.PoolBase          : HikariPool-1 - Closing connection com.mysql.cj.jdbc.ConnectionImpl@2e5ce526: (connection has passed maxLifetime)
2026-08-31T14:23:04.717-04:00 DEBUG 20072 --- [backend] [HikariPool-1 connection adder] com.zaxxer.hikari.pool.HikariPool        : HikariPool-1 - Added connection com.mysql.cj.jdbc.ConnectionImpl@661749d5
2026-08-31T14:23:04.758-04:00 DEBUG 20072 --- [backend] [HikariPool-1 connection adder] com.zaxxer.hikari.pool.HikariPool        : HikariPool-1 - Connection not added, stats (total=10, active=0, idle=10, waiting=0)
2026-08-31T14:23:09.368-04:00 DEBUG 20072 --- [backend] [HikariPool-1 connection closer] com.zaxxer.hikari.pool.PoolBase          : HikariPool-1 - Closing connection com.mysql.cj.jdbc.ConnectionImpl@5d2c53f5: (connection has passed maxLifetime)
2026-08-31T14:23:09.389-04:00 DEBUG 20072 --- [backend] [HikariPool-1 connection adder] com.zaxxer.hikari.pool.HikariPool        : HikariPool-1 - Added connection com.mysql.cj.jdbc.ConnectionImpl@272a43ee
2026-08-31T14:23:09.429-04:00 DEBUG 20072 --- [backend] [HikariPool-1 connection adder] com.zaxxer.hikari.pool.HikariPool        : HikariPool-1 - Connection not added, stats (total=10, active=0, idle=10, waiting=0)
2026-08-31T14:23:13.691-04:00 DEBUG 20072 --- [backend] [HikariPool-1 housekeeper] com.zaxxer.hikari.pool.HikariPool        : HikariPool-1 - Pool stats (total=10, active=0, idle=10, waiting=0)
2026-08-31T14:23:13.691-04:00 DEBUG 20072 --- [backend] [HikariPool-1 housekeeper] com.zaxxer.hikari.pool.HikariPool        : HikariPool-1 - Fill pool skipped, pool has sufficient level or currently being filled.
2026-08-31T14:23:43.694-04:00 DEBUG 20072 --- [backend] [HikariPool-1 housekeeper] com.zaxxer.hikari.pool.HikariPool        : HikariPool-1 - Pool stats (total=10, active=0, idle=10, waiting=0)
2026-08-31T14:23:43.694-04:00 DEBUG 20072 --- [backend] [HikariPool-1 housekeeper] com.zaxxer.hikari.pool.HikariPool        : HikariPool-1 - Fill pool skipped, pool has sufficient level or currently being filled.
2026-08-31T14:24:13.710-04:00 DEBUG 20072 --- [backend] [HikariPool-1 housekeeper] com.zaxxer.hikari.pool.HikariPool        : HikariPool-1 - Pool stats (total=10, active=0, idle=10, waiting=0)
2026-08-31T14:24:13.710-04:00 DEBUG 20072 --- [backend] [HikariPool-1 housekeeper] com.zaxxer.hikari.pool.HikariPool        : HikariPool-1 - Fill pool skipped, pool has sufficient level or currently being filled.
2026-08-31T14:24:43.725-04:00 DEBUG 20072 --- [backend] [HikariPool-1 housekeeper] com.zaxxer.hikari.pool.HikariPool        : HikariPool-1 - Pool stats (total=10, active=0, idle=10, waiting=0)
2026-08-31T14:24:43.725-04:00 DEBUG 20072 --- [backend] [HikariPool-1 housekeeper] com.zaxxer.hikari.pool.HikariPool        : HikariPool-1 - Fill pool skipped, pool has sufficient level or currently being filled.
2026-08-31T14:25:13.730-04:00 DEBUG 20072 --- [backend] [HikariPool-1 housekeeper] com.zaxxer.hikari.pool.HikariPool        : HikariPool-1 - Pool stats (total=10, active=0, idle=10, waiting=0)
2026-08-31T14:25:13.730-04:00 DEBUG 20072 --- [backend] [HikariPool-1 housekeeper] com.zaxxer.hikari.pool.HikariPool        : HikariPool-1 - Fill pool skipped, pool has sufficient level or currently being filled.
2026-08-31T14:25:43.735-04:00 DEBUG 20072 --- [backend] [HikariPool-1 housekeeper] com.zaxxer.hikari.pool.HikariPool        : HikariPool-1 - Pool stats (total=10, active=0, idle=10, waiting=0)
2026-08-31T14:25:43.735-04:00 DEBUG 20072 --- [backend] [HikariPool-1 housekeeper] com.zaxxer.hikari.pool.HikariPool        : HikariPool-1 - Fill pool skipped, pool has sufficient level or currently being filled.
2026-08-31T14:26:13.749-04:00 DEBUG 20072 --- [backend] [HikariPool-1 housekeeper] com.zaxxer.hikari.pool.HikariPool        : HikariPool-1 - Pool stats (total=10, active=0, idle=10, waiting=0)
2026-08-31T14:26:13.749-04:00 DEBUG 20072 --- [backend] [HikariPool-1 housekeeper] com.zaxxer.hikari.pool.HikariPool        : HikariPool-1 - Fill pool skipped, pool has sufficient level or currently being filled.
2026-08-31T14:26:43.764-04:00 DEBUG 20072 --- [backend] [HikariPool-1 housekeeper] com.zaxxer.hikari.pool.HikariPool        : HikariPool-1 - Pool stats (total=10, active=0, idle=10, waiting=0)
2026-08-31T14:26:43.764-04:00 DEBUG 20072 --- [backend] [HikariPool-1 housekeeper] com.zaxxer.hikari.pool.HikariPool        : HikariPool-1 - Fill pool skipped, pool has sufficient level or currently being filled.
2026-08-31T14:27:13.779-04:00 DEBUG 20072 --- [backend] [HikariPool-1 housekeeper] com.zaxxer.hikari.pool.HikariPool        : HikariPool-1 - Pool stats (total=10, active=0, idle=10, waiting=0)
2026-08-31T14:27:13.779-04:00 DEBUG 20072 --- [backend] [HikariPool-1 housekeeper] com.zaxxer.hikari.pool.HikariPool        : HikariPool-1 - Fill pool skipped, pool has sufficient level or currently being filled.
2026-08-31T14:27:43.795-04:00 DEBUG 20072 --- [backend] [HikariPool-1 housekeeper] com.zaxxer.hikari.pool.HikariPool        : HikariPool-1 - Pool stats (total=10, active=0, idle=10, waiting=0)
2026-08-31T14:27:43.795-04:00 DEBUG 20072 --- [backend] [HikariPool-1 housekeeper] com.zaxxer.hikari.pool.HikariPool        : HikariPool-1 - Fill pool skipped, pool has sufficient level or currently being filled.
2026-08-31T14:28:13.807-04:00 DEBUG 20072 --- [backend] [HikariPool-1 housekeeper] com.zaxxer.hikari.pool.HikariPool        : HikariPool-1 - Pool stats (total=10, active=0, idle=10, waiting=0)
2026-08-31T14:28:13.807-04:00 DEBUG 20072 --- [backend] [HikariPool-1 housekeeper] com.zaxxer.hikari.pool.HikariPool        : HikariPool-1 - Fill pool skipped, pool has sufficient level or currently being filled.
2026-08-31T14:28:43.808-04:00 DEBUG 20072 --- [backend] [HikariPool-1 housekeeper] com.zaxxer.hikari.pool.HikariPool        : HikariPool-1 - Pool stats (total=10, active=0, idle=10, waiting=0)
2026-08-31T14:28:43.808-04:00 DEBUG 20072 --- [backend] [HikariPool-1 housekeeper] com.zaxxer.hikari.pool.HikariPool        : HikariPool-1 - Fill pool skipped, pool has sufficient level or currently being filled.
2026-08-31T14:29:13.816-04:00 DEBUG 20072 --- [backend] [HikariPool-1 housekeeper] com.zaxxer.hikari.pool.HikariPool        : HikariPool-1 - Pool stats (total=10, active=0, idle=10, waiting=0)
2026-08-31T14:29:13.816-04:00 DEBUG 20072 --- [backend] [HikariPool-1 housekeeper] com.zaxxer.hikari.pool.HikariPool        : HikariPool-1 - Fill pool skipped, pool has sufficient level or currently being filled.
2026-08-31T14:29:43.831-04:00 DEBUG 20072 --- [backend] [HikariPool-1 housekeeper] com.zaxxer.hikari.pool.HikariPool        : HikariPool-1 - Pool stats (total=10, active=0, idle=10, waiting=0)
2026-08-31T14:29:43.831-04:00 DEBUG 20072 --- [backend] [HikariPool-1 housekeeper] com.zaxxer.hikari.pool.HikariPool        : HikariPool-1 - Fill pool skipped, pool has sufficient level or currently being filled.
2026-08-31T14:30:13.836-04:00 DEBUG 20072 --- [backend] [HikariPool-1 housekeeper] com.zaxxer.hikari.pool.HikariPool        : HikariPool-1 - Pool stats (total=10, active=0, idle=10, waiting=0)
2026-08-31T14:30:13.836-04:00 DEBUG 20072 --- [backend] [HikariPool-1 housekeeper] com.zaxxer.hikari.pool.HikariPool        : HikariPool-1 - Fill pool skipped, pool has sufficient level or currently being filled.
2026-08-31T14:30:43.849-04:00 DEBUG 20072 --- [backend] [HikariPool-1 housekeeper] com.zaxxer.hikari.pool.HikariPool        : HikariPool-1 - Pool stats (total=10, active=0, idle=10, waiting=0)
2026-08-31T14:30:43.849-04:00 DEBUG 20072 --- [backend] [HikariPool-1 housekeeper] com.zaxxer.hikari.pool.HikariPool        : HikariPool-1 - Fill pool skipped, pool has sufficient level or currently being filled.
2026-08-31T14:31:13.858-04:00 DEBUG 20072 --- [backend] [HikariPool-1 housekeeper] com.zaxxer.hikari.pool.HikariPool        : HikariPool-1 - Pool stats (total=10, active=0, idle=10, waiting=0)
2026-08-31T14:31:13.858-04:00 DEBUG 20072 --- [backend] [HikariPool-1 housekeeper] com.zaxxer.hikari.pool.HikariPool        : HikariPool-1 - Fill pool skipped, pool has sufficient level or currently being filled.
2026-08-31T14:31:43.863-04:00 DEBUG 20072 --- [backend] [HikariPool-1 housekeeper] com.zaxxer.hikari.pool.HikariPool        : HikariPool-1 - Pool stats (total=10, active=0, idle=10, waiting=0)
2026-08-31T14:31:43.863-04:00 DEBUG 20072 --- [backend] [HikariPool-1 housekeeper] com.zaxxer.hikari.pool.HikariPool        : HikariPool-1 - Fill pool skipped, pool has sufficient level or currently being filled.
2026-08-31T14:32:13.864-04:00 DEBUG 20072 --- [backend] [HikariPool-1 housekeeper] com.zaxxer.hikari.pool.HikariPool        : HikariPool-1 - Pool stats (total=10, active=0, idle=10, waiting=0)
2026-08-31T14:32:13.864-04:00 DEBUG 20072 --- [backend] [HikariPool-1 housekeeper] com.zaxxer.hikari.pool.HikariPool        : HikariPool-1 - Fill pool skipped, pool has sufficient level or currently being filled.
2026-08-31T14:32:43.873-04:00 DEBUG 20072 --- [backend] [HikariPool-1 housekeeper] com.zaxxer.hikari.pool.HikariPool        : HikariPool-1 - Pool stats (total=10, active=0, idle=10, waiting=0)
2026-08-31T14:32:43.873-04:00 DEBUG 20072 --- [backend] [HikariPool-1 housekeeper] com.zaxxer.hikari.pool.HikariPool        : HikariPool-1 - Fill pool skipped, pool has sufficient level or currently being filled.
2026-08-31T14:33:13.882-04:00 DEBUG 20072 --- [backend] [HikariPool-1 housekeeper] com.zaxxer.hikari.pool.HikariPool        : HikariPool-1 - Pool stats (total=10, active=0, idle=10, waiting=0)
2026-08-31T14:33:13.882-04:00 DEBUG 20072 --- [backend] [HikariPool-1 housekeeper] com.zaxxer.hikari.pool.HikariPool        : HikariPool-1 - Fill pool skipped, pool has sufficient level or currently being filled.
2026-08-31T14:33:43.890-04:00 DEBUG 20072 --- [backend] [HikariPool-1 housekeeper] com.zaxxer.hikari.pool.HikariPool        : HikariPool-1 - Pool stats (total=10, active=0, idle=10, waiting=0)
2026-08-31T14:33:43.890-04:00 DEBUG 20072 --- [backend] [HikariPool-1 housekeeper] com.zaxxer.hikari.pool.HikariPool        : HikariPool-1 - Fill pool skipped, pool has sufficient level or currently being filled.
2026-08-31T14:34:13.902-04:00 DEBUG 20072 --- [backend] [HikariPool-1 housekeeper] com.zaxxer.hikari.pool.HikariPool        : HikariPool-1 - Pool stats (total=10, active=0, idle=10, waiting=0)
2026-08-31T14:34:13.902-04:00 DEBUG 20072 --- [backend] [HikariPool-1 housekeeper] com.zaxxer.hikari.pool.HikariPool        : HikariPool-1 - Fill pool skipped, pool has sufficient level or currently being filled.
2026-08-31T14:34:43.918-04:00 DEBUG 20072 --- [backend] [HikariPool-1 housekeeper] com.zaxxer.hikari.pool.HikariPool        : HikariPool-1 - Pool stats (total=10, active=0, idle=10, waiting=0)
2026-08-31T14:34:43.918-04:00 DEBUG 20072 --- [backend] [HikariPool-1 housekeeper] com.zaxxer.hikari.pool.HikariPool        : HikariPool-1 - Fill pool skipped, pool has sufficient level or currently being filled.
2026-08-31T14:35:13.932-04:00 DEBUG 20072 --- [backend] [HikariPool-1 housekeeper] com.zaxxer.hikari.pool.HikariPool        : HikariPool-1 - Pool stats (total=10, active=0, idle=10, waiting=0)
2026-08-31T14:35:13.932-04:00 DEBUG 20072 --- [backend] [HikariPool-1 housekeeper] com.zaxxer.hikari.pool.HikariPool        : HikariPool-1 - Fill pool skipped, pool has sufficient level or currently being filled.
2026-08-31T14:35:43.948-04:00 DEBUG 20072 --- [backend] [HikariPool-1 housekeeper] com.zaxxer.hikari.pool.HikariPool        : HikariPool-1 - Pool stats (total=10, active=0, idle=10, waiting=0)
2026-08-31T14:35:43.948-04:00 DEBUG 20072 --- [backend] [HikariPool-1 housekeeper] com.zaxxer.hikari.pool.HikariPool        : HikariPool-1 - Fill pool skipped, pool has sufficient level or currently being filled.
2026-08-31T14:36:13.949-04:00 DEBUG 20072 --- [backend] [HikariPool-1 housekeeper] com.zaxxer.hikari.pool.HikariPool        : HikariPool-1 - Pool stats (total=10, active=0, idle=10, waiting=0)
2026-08-31T14:36:13.949-04:00 DEBUG 20072 --- [backend] [HikariPool-1 housekeeper] com.zaxxer.hikari.pool.HikariPool        : HikariPool-1 - Fill pool skipped, pool has sufficient level or currently being filled.
2026-08-31T14:36:43.959-04:00 DEBUG 20072 --- [backend] [HikariPool-1 housekeeper] com.zaxxer.hikari.pool.HikariPool        : HikariPool-1 - Pool stats (total=10, active=0, idle=10, waiting=0)
2026-08-31T14:36:43.960-04:00 DEBUG 20072 --- [backend] [HikariPool-1 housekeeper] com.zaxxer.hikari.pool.HikariPool        : HikariPool-1 - Fill pool skipped, pool has sufficient level or currently being filled.
2026-08-31T14:37:13.962-04:00 DEBUG 20072 --- [backend] [HikariPool-1 housekeeper] com.zaxxer.hikari.pool.HikariPool        : HikariPool-1 - Pool stats (total=10, active=0, idle=10, waiting=0)
2026-08-31T14:37:13.962-04:00 DEBUG 20072 --- [backend] [HikariPool-1 housekeeper] com.zaxxer.hikari.pool.HikariPool        : HikariPool-1 - Fill pool skipped, pool has sufficient level or currently being filled.
2026-08-31T14:37:43.972-04:00 DEBUG 20072 --- [backend] [HikariPool-1 housekeeper] com.zaxxer.hikari.pool.HikariPool        : HikariPool-1 - Pool stats (total=10, active=0, idle=10, waiting=0)
2026-08-31T14:37:43.973-04:00 DEBUG 20072 --- [backend] [HikariPool-1 housekeeper] com.zaxxer.hikari.pool.HikariPool        : HikariPool-1 - Fill pool skipped, pool has sufficient level or currently being filled.
2026-08-31T14:38:13.986-04:00 DEBUG 20072 --- [backend] [HikariPool-1 housekeeper] com.zaxxer.hikari.pool.HikariPool        : HikariPool-1 - Pool stats (total=10, active=0, idle=10, waiting=0)
2026-08-31T14:38:13.986-04:00 DEBUG 20072 --- [backend] [HikariPool-1 housekeeper] com.zaxxer.hikari.pool.HikariPool        : HikariPool-1 - Fill pool skipped, pool has sufficient level or currently being filled.
2026-08-31T14:38:43.988-04:00 DEBUG 20072 --- [backend] [HikariPool-1 housekeeper] com.zaxxer.hikari.pool.HikariPool        : HikariPool-1 - Pool stats (total=10, active=0, idle=10, waiting=0)
2026-08-31T14:38:43.989-04:00 DEBUG 20072 --- [backend] [HikariPool-1 housekeeper] com.zaxxer.hikari.pool.HikariPool        : HikariPool-1 - Fill pool skipped, pool has sufficient level or currently being filled.
2026-08-31T14:39:13.999-04:00 DEBUG 20072 --- [backend] [HikariPool-1 housekeeper] com.zaxxer.hikari.pool.HikariPool        : HikariPool-1 - Pool stats (total=10, active=0, idle=10, waiting=0)
2026-08-31T14:39:13.999-04:00 DEBUG 20072 --- [backend] [HikariPool-1 housekeeper] com.zaxxer.hikari.pool.HikariPool        : HikariPool-1 - Fill pool skipped, pool has sufficient level or currently being filled.
2026-08-31T14:39:44.002-04:00 DEBUG 20072 --- [backend] [HikariPool-1 housekeeper] com.zaxxer.hikari.pool.HikariPool        : HikariPool-1 - Pool stats (total=10, active=0, idle=10, waiting=0)
2026-08-31T14:39:44.002-04:00 DEBUG 20072 --- [backend] [HikariPool-1 housekeeper] com.zaxxer.hikari.pool.HikariPool        : HikariPool-1 - Fill pool skipped, pool has sufficient level or currently being filled.
2026-08-31T14:40:14.014-04:00 DEBUG 20072 --- [backend] [HikariPool-1 housekeeper] com.zaxxer.hikari.pool.HikariPool        : HikariPool-1 - Pool stats (total=10, active=0, idle=10, waiting=0)
2026-08-31T14:40:14.014-04:00 DEBUG 20072 --- [backend] [HikariPool-1 housekeeper] com.zaxxer.hikari.pool.HikariPool        : HikariPool-1 - Fill pool skipped, pool has sufficient level or currently being filled.
2026-08-31T14:40:44.022-04:00 DEBUG 20072 --- [backend] [HikariPool-1 housekeeper] com.zaxxer.hikari.pool.HikariPool        : HikariPool-1 - Pool stats (total=10, active=0, idle=10, waiting=0)
2026-08-31T14:40:44.022-04:00 DEBUG 20072 --- [backend] [HikariPool-1 housekeeper] com.zaxxer.hikari.pool.HikariPool        : HikariPool-1 - Fill pool skipped, pool has sufficient level or currently being filled.
2026-08-31T14:41:14.026-04:00 DEBUG 20072 --- [backend] [HikariPool-1 housekeeper] com.zaxxer.hikari.pool.HikariPool        : HikariPool-1 - Pool stats (total=10, active=0, idle=10, waiting=0)
2026-08-31T14:41:14.026-04:00 DEBUG 20072 --- [backend] [HikariPool-1 housekeeper] com.zaxxer.hikari.pool.HikariPool        : HikariPool-1 - Fill pool skipped, pool has sufficient level or currently being filled.
2026-08-31T14:41:44.028-04:00 DEBUG 20072 --- [backend] [HikariPool-1 housekeeper] com.zaxxer.hikari.pool.HikariPool        : HikariPool-1 - Pool stats (total=10, active=0, idle=10, waiting=0)
2026-08-31T14:41:44.028-04:00 DEBUG 20072 --- [backend] [HikariPool-1 housekeeper] com.zaxxer.hikari.pool.HikariPool        : HikariPool-1 - Fill pool skipped, pool has sufficient level or currently being filled.
2026-08-31T14:42:14.042-04:00 DEBUG 20072 --- [backend] [HikariPool-1 housekeeper] com.zaxxer.hikari.pool.HikariPool        : HikariPool-1 - Pool stats (total=10, active=0, idle=10, waiting=0)
2026-08-31T14:42:14.042-04:00 DEBUG 20072 --- [backend] [HikariPool-1 housekeeper] com.zaxxer.hikari.pool.HikariPool        : HikariPool-1 - Fill pool skipped, pool has sufficient level or currently being filled.
2026-08-31T14:42:44.054-04:00 DEBUG 20072 --- [backend] [HikariPool-1 housekeeper] com.zaxxer.hikari.pool.HikariPool        : HikariPool-1 - Pool stats (total=10, active=0, idle=10, waiting=0)
2026-08-31T14:42:44.054-04:00 DEBUG 20072 --- [backend] [HikariPool-1 housekeeper] com.zaxxer.hikari.pool.HikariPool        : HikariPool-1 - Fill pool skipped, pool has sufficient level or currently being filled.
2026-08-31T14:43:14.068-04:00 DEBUG 20072 --- [backend] [HikariPool-1 housekeeper] com.zaxxer.hikari.pool.HikariPool        : HikariPool-1 - Pool stats (total=10, active=0, idle=10, waiting=0)
2026-08-31T14:43:14.068-04:00 DEBUG 20072 --- [backend] [HikariPool-1 housekeeper] com.zaxxer.hikari.pool.HikariPool        : HikariPool-1 - Fill pool skipped, pool has sufficient level or currently being filled.
2026-08-31T14:43:44.084-04:00 DEBUG 20072 --- [backend] [HikariPool-1 housekeeper] com.zaxxer.hikari.pool.HikariPool        : HikariPool-1 - Pool stats (total=10, active=0, idle=10, waiting=0)
2026-08-31T14:43:44.084-04:00 DEBUG 20072 --- [backend] [HikariPool-1 housekeeper] com.zaxxer.hikari.pool.HikariPool        : HikariPool-1 - Fill pool skipped, pool has sufficient level or currently being filled.
2026-08-31T14:44:14.098-04:00 DEBUG 20072 --- [backend] [HikariPool-1 housekeeper] com.zaxxer.hikari.pool.HikariPool        : HikariPool-1 - Pool stats (total=10, active=0, idle=10, waiting=0)
2026-08-31T14:44:14.098-04:00 DEBUG 20072 --- [backend] [HikariPool-1 housekeeper] com.zaxxer.hikari.pool.HikariPool        : HikariPool-1 - Fill pool skipped, pool has sufficient level or currently being filled.
2026-08-31T14:44:44.099-04:00 DEBUG 20072 --- [backend] [HikariPool-1 housekeeper] com.zaxxer.hikari.pool.HikariPool        : HikariPool-1 - Pool stats (total=10, active=0, idle=10, waiting=0)
2026-08-31T14:44:44.099-04:00 DEBUG 20072 --- [backend] [HikariPool-1 housekeeper] com.zaxxer.hikari.pool.HikariPool        : HikariPool-1 - Fill pool skipped, pool has sufficient level or currently being filled.
2026-08-31T14:45:14.109-04:00 DEBUG 20072 --- [backend] [HikariPool-1 housekeeper] com.zaxxer.hikari.pool.HikariPool        : HikariPool-1 - Pool stats (total=10, active=0, idle=10, waiting=0)
2026-08-31T14:45:14.109-04:00 DEBUG 20072 --- [backend] [HikariPool-1 housekeeper] com.zaxxer.hikari.pool.HikariPool        : HikariPool-1 - Fill pool skipped, pool has sufficient level or currently being filled.
2026-08-31T14:45:44.126-04:00 DEBUG 20072 --- [backend] [HikariPool-1 housekeeper] com.zaxxer.hikari.pool.HikariPool        : HikariPool-1 - Pool stats (total=10, active=0, idle=10, waiting=0)
2026-08-31T14:45:44.126-04:00 DEBUG 20072 --- [backend] [HikariPool-1 housekeeper] com.zaxxer.hikari.pool.HikariPool        : HikariPool-1 - Fill pool skipped, pool has sufficient level or currently being filled.
2026-08-31T14:46:14.140-04:00 DEBUG 20072 --- [backend] [HikariPool-1 housekeeper] com.zaxxer.hikari.pool.HikariPool        : HikariPool-1 - Pool stats (total=10, active=0, idle=10, waiting=0)
2026-08-31T14:46:14.141-04:00 DEBUG 20072 --- [backend] [HikariPool-1 housekeeper] com.zaxxer.hikari.pool.HikariPool        : HikariPool-1 - Fill pool skipped, pool has sufficient level or currently being filled.
2026-08-31T14:46:44.153-04:00 DEBUG 20072 --- [backend] [HikariPool-1 housekeeper] com.zaxxer.hikari.pool.HikariPool        : HikariPool-1 - Pool stats (total=10, active=0, idle=10, waiting=0)
2026-08-31T14:46:44.153-04:00 DEBUG 20072 --- [backend] [HikariPool-1 housekeeper] com.zaxxer.hikari.pool.HikariPool        : HikariPool-1 - Fill pool skipped, pool has sufficient level or currently being filled.
2026-08-31T14:47:14.155-04:00 DEBUG 20072 --- [backend] [HikariPool-1 housekeeper] com.zaxxer.hikari.pool.HikariPool        : HikariPool-1 - Pool stats (total=10, active=0, idle=10, waiting=0)
2026-08-31T14:47:14.155-04:00 DEBUG 20072 --- [backend] [HikariPool-1 housekeeper] com.zaxxer.hikari.pool.HikariPool        : HikariPool-1 - Fill pool skipped, pool has sufficient level or currently being filled.
2026-08-31T14:47:44.156-04:00 DEBUG 20072 --- [backend] [HikariPool-1 housekeeper] com.zaxxer.hikari.pool.HikariPool        : HikariPool-1 - Pool stats (total=10, active=0, idle=10, waiting=0)
2026-08-31T14:47:44.158-04:00 DEBUG 20072 --- [backend] [HikariPool-1 housekeeper] com.zaxxer.hikari.pool.HikariPool        : HikariPool-1 - Fill pool skipped, pool has sufficient level or currently being filled.
2026-08-31T14:48:14.168-04:00 DEBUG 20072 --- [backend] [HikariPool-1 housekeeper] com.zaxxer.hikari.pool.HikariPool        : HikariPool-1 - Pool stats (total=10, active=0, idle=10, waiting=0)
2026-08-31T14:48:14.169-04:00 DEBUG 20072 --- [backend] [HikariPool-1 housekeeper] com.zaxxer.hikari.pool.HikariPool        : HikariPool-1 - Fill pool skipped, pool has sufficient level or currently being filled.
2026-08-31T14:48:44.171-04:00 DEBUG 20072 --- [backend] [HikariPool-1 housekeeper] com.zaxxer.hikari.pool.HikariPool        : HikariPool-1 - Pool stats (total=10, active=0, idle=10, waiting=0)
2026-08-31T14:48:44.171-04:00 DEBUG 20072 --- [backend] [HikariPool-1 housekeeper] com.zaxxer.hikari.pool.HikariPool        : HikariPool-1 - Fill pool skipped, pool has sufficient level or currently being filled.
2026-08-31T14:49:14.183-04:00 DEBUG 20072 --- [backend] [HikariPool-1 housekeeper] com.zaxxer.hikari.pool.HikariPool        : HikariPool-1 - Pool stats (total=10, active=0, idle=10, waiting=0)
2026-08-31T14:49:14.184-04:00 DEBUG 20072 --- [backend] [HikariPool-1 housekeeper] com.zaxxer.hikari.pool.HikariPool        : HikariPool-1 - Fill pool skipped, pool has sufficient level or currently being filled.
2026-08-31T14:49:44.185-04:00 DEBUG 20072 --- [backend] [HikariPool-1 housekeeper] com.zaxxer.hikari.pool.HikariPool        : HikariPool-1 - Pool stats (total=10, active=0, idle=10, waiting=0)
2026-08-31T14:49:44.185-04:00 DEBUG 20072 --- [backend] [HikariPool-1 housekeeper] com.zaxxer.hikari.pool.HikariPool        : HikariPool-1 - Fill pool skipped, pool has sufficient level or currently being filled.
2026-08-31T14:50:14.193-04:00 DEBUG 20072 --- [backend] [HikariPool-1 housekeeper] com.zaxxer.hikari.pool.HikariPool        : HikariPool-1 - Pool stats (total=10, active=0, idle=10, waiting=0)
2026-08-31T14:50:14.193-04:00 DEBUG 20072 --- [backend] [HikariPool-1 housekeeper] com.zaxxer.hikari.pool.HikariPool        : HikariPool-1 - Fill pool skipped, pool has sufficient level or currently being filled.
2026-08-31T14:50:44.203-04:00 DEBUG 20072 --- [backend] [HikariPool-1 housekeeper] com.zaxxer.hikari.pool.HikariPool        : HikariPool-1 - Pool stats (total=10, active=0, idle=10, waiting=0)
2026-08-31T14:50:44.203-04:00 DEBUG 20072 --- [backend] [HikariPool-1 housekeeper] com.zaxxer.hikari.pool.HikariPool        : HikariPool-1 - Fill pool skipped, pool has sufficient level or currently being filled.
2026-08-31T14:51:14.208-04:00 DEBUG 20072 --- [backend] [HikariPool-1 housekeeper] com.zaxxer.hikari.pool.HikariPool        : HikariPool-1 - Pool stats (total=10, active=0, idle=10, waiting=0)
2026-08-31T14:51:14.213-04:00 DEBUG 20072 --- [backend] [HikariPool-1 housekeeper] com.zaxxer.hikari.pool.HikariPool        : HikariPool-1 - Fill pool skipped, pool has sufficient level or currently being filled.
2026-08-31T14:51:37.888-04:00 DEBUG 20072 --- [backend] [HikariPool-1 connection closer] com.zaxxer.hikari.pool.PoolBase          : HikariPool-1 - Closing connection com.mysql.cj.jdbc.ConnectionImpl@17b948c3: (connection has passed maxLifetime)
2026-08-31T14:51:37.916-04:00 DEBUG 20072 --- [backend] [HikariPool-1 connection adder] com.zaxxer.hikari.pool.HikariPool        : HikariPool-1 - Added connection com.mysql.cj.jdbc.ConnectionImpl@389a52d2
2026-08-31T14:51:37.950-04:00 DEBUG 20072 --- [backend] [HikariPool-1 connection adder] com.zaxxer.hikari.pool.HikariPool        : HikariPool-1 - Connection not added, stats (total=10, active=0, idle=10, waiting=0)
2026-08-31T14:51:44.221-04:00 DEBUG 20072 --- [backend] [HikariPool-1 housekeeper] com.zaxxer.hikari.pool.HikariPool        : HikariPool-1 - Pool stats (total=10, active=0, idle=10, waiting=0)
2026-08-31T14:51:44.221-04:00 DEBUG 20072 --- [backend] [HikariPool-1 housekeeper] com.zaxxer.hikari.pool.HikariPool        : HikariPool-1 - Fill pool skipped, pool has sufficient level or currently being filled.
2026-08-31T14:51:51.923-04:00 DEBUG 20072 --- [backend] [HikariPool-1 connection closer] com.zaxxer.hikari.pool.PoolBase          : HikariPool-1 - Closing connection com.mysql.cj.jdbc.ConnectionImpl@70d9e7b4: (connection has passed maxLifetime)
2026-08-31T14:51:51.951-04:00 DEBUG 20072 --- [backend] [HikariPool-1 connection adder] com.zaxxer.hikari.pool.HikariPool        : HikariPool-1 - Added connection com.mysql.cj.jdbc.ConnectionImpl@a81140f
2026-08-31T14:51:51.985-04:00 DEBUG 20072 --- [backend] [HikariPool-1 connection adder] com.zaxxer.hikari.pool.HikariPool        : HikariPool-1 - Connection not added, stats (total=10, active=0, idle=10, waiting=0)
2026-08-31T14:52:10.989-04:00 DEBUG 20072 --- [backend] [HikariPool-1 connection closer] com.zaxxer.hikari.pool.PoolBase          : HikariPool-1 - Closing connection com.mysql.cj.jdbc.ConnectionImpl@4d0c4ff8: (connection has passed maxLifetime)
2026-08-31T14:52:11.015-04:00 DEBUG 20072 --- [backend] [HikariPool-1 connection adder] com.zaxxer.hikari.pool.HikariPool        : HikariPool-1 - Added connection com.mysql.cj.jdbc.ConnectionImpl@63683b11
2026-08-31T14:52:11.052-04:00 DEBUG 20072 --- [backend] [HikariPool-1 connection adder] com.zaxxer.hikari.pool.HikariPool        : HikariPool-1 - Connection not added, stats (total=10, active=0, idle=10, waiting=0)
2026-08-31T14:52:14.225-04:00 DEBUG 20072 --- [backend] [HikariPool-1 housekeeper] com.zaxxer.hikari.pool.HikariPool        : HikariPool-1 - Pool stats (total=10, active=0, idle=10, waiting=0)
2026-08-31T14:52:14.225-04:00 DEBUG 20072 --- [backend] [HikariPool-1 housekeeper] com.zaxxer.hikari.pool.HikariPool        : HikariPool-1 - Fill pool skipped, pool has sufficient level or currently being filled.
2026-08-31T14:52:18.674-04:00 DEBUG 20072 --- [backend] [HikariPool-1 connection closer] com.zaxxer.hikari.pool.PoolBase          : HikariPool-1 - Closing connection com.mysql.cj.jdbc.ConnectionImpl@67feb2e3: (connection has passed maxLifetime)
2026-08-31T14:52:18.706-04:00 DEBUG 20072 --- [backend] [HikariPool-1 connection adder] com.zaxxer.hikari.pool.HikariPool        : HikariPool-1 - Added connection com.mysql.cj.jdbc.ConnectionImpl@4d97b8d3
2026-08-31T14:52:18.751-04:00 DEBUG 20072 --- [backend] [HikariPool-1 connection adder] com.zaxxer.hikari.pool.HikariPool        : HikariPool-1 - Connection not added, stats (total=10, active=0, idle=10, waiting=0)
2026-08-31T14:52:18.789-04:00 DEBUG 20072 --- [backend] [HikariPool-1 connection closer] com.zaxxer.hikari.pool.PoolBase          : HikariPool-1 - Closing connection com.mysql.cj.jdbc.ConnectionImpl@c3145c3: (connection has passed maxLifetime)
2026-08-31T14:52:18.812-04:00 DEBUG 20072 --- [backend] [HikariPool-1 connection adder] com.zaxxer.hikari.pool.HikariPool        : HikariPool-1 - Added connection com.mysql.cj.jdbc.ConnectionImpl@caab2e8
2026-08-31T14:52:18.851-04:00 DEBUG 20072 --- [backend] [HikariPool-1 connection adder] com.zaxxer.hikari.pool.HikariPool        : HikariPool-1 - Connection not added, stats (total=10, active=0, idle=10, waiting=0)
2026-08-31T14:52:21.486-04:00 DEBUG 20072 --- [backend] [HikariPool-1 connection closer] com.zaxxer.hikari.pool.PoolBase          : HikariPool-1 - Closing connection com.mysql.cj.jdbc.ConnectionImpl@361c6c31: (connection has passed maxLifetime)
2026-08-31T14:52:21.509-04:00 DEBUG 20072 --- [backend] [HikariPool-1 connection adder] com.zaxxer.hikari.pool.HikariPool        : HikariPool-1 - Added connection com.mysql.cj.jdbc.ConnectionImpl@3d6cfbe8
2026-08-31T14:52:21.550-04:00 DEBUG 20072 --- [backend] [HikariPool-1 connection adder] com.zaxxer.hikari.pool.HikariPool        : HikariPool-1 - Connection not added, stats (total=10, active=0, idle=10, waiting=0)
2026-08-31T14:52:29.016-04:00 DEBUG 20072 --- [backend] [HikariPool-1 connection closer] com.zaxxer.hikari.pool.PoolBase          : HikariPool-1 - Closing connection com.mysql.cj.jdbc.ConnectionImpl@46ec4797: (connection has passed maxLifetime)
2026-08-31T14:52:29.045-04:00 DEBUG 20072 --- [backend] [HikariPool-1 connection adder] com.zaxxer.hikari.pool.HikariPool        : HikariPool-1 - Added connection com.mysql.cj.jdbc.ConnectionImpl@2f8fcf82
2026-08-31T14:52:29.083-04:00 DEBUG 20072 --- [backend] [HikariPool-1 connection adder] com.zaxxer.hikari.pool.HikariPool        : HikariPool-1 - Connection not added, stats (total=10, active=0, idle=10, waiting=0)
2026-08-31T14:52:38.699-04:00 DEBUG 20072 --- [backend] [HikariPool-1 connection closer] com.zaxxer.hikari.pool.PoolBase          : HikariPool-1 - Closing connection com.mysql.cj.jdbc.ConnectionImpl@661749d5: (connection has passed maxLifetime)
2026-08-31T14:52:38.723-04:00 DEBUG 20072 --- [backend] [HikariPool-1 connection adder] com.zaxxer.hikari.pool.HikariPool        : HikariPool-1 - Added connection com.mysql.cj.jdbc.ConnectionImpl@22876af5
2026-08-31T14:52:38.766-04:00 DEBUG 20072 --- [backend] [HikariPool-1 connection adder] com.zaxxer.hikari.pool.HikariPool        : HikariPool-1 - Connection not added, stats (total=10, active=0, idle=10, waiting=0)
2026-08-31T14:52:39.550-04:00 DEBUG 20072 --- [backend] [HikariPool-1 connection closer] com.zaxxer.hikari.pool.PoolBase          : HikariPool-1 - Closing connection com.mysql.cj.jdbc.ConnectionImpl@7d14dac: (connection has passed maxLifetime)
2026-08-31T14:52:39.572-04:00 DEBUG 20072 --- [backend] [HikariPool-1 connection adder] com.zaxxer.hikari.pool.HikariPool        : HikariPool-1 - Added connection com.mysql.cj.jdbc.ConnectionImpl@63ba60ce
2026-08-31T14:52:39.616-04:00 DEBUG 20072 --- [backend] [HikariPool-1 connection adder] com.zaxxer.hikari.pool.HikariPool        : HikariPool-1 - Connection not added, stats (total=10, active=0, idle=10, waiting=0)
2026-08-31T14:52:44.225-04:00 DEBUG 20072 --- [backend] [HikariPool-1 housekeeper] com.zaxxer.hikari.pool.HikariPool        : HikariPool-1 - Pool stats (total=10, active=0, idle=10, waiting=0)
2026-08-31T14:52:44.225-04:00 DEBUG 20072 --- [backend] [HikariPool-1 housekeeper] com.zaxxer.hikari.pool.HikariPool        : HikariPool-1 - Fill pool skipped, pool has sufficient level or currently being filled.
2026-08-31T14:52:51.866-04:00 DEBUG 20072 --- [backend] [HikariPool-1 connection closer] com.zaxxer.hikari.pool.PoolBase          : HikariPool-1 - Closing connection com.mysql.cj.jdbc.ConnectionImpl@272a43ee: (connection has passed maxLifetime)
2026-08-31T14:52:51.896-04:00 DEBUG 20072 --- [backend] [HikariPool-1 connection adder] com.zaxxer.hikari.pool.HikariPool        : HikariPool-1 - Added connection com.mysql.cj.jdbc.ConnectionImpl@68bc678a
2026-08-31T14:52:51.929-04:00 DEBUG 20072 --- [backend] [HikariPool-1 connection adder] com.zaxxer.hikari.pool.HikariPool        : HikariPool-1 - Connection not added, stats (total=10, active=0, idle=10, waiting=0)
2026-08-31T14:53:14.243-04:00 DEBUG 20072 --- [backend] [HikariPool-1 housekeeper] com.zaxxer.hikari.pool.HikariPool        : HikariPool-1 - Pool stats (total=10, active=0, idle=10, waiting=0)
2026-08-31T14:53:14.243-04:00 DEBUG 20072 --- [backend] [HikariPool-1 housekeeper] com.zaxxer.hikari.pool.HikariPool        : HikariPool-1 - Fill pool skipped, pool has sufficient level or currently being filled.
2026-08-31T14:53:44.246-04:00 DEBUG 20072 --- [backend] [HikariPool-1 housekeeper] com.zaxxer.hikari.pool.HikariPool        : HikariPool-1 - Pool stats (total=10, active=0, idle=10, waiting=0)
2026-08-31T14:53:44.246-04:00 DEBUG 20072 --- [backend] [HikariPool-1 housekeeper] com.zaxxer.hikari.pool.HikariPool        : HikariPool-1 - Fill pool skipped, pool has sufficient level or currently being filled.
2026-08-31T14:54:14.261-04:00 DEBUG 20072 --- [backend] [HikariPool-1 housekeeper] com.zaxxer.hikari.pool.HikariPool        : HikariPool-1 - Pool stats (total=10, active=0, idle=10, waiting=0)
2026-08-31T14:54:14.261-04:00 DEBUG 20072 --- [backend] [HikariPool-1 housekeeper] com.zaxxer.hikari.pool.HikariPool        : HikariPool-1 - Fill pool skipped, pool has sufficient level or currently being filled.
2026-08-31T14:54:44.268-04:00 DEBUG 20072 --- [backend] [HikariPool-1 housekeeper] com.zaxxer.hikari.pool.HikariPool        : HikariPool-1 - Pool stats (total=10, active=0, idle=10, waiting=0)
2026-08-31T14:54:44.268-04:00 DEBUG 20072 --- [backend] [HikariPool-1 housekeeper] com.zaxxer.hikari.pool.HikariPool        : HikariPool-1 - Fill pool skipped, pool has sufficient level or currently being filled.
2026-08-31T14:55:14.273-04:00 DEBUG 20072 --- [backend] [HikariPool-1 housekeeper] com.zaxxer.hikari.pool.HikariPool        : HikariPool-1 - Pool stats (total=10, active=0, idle=10, waiting=0)
2026-08-31T14:55:14.273-04:00 DEBUG 20072 --- [backend] [HikariPool-1 housekeeper] com.zaxxer.hikari.pool.HikariPool        : HikariPool-1 - Fill pool skipped, pool has sufficient level or currently being filled.
2026-08-31T14:55:44.280-04:00 DEBUG 20072 --- [backend] [HikariPool-1 housekeeper] com.zaxxer.hikari.pool.HikariPool        : HikariPool-1 - Pool stats (total=10, active=0, idle=10, waiting=0)
2026-08-31T14:55:44.280-04:00 DEBUG 20072 --- [backend] [HikariPool-1 housekeeper] com.zaxxer.hikari.pool.HikariPool        : HikariPool-1 - Fill pool skipped, pool has sufficient level or currently being filled.
2026-08-31T14:56:14.283-04:00 DEBUG 20072 --- [backend] [HikariPool-1 housekeeper] com.zaxxer.hikari.pool.HikariPool        : HikariPool-1 - Pool stats (total=10, active=0, idle=10, waiting=0)
2026-08-31T14:56:14.283-04:00 DEBUG 20072 --- [backend] [HikariPool-1 housekeeper] com.zaxxer.hikari.pool.HikariPool        : HikariPool-1 - Fill pool skipped, pool has sufficient level or currently being filled.
2026-08-31T14:56:44.292-04:00 DEBUG 20072 --- [backend] [HikariPool-1 housekeeper] com.zaxxer.hikari.pool.HikariPool        : HikariPool-1 - Pool stats (total=10, active=0, idle=10, waiting=0)
2026-08-31T14:56:44.292-04:00 DEBUG 20072 --- [backend] [HikariPool-1 housekeeper] com.zaxxer.hikari.pool.HikariPool        : HikariPool-1 - Fill pool skipped, pool has sufficient level or currently being filled.
2026-08-31T14:57:14.300-04:00 DEBUG 20072 --- [backend] [HikariPool-1 housekeeper] com.zaxxer.hikari.pool.HikariPool        : HikariPool-1 - Pool stats (total=10, active=0, idle=10, waiting=0)
2026-08-31T14:57:14.300-04:00 DEBUG 20072 --- [backend] [HikariPool-1 housekeeper] com.zaxxer.hikari.pool.HikariPool        : HikariPool-1 - Fill pool skipped, pool has sufficient level or currently being filled.
2026-08-31T14:57:44.302-04:00 DEBUG 20072 --- [backend] [HikariPool-1 housekeeper] com.zaxxer.hikari.pool.HikariPool        : HikariPool-1 - Pool stats (total=10, active=0, idle=10, waiting=0)
2026-08-31T14:57:44.302-04:00 DEBUG 20072 --- [backend] [HikariPool-1 housekeeper] com.zaxxer.hikari.pool.HikariPool        : HikariPool-1 - Fill pool skipped, pool has sufficient level or currently being filled.
2026-08-31T14:58:14.313-04:00 DEBUG 20072 --- [backend] [HikariPool-1 housekeeper] com.zaxxer.hikari.pool.HikariPool        : HikariPool-1 - Pool stats (total=10, active=0, idle=10, waiting=0)
2026-08-31T14:58:14.313-04:00 DEBUG 20072 --- [backend] [HikariPool-1 housekeeper] com.zaxxer.hikari.pool.HikariPool        : HikariPool-1 - Fill pool skipped, pool has sufficient level or currently being filled.
2026-08-31T14:58:44.327-04:00 DEBUG 20072 --- [backend] [HikariPool-1 housekeeper] com.zaxxer.hikari.pool.HikariPool        : HikariPool-1 - Pool stats (total=10, active=0, idle=10, waiting=0)
2026-08-31T14:58:44.327-04:00 DEBUG 20072 --- [backend] [HikariPool-1 housekeeper] com.zaxxer.hikari.pool.HikariPool        : HikariPool-1 - Fill pool skipped, pool has sufficient level or currently being filled.
2026-08-31T14:59:14.330-04:00 DEBUG 20072 --- [backend] [HikariPool-1 housekeeper] com.zaxxer.hikari.pool.HikariPool        : HikariPool-1 - Pool stats (total=10, active=0, idle=10, waiting=0)
2026-08-31T14:59:14.330-04:00 DEBUG 20072 --- [backend] [HikariPool-1 housekeeper] com.zaxxer.hikari.pool.HikariPool        : HikariPool-1 - Fill pool skipped, pool has sufficient level or currently being filled.
2026-08-31T14:59:44.345-04:00 DEBUG 20072 --- [backend] [HikariPool-1 housekeeper] com.zaxxer.hikari.pool.HikariPool        : HikariPool-1 - Pool stats (total=10, active=0, idle=10, waiting=0)
2026-08-31T14:59:44.358-04:00 DEBUG 20072 --- [backend] [HikariPool-1 housekeeper] com.zaxxer.hikari.pool.HikariPool        : HikariPool-1 - Fill pool skipped, pool has sufficient level or currently being filled.
2026-08-31T15:00:14.371-04:00 DEBUG 20072 --- [backend] [HikariPool-1 housekeeper] com.zaxxer.hikari.pool.HikariPool        : HikariPool-1 - Pool stats (total=10, active=0, idle=10, waiting=0)
2026-08-31T15:00:14.371-04:00 DEBUG 20072 --- [backend] [HikariPool-1 housekeeper] com.zaxxer.hikari.pool.HikariPool        : HikariPool-1 - Fill pool skipped, pool has sufficient level or currently being filled.
2026-08-31T15:00:44.386-04:00 DEBUG 20072 --- [backend] [HikariPool-1 housekeeper] com.zaxxer.hikari.pool.HikariPool        : HikariPool-1 - Pool stats (total=10, active=0, idle=10, waiting=0)
2026-08-31T15:00:44.386-04:00 DEBUG 20072 --- [backend] [HikariPool-1 housekeeper] com.zaxxer.hikari.pool.HikariPool        : HikariPool-1 - Fill pool skipped, pool has sufficient level or currently being filled.
2026-08-31T15:01:14.400-04:00 DEBUG 20072 --- [backend] [HikariPool-1 housekeeper] com.zaxxer.hikari.pool.HikariPool        : HikariPool-1 - Pool stats (total=10, active=0, idle=10, waiting=0)
2026-08-31T15:01:14.400-04:00 DEBUG 20072 --- [backend] [HikariPool-1 housekeeper] com.zaxxer.hikari.pool.HikariPool        : HikariPool-1 - Fill pool skipped, pool has sufficient level or currently being filled.
2026-08-31T15:01:44.414-04:00 DEBUG 20072 --- [backend] [HikariPool-1 housekeeper] com.zaxxer.hikari.pool.HikariPool        : HikariPool-1 - Pool stats (total=10, active=0, idle=10, waiting=0)
2026-08-31T15:01:44.414-04:00 DEBUG 20072 --- [backend] [HikariPool-1 housekeeper] com.zaxxer.hikari.pool.HikariPool        : HikariPool-1 - Fill pool skipped, pool has sufficient level or currently being filled.
2026-08-31T15:02:14.429-04:00 DEBUG 20072 --- [backend] [HikariPool-1 housekeeper] com.zaxxer.hikari.pool.HikariPool        : HikariPool-1 - Pool stats (total=10, active=0, idle=10, waiting=0)
2026-08-31T15:02:14.429-04:00 DEBUG 20072 --- [backend] [HikariPool-1 housekeeper] com.zaxxer.hikari.pool.HikariPool        : HikariPool-1 - Fill pool skipped, pool has sufficient level or currently being filled.
2026-08-31T15:02:44.430-04:00 DEBUG 20072 --- [backend] [HikariPool-1 housekeeper] com.zaxxer.hikari.pool.HikariPool        : HikariPool-1 - Pool stats (total=10, active=0, idle=10, waiting=0)
2026-08-31T15:02:44.430-04:00 DEBUG 20072 --- [backend] [HikariPool-1 housekeeper] com.zaxxer.hikari.pool.HikariPool        : HikariPool-1 - Fill pool skipped, pool has sufficient level or currently being filled.
2026-08-31T15:03:14.444-04:00 DEBUG 20072 --- [backend] [HikariPool-1 housekeeper] com.zaxxer.hikari.pool.HikariPool        : HikariPool-1 - Pool stats (total=10, active=0, idle=10, waiting=0)
2026-08-31T15:03:14.444-04:00 DEBUG 20072 --- [backend] [HikariPool-1 housekeeper] com.zaxxer.hikari.pool.HikariPool        : HikariPool-1 - Fill pool skipped, pool has sufficient level or currently being filled.
2026-08-31T15:03:44.444-04:00 DEBUG 20072 --- [backend] [HikariPool-1 housekeeper] com.zaxxer.hikari.pool.HikariPool        : HikariPool-1 - Pool stats (total=10, active=0, idle=10, waiting=0)
2026-08-31T15:03:44.444-04:00 DEBUG 20072 --- [backend] [HikariPool-1 housekeeper] com.zaxxer.hikari.pool.HikariPool        : HikariPool-1 - Fill pool skipped, pool has sufficient level or currently being filled.
2026-08-31T15:04:14.456-04:00 DEBUG 20072 --- [backend] [HikariPool-1 housekeeper] com.zaxxer.hikari.pool.HikariPool        : HikariPool-1 - Pool stats (total=10, active=0, idle=10, waiting=0)
2026-08-31T15:04:14.456-04:00 DEBUG 20072 --- [backend] [HikariPool-1 housekeeper] com.zaxxer.hikari.pool.HikariPool        : HikariPool-1 - Fill pool skipped, pool has sufficient level or currently being filled.
2026-08-31T15:04:44.471-04:00 DEBUG 20072 --- [backend] [HikariPool-1 housekeeper] com.zaxxer.hikari.pool.HikariPool        : HikariPool-1 - Pool stats (total=10, active=0, idle=10, waiting=0)
2026-08-31T15:04:44.471-04:00 DEBUG 20072 --- [backend] [HikariPool-1 housekeeper] com.zaxxer.hikari.pool.HikariPool        : HikariPool-1 - Fill pool skipped, pool has sufficient level or currently being filled.
2026-08-31T15:05:14.486-04:00 DEBUG 20072 --- [backend] [HikariPool-1 housekeeper] com.zaxxer.hikari.pool.HikariPool        : HikariPool-1 - Pool stats (total=10, active=0, idle=10, waiting=0)
2026-08-31T15:05:14.486-04:00 DEBUG 20072 --- [backend] [HikariPool-1 housekeeper] com.zaxxer.hikari.pool.HikariPool        : HikariPool-1 - Fill pool skipped, pool has sufficient level or currently being filled.
2026-08-31T15:05:44.501-04:00 DEBUG 20072 --- [backend] [HikariPool-1 housekeeper] com.zaxxer.hikari.pool.HikariPool        : HikariPool-1 - Pool stats (total=10, active=0, idle=10, waiting=0)
2026-08-31T15:05:44.501-04:00 DEBUG 20072 --- [backend] [HikariPool-1 housekeeper] com.zaxxer.hikari.pool.HikariPool        : HikariPool-1 - Fill pool skipped, pool has sufficient level or currently being filled.
2026-08-31T15:06:14.514-04:00 DEBUG 20072 --- [backend] [HikariPool-1 housekeeper] com.zaxxer.hikari.pool.HikariPool        : HikariPool-1 - Pool stats (total=10, active=0, idle=10, waiting=0)
2026-08-31T15:06:14.514-04:00 DEBUG 20072 --- [backend] [HikariPool-1 housekeeper] com.zaxxer.hikari.pool.HikariPool        : HikariPool-1 - Fill pool skipped, pool has sufficient level or currently being filled.
2026-08-31T15:06:44.528-04:00 DEBUG 20072 --- [backend] [HikariPool-1 housekeeper] com.zaxxer.hikari.pool.HikariPool        : HikariPool-1 - Pool stats (total=10, active=0, idle=10, waiting=0)
2026-08-31T15:06:44.528-04:00 DEBUG 20072 --- [backend] [HikariPool-1 housekeeper] com.zaxxer.hikari.pool.HikariPool        : HikariPool-1 - Fill pool skipped, pool has sufficient level or currently being filled.
2026-08-31T15:07:14.529-04:00 DEBUG 20072 --- [backend] [HikariPool-1 housekeeper] com.zaxxer.hikari.pool.HikariPool        : HikariPool-1 - Pool stats (total=10, active=0, idle=10, waiting=0)
2026-08-31T15:07:14.529-04:00 DEBUG 20072 --- [backend] [HikariPool-1 housekeeper] com.zaxxer.hikari.pool.HikariPool        : HikariPool-1 - Fill pool skipped, pool has sufficient level or currently being filled.
2026-08-31T15:07:44.534-04:00 DEBUG 20072 --- [backend] [HikariPool-1 housekeeper] com.zaxxer.hikari.pool.HikariPool        : HikariPool-1 - Pool stats (total=10, active=0, idle=10, waiting=0)
2026-08-31T15:07:44.534-04:00 DEBUG 20072 --- [backend] [HikariPool-1 housekeeper] com.zaxxer.hikari.pool.HikariPool        : HikariPool-1 - Fill pool skipped, pool has sufficient level or currently being filled.
2026-08-31T15:08:14.540-04:00 DEBUG 20072 --- [backend] [HikariPool-1 housekeeper] com.zaxxer.hikari.pool.HikariPool        : HikariPool-1 - Pool stats (total=10, active=0, idle=10, waiting=0)
2026-08-31T15:08:14.540-04:00 DEBUG 20072 --- [backend] [HikariPool-1 housekeeper] com.zaxxer.hikari.pool.HikariPool        : HikariPool-1 - Fill pool skipped, pool has sufficient level or currently being filled.
2026-08-31T15:08:44.540-04:00 DEBUG 20072 --- [backend] [HikariPool-1 housekeeper] com.zaxxer.hikari.pool.HikariPool        : HikariPool-1 - Pool stats (total=10, active=0, idle=10, waiting=0)
2026-08-31T15:08:44.540-04:00 DEBUG 20072 --- [backend] [HikariPool-1 housekeeper] com.zaxxer.hikari.pool.HikariPool        : HikariPool-1 - Fill pool skipped, pool has sufficient level or currently being filled.
2026-08-31T15:09:14.541-04:00 DEBUG 20072 --- [backend] [HikariPool-1 housekeeper] com.zaxxer.hikari.pool.HikariPool        : HikariPool-1 - Pool stats (total=10, active=0, idle=10, waiting=0)
2026-08-31T15:09:14.541-04:00 DEBUG 20072 --- [backend] [HikariPool-1 housekeeper] com.zaxxer.hikari.pool.HikariPool        : HikariPool-1 - Fill pool skipped, pool has sufficient level or currently being filled.
2026-08-31T15:09:44.545-04:00 DEBUG 20072 --- [backend] [HikariPool-1 housekeeper] com.zaxxer.hikari.pool.HikariPool        : HikariPool-1 - Pool stats (total=10, active=0, idle=10, waiting=0)
2026-08-31T15:09:44.545-04:00 DEBUG 20072 --- [backend] [HikariPool-1 housekeeper] com.zaxxer.hikari.pool.HikariPool        : HikariPool-1 - Fill pool skipped, pool has sufficient level or currently being filled.
2026-08-31T15:10:14.550-04:00 DEBUG 20072 --- [backend] [HikariPool-1 housekeeper] com.zaxxer.hikari.pool.HikariPool        : HikariPool-1 - Pool stats (total=10, active=0, idle=10, waiting=0)
2026-08-31T15:10:14.551-04:00 DEBUG 20072 --- [backend] [HikariPool-1 housekeeper] com.zaxxer.hikari.pool.HikariPool        : HikariPool-1 - Fill pool skipped, pool has sufficient level or currently being filled.
2026-08-31T15:10:44.565-04:00 DEBUG 20072 --- [backend] [HikariPool-1 housekeeper] com.zaxxer.hikari.pool.HikariPool        : HikariPool-1 - Pool stats (total=10, active=0, idle=10, waiting=0)
2026-08-31T15:10:44.565-04:00 DEBUG 20072 --- [backend] [HikariPool-1 housekeeper] com.zaxxer.hikari.pool.HikariPool        : HikariPool-1 - Fill pool skipped, pool has sufficient level or currently being filled.
2026-08-31T15:11:14.580-04:00 DEBUG 20072 --- [backend] [HikariPool-1 housekeeper] com.zaxxer.hikari.pool.HikariPool        : HikariPool-1 - Pool stats (total=10, active=0, idle=10, waiting=0)
2026-08-31T15:11:14.580-04:00 DEBUG 20072 --- [backend] [HikariPool-1 housekeeper] com.zaxxer.hikari.pool.HikariPool        : HikariPool-1 - Fill pool skipped, pool has sufficient level or currently being filled.
2026-08-31T15:11:44.590-04:00 DEBUG 20072 --- [backend] [HikariPool-1 housekeeper] com.zaxxer.hikari.pool.HikariPool        : HikariPool-1 - Pool stats (total=10, active=0, idle=10, waiting=0)
2026-08-31T15:11:44.590-04:00 DEBUG 20072 --- [backend] [HikariPool-1 housekeeper] com.zaxxer.hikari.pool.HikariPool        : HikariPool-1 - Fill pool skipped, pool has sufficient level or currently being filled.
2026-08-31T15:12:14.593-04:00 DEBUG 20072 --- [backend] [HikariPool-1 housekeeper] com.zaxxer.hikari.pool.HikariPool        : HikariPool-1 - Pool stats (total=10, active=0, idle=10, waiting=0)
2026-08-31T15:12:14.593-04:00 DEBUG 20072 --- [backend] [HikariPool-1 housekeeper] com.zaxxer.hikari.pool.HikariPool        : HikariPool-1 - Fill pool skipped, pool has sufficient level or currently being filled.
2026-08-31T15:12:44.600-04:00 DEBUG 20072 --- [backend] [HikariPool-1 housekeeper] com.zaxxer.hikari.pool.HikariPool        : HikariPool-1 - Pool stats (total=10, active=0, idle=10, waiting=0)
2026-08-31T15:12:44.600-04:00 DEBUG 20072 --- [backend] [HikariPool-1 housekeeper] com.zaxxer.hikari.pool.HikariPool        : HikariPool-1 - Fill pool skipped, pool has sufficient level or currently being filled.
2026-08-31T15:13:14.605-04:00 DEBUG 20072 --- [backend] [HikariPool-1 housekeeper] com.zaxxer.hikari.pool.HikariPool        : HikariPool-1 - Pool stats (total=10, active=0, idle=10, waiting=0)
2026-08-31T15:13:14.606-04:00 DEBUG 20072 --- [backend] [HikariPool-1 housekeeper] com.zaxxer.hikari.pool.HikariPool        : HikariPool-1 - Fill pool skipped, pool has sufficient level or currently being filled.
2026-08-31T15:13:44.621-04:00 DEBUG 20072 --- [backend] [HikariPool-1 housekeeper] com.zaxxer.hikari.pool.HikariPool        : HikariPool-1 - Pool stats (total=10, active=0, idle=10, waiting=0)
2026-08-31T15:13:44.621-04:00 DEBUG 20072 --- [backend] [HikariPool-1 housekeeper] com.zaxxer.hikari.pool.HikariPool        : HikariPool-1 - Fill pool skipped, pool has sufficient level or currently being filled.
